{"cameraMode":{"drawMode":0,"name":"Shaded","section":"Shading Mode"},"sceneLighting":true,"audioPlay":false,"sceneViewState":{"m_AlwaysRefresh":false,"showFog":true,"showSkybox":true,"showFlares":true,"showImageEffects":true,"showParticleSystems":true,"showVisualEffectGraphs":true,"m_FxEnabled":true},"in2DMode":false,"pivot":{"x":-282.74176025390627,"y":-193.22531127929688,"z":12.261910438537598},"rotation":{"x":-0.22512729465961457,"y":0.6564433574676514,"z":-0.21538957953453065,"w":-0.6871615052223206},"size":191.24594116210938,"orthographic":false}