{"cameraMode":{"drawMode":0,"name":"Shaded","section":"Shading Mode"},"sceneLighting":false,"audioPlay":false,"sceneViewState":{"m_AlwaysRefresh":false,"showFog":true,"showSkybox":false,"showFlares":true,"showImageEffects":true,"showParticleSystems":true,"showVisualEffectGraphs":true,"m_FxEnabled":true},"in2DMode":false,"pivot":{"x":-0.4801429808139801,"y":-0.3787466287612915,"z":-0.21523559093475343},"rotation":{"x":0.08566970378160477,"y":0.9089273810386658,"z":-0.3362148404121399,"w":0.2313910722732544},"size":0.8953996896743774,"orthographic":false}