{"cameraMode":{"drawMode":0,"name":"Shaded","section":"Shading Mode"},"sceneLighting":false,"audioPlay":false,"sceneViewState":{"m_AlwaysRefresh":false,"showFog":true,"showSkybox":false,"showFlares":true,"showImageEffects":true,"showParticleSystems":true,"showVisualEffectGraphs":true,"m_FxEnabled":true},"in2DMode":false,"pivot":{"x":-0.8041864633560181,"y":-0.08490641415119171,"z":0.18895085155963899},"rotation":{"x":-0.00828543584793806,"y":0.943215548992157,"z":-0.33133217692375185,"w":-0.023790018633008004},"size":0.8953996896743774,"orthographic":false}