{"cameraMode":{"drawMode":0,"name":"Shaded","section":"Shading Mode"},"sceneLighting":false,"audioPlay":false,"sceneViewState":{"m_AlwaysRefresh":false,"showFog":true,"showSkybox":false,"showFlares":true,"showImageEffects":true,"showParticleSystems":true,"showVisualEffectGraphs":true,"m_FxEnabled":true},"in2DMode":false,"pivot":{"x":-0.005488664843142033,"y":-0.44750022888183596,"z":-0.5226867198944092},"rotation":{"x":0.04413275048136711,"y":0.9143447279930115,"z":-0.38906607031822207,"w":0.1035604253411293},"size":1.115830898284912,"orthographic":false}