{"cameraMode":{"drawMode":0,"name":"Shaded","section":"Shading Mode"},"sceneLighting":false,"audioPlay":false,"sceneViewState":{"m_AlwaysRefresh":false,"showFog":true,"showSkybox":false,"showFlares":true,"showImageEffects":true,"showParticleSystems":true,"showVisualEffectGraphs":true,"m_FxEnabled":true},"in2DMode":false,"pivot":{"x":-0.4717658460140228,"y":-0.6150094270706177,"z":-0.6016501188278198},"rotation":{"x":-0.05124842748045921,"y":0.9410889148712158,"z":-0.2899009883403778,"w":-0.16660071909427644},"size":1.2185152769088746,"orthographic":false}