[Licensing::Module] Trying to connect to existing licensing client channel...
Built from '6000.0/staging' branch; Version is '6000.0.61f1 (74a0adb02c31) revision 7643309'; Using compiler version '193933523'; Build Type 'Release'
[Licensing::IpcConnector] Successfully connected to: "LicenseClient-danie" at "2026-04-18T22:00:44.5727551Z"
OS: 'Windows 11  (10.0.26200) 64bit Core' Language: 'pt' Physical Memory: 32332 MB
BatchMode: 1, IsHumanControllingUs: 0, StartBugReporterOnCrash: 0, Is64bit: 1
Date: 2026-04-18T22:00:44Z

COMMAND LINE ARGUMENTS:
C:\Program Files\Unity\Hub\Editor\6000.0.61f1\Editor\Unity.exe
-adb2
-batchMode
-noUpm
-name
AssetImportWorker2
-projectPath
C:/Users/danie/Documents/GitHub/Echoes_of_Dispair/Echoes of Dispair
-logFile
Logs/AssetImportWorker2.log
-srvPort
51443
-licensingIpc
LicenseClient-danie
-job-worker-count
5
-background-job-worker-count
8
-gc-helper-count
1
-name
AssetImport
Successfully changed project path to: C:/Users/danie/Documents/GitHub/Echoes_of_Dispair/Echoes of Dispair
C:/Users/danie/Documents/GitHub/Echoes_of_Dispair/Echoes of Dispair
[UnityMemory] Configuration Parameters - Can be set up in boot.config
    "memorysetup-bucket-allocator-granularity=16"
    "memorysetup-bucket-allocator-bucket-count=8"
    "memorysetup-bucket-allocator-block-size=33554432"
    "memorysetup-bucket-allocator-block-count=8"
    "memorysetup-main-allocator-block-size=16777216"
    "memorysetup-thread-allocator-block-size=16777216"
    "memorysetup-gfx-main-allocator-block-size=16777216"
    "memorysetup-gfx-thread-allocator-block-size=16777216"
    "memorysetup-cache-allocator-block-size=4194304"
    "memorysetup-typetree-allocator-block-size=2097152"
    "memorysetup-profiler-bucket-allocator-granularity=16"
    "memorysetup-profiler-bucket-allocator-bucket-count=8"
    "memorysetup-profiler-bucket-allocator-block-size=33554432"
    "memorysetup-profiler-bucket-allocator-block-count=8"
    "memorysetup-profiler-allocator-block-size=16777216"
    "memorysetup-profiler-editor-allocator-block-size=1048576"
    "memorysetup-temp-allocator-size-main=16777216"
    "memorysetup-job-temp-allocator-block-size=2097152"
    "memorysetup-job-temp-allocator-block-size-background=1048576"
    "memorysetup-job-temp-allocator-reduction-small-platforms=262144"
    "memorysetup-allocator-temp-initial-block-size-main=262144"
    "memorysetup-allocator-temp-initial-block-size-worker=262144"
    "memorysetup-temp-allocator-size-background-worker=32768"
    "memorysetup-temp-allocator-size-job-worker=262144"
    "memorysetup-temp-allocator-size-preload-manager=33554432"
    "memorysetup-temp-allocator-size-nav-mesh-worker=65536"
    "memorysetup-temp-allocator-size-audio-worker=65536"
    "memorysetup-temp-allocator-size-cloud-worker=32768"
    "memorysetup-temp-allocator-size-gi-baking-worker=262144"
    "memorysetup-temp-allocator-size-gi-baking-worker=262144"
    "memorysetup-temp-allocator-size-gi-baking-worker=262144"
    "memorysetup-temp-allocator-size-gi-baking-worker=262144"
    "memorysetup-temp-allocator-size-gi-baking-worker=262144"
    "memorysetup-temp-allocator-size-gfx=262144"
Player connection [19412]  Target information:

Player connection [19412]  * "[IP] 192.168.1.245 [Port] 0 [Flags] 2 [Guid] 3865075336 [EditorId] 3865075336 [Version] 1048832 [Id] WindowsEditor(7,DESKTOP-BF7GFHI) [Debug] 1 [PackageName] WindowsEditor [ProjectName] Editor" 

Player connection [19412] Host joined multi-casting on [225.0.0.222:54997]...
Player connection [19412] Host joined alternative multi-casting on [225.0.0.222:34997]...
JobSystem: Creating JobQueue using job-worker-count value 5
Input System module state changed to: Initialized.
[Physics::Module] Initialized fallback backend.
[Physics::Module] Id: 0xdecafbad
[Licensing::Client] Code 10 while verifying Licensing Client signature (process Id: 12232, path: "C:/Program Files/Unity Hub/UnityLicensingClient_V1/Unity.Licensing.Client.exe")
[Licensing::Module] LicensingClient has failed validation; ignoring
[Licensing::Client] Handshaking with LicensingClient:
  Version:                 1.17.3+a4e98f1
  Session Id:              da09de93ad374f7181203486acfc5610
  Correlation Id:          86ea9cf279f7b150a5f82ece80db1da3
  External correlation Id: 8522418333671811989
  Machine Id:              ns1IhdgJhvidj9r9A3V++lf3kEs=
[Licensing::Module] Successfully connected to LicensingClient on channel: "LicenseClient-danie" (connect: 0.00s, validation: 0.00s, handshake: 0.03s)
[Licensing::IpcConnector] Successfully connected to: "LicenseClient-danie-notifications" at "2026-04-18T22:00:44.5998751Z"
[Licensing::Module] Licensing Background thread has ended after 0.03s
Library Redirect Path: Library/
[Physics::Module] Selected backend.
[Physics::Module] Name: PhysX
[Physics::Module] Id: 0xf2b8ea05
[Physics::Module] SDK Version: 4.1.2
[Physics::Module] Integration Version: 1.0.0
[Physics::Module] Threading Mode: Multi-Threaded
Refreshing native plugins compatible for Editor in 1.05 ms, found 3 plugins.
Preloading 0 native plugins for Editor in 0.00 ms.
Initialize engine version: 6000.0.61f1 (74a0adb02c31)
[Subsystems] Discovering subsystems at path C:/Program Files/Unity/Hub/Editor/6000.0.61f1/Editor/Data/Resources/UnitySubsystems
[Subsystems] Discovering subsystems at path C:/Users/danie/Documents/GitHub/Echoes_of_Dispair/Echoes of Dispair/Assets
GfxDevice: creating device client; kGfxThreadingModeNonThreaded
Direct3D:
    Version:  Direct3D 11.0 [level 11.1]
    Renderer: AMD Radeon RX 7700 XT (ID=0x747e)
    Vendor:   ATI
    VRAM:     12062 MB
    Driver:   32.0.12033.1030
Initialize mono
Mono path[0] = 'C:/Program Files/Unity/Hub/Editor/6000.0.61f1/Editor/Data/Managed'
Mono path[1] = 'C:/Program Files/Unity/Hub/Editor/6000.0.61f1/Editor/Data/MonoBleedingEdge/lib/mono/unityjit-win32'
Mono config path = 'C:/Program Files/Unity/Hub/Editor/6000.0.61f1/Editor/Data/MonoBleedingEdge/etc'
Using monoOptions --debugger-agent=transport=dt_socket,embedding=1,server=y,suspend=n,address=127.0.0.1:56556
Begin MonoManager ReloadAssembly
Registering precompiled unity dll's ...
Register platform support module: C:/Program Files/Unity/Hub/Editor/6000.0.61f1/Editor/Data/PlaybackEngines/WindowsStandaloneSupport/UnityEditor.WindowsStandalone.Extensions.dll
Registered in 0.002528 seconds.
- Loaded All Assemblies, in  0.292 seconds
Native extension for WindowsStandalone target not found
Mono: successfully reloaded assembly
- Finished resetting the current domain, in  0.263 seconds
Domain Reload Profiling: 554ms
	BeginReloadAssembly (89ms)
		ExecutionOrderSort (0ms)
		DisableScriptedObjects (0ms)
		BackupInstance (0ms)
		ReleaseScriptingObjects (0ms)
		CreateAndSetChildDomain (1ms)
	RebuildCommonClasses (31ms)
	RebuildNativeTypeToScriptingClass (9ms)
	initialDomainReloadingComplete (39ms)
	LoadAllAssembliesAndSetupDomain (122ms)
		LoadAssemblies (87ms)
		RebuildTransferFunctionScriptingTraits (0ms)
		AnalyzeDomain (120ms)
			TypeCache.Refresh (118ms)
				TypeCache.ScanAssembly (107ms)
			BuildScriptInfoCaches (0ms)
			ResolveRequiredComponents (0ms)
	FinalizeReload (264ms)
		ReleaseScriptCaches (0ms)
		RebuildScriptCaches (0ms)
		SetupLoadedEditorAssemblies (228ms)
			LogAssemblyErrors (0ms)
			InitializePlatformSupportModulesInManaged (15ms)
			SetLoadedEditorAssemblies (4ms)
			BeforeProcessingInitializeOnLoad (47ms)
			ProcessInitializeOnLoadAttributes (115ms)
			ProcessInitializeOnLoadMethodAttributes (46ms)
			AfterProcessingInitializeOnLoad (0ms)
			EditorAssembliesLoaded (0ms)
		ExecutionOrderSort2 (0ms)
		AwakeInstancesAfterBackupRestoration (0ms)
========================================================================
Worker process is ready to serve import requests
Import Worker Mode flag is 0x00
Begin MonoManager ReloadAssembly
[Licensing::Client] Successfully resolved entitlement details
[Licensing::Module] License group:
  Id: 6872787652608-dan_smcb-UnityProStuXXXX
  Product: Unity Student
  Type: Assigned
  Expiration: 2026-10-18T20:06:43Z
- Loaded All Assemblies, in  0.568 seconds
Refreshing native plugins compatible for Editor in 0.71 ms, found 3 plugins.
Native extension for WindowsStandalone target not found
Package Manager log level set to [2]
[Package Manager] Failed to launch server process. Reason: Unity was launched with the -noUpm command-line argument
[Package Manager] Unable to send message (not connected to server process).
[Package Manager] Cannot connect to Unity Package Manager local server
Mono: successfully reloaded assembly
- Finished resetting the current domain, in  0.553 seconds
Domain Reload Profiling: 1118ms
	BeginReloadAssembly (134ms)
		ExecutionOrderSort (0ms)
		DisableScriptedObjects (6ms)
		BackupInstance (0ms)
		ReleaseScriptingObjects (0ms)
		CreateAndSetChildDomain (27ms)
	RebuildCommonClasses (27ms)
	RebuildNativeTypeToScriptingClass (9ms)
	initialDomainReloadingComplete (31ms)
	LoadAllAssembliesAndSetupDomain (364ms)
		LoadAssemblies (247ms)
		RebuildTransferFunctionScriptingTraits (0ms)
		AnalyzeDomain (185ms)
			TypeCache.Refresh (132ms)
				TypeCache.ScanAssembly (122ms)
			BuildScriptInfoCaches (42ms)
			ResolveRequiredComponents (8ms)
	FinalizeReload (553ms)
		ReleaseScriptCaches (0ms)
		RebuildScriptCaches (0ms)
		SetupLoadedEditorAssemblies (418ms)
			LogAssemblyErrors (0ms)
			InitializePlatformSupportModulesInManaged (2ms)
			SetLoadedEditorAssemblies (4ms)
			BeforeProcessingInitializeOnLoad (87ms)
			ProcessInitializeOnLoadAttributes (283ms)
			ProcessInitializeOnLoadMethodAttributes (38ms)
			AfterProcessingInitializeOnLoad (3ms)
			EditorAssembliesLoaded (0ms)
		ExecutionOrderSort2 (0ms)
		AwakeInstancesAfterBackupRestoration (5ms)
Launched and connected shader compiler UnityShaderCompiler.exe after 0.01 seconds
Refreshing native plugins compatible for Editor in 0.63 ms, found 3 plugins.
Preloading 0 native plugins for Editor in 0.00 ms.
Unloading 13 Unused Serialized files (Serialized files now loaded: 0)
Unloading 6158 unused Assets / (3.8 MB). Loaded Objects now: 6865.
Memory consumption went from 131.2 MB to 127.4 MB.
Total: 5.876700 ms (FindLiveObjects: 0.577800 ms CreateObjectMapping: 0.200600 ms MarkObjects: 3.651700 ms  DeleteObjects: 1.446100 ms)

========================================================================
Received Import Request.
  Time since last request: 8813.578879 seconds.
  path: Assets/Textures/city-info-mat.mat
  artifactKey: Guid(daf823938d445784d92d6bde9f3fdc5b) Importer(815301076,1909f56bfc062723c751e8b465ee728b)
Start importing Assets/Textures/city-info-mat.mat using Guid(daf823938d445784d92d6bde9f3fdc5b) Importer(815301076,1909f56bfc062723c751e8b465ee728b) (PreviewImporter) -> (artifact id: 'aebe7d4c6238f04baab1a33f496e239d') in 0.3198067 seconds
Number of updated asset objects reloaded before import = 0Number of asset objects unloaded after import = 2

========================================================================
Received Import Request.
  Time since last request: 0.629401 seconds.
  path: Assets/Textures/city-info-mat.mat
  artifactKey: Guid(daf823938d445784d92d6bde9f3fdc5b) Importer(2089858483,192608db42251d675da83286b1cce702)
Start importing Assets/Textures/city-info-mat.mat using Guid(daf823938d445784d92d6bde9f3fdc5b) Importer(2089858483,192608db42251d675da83286b1cce702) (ScriptedImporter) -> (artifact id: '166df58e510803d534bce87984f4cfb0') in 0.0996808 seconds
Number of updated asset objects reloaded before import = 0Number of asset objects unloaded after import = 2

========================================================================
Received Import Request.
  Time since last request: 6.119477 seconds.
  path: Assets/Textures/city-info-mat.mat
  artifactKey: Guid(daf823938d445784d92d6bde9f3fdc5b) Importer(815301076,1909f56bfc062723c751e8b465ee728b)
Start importing Assets/Textures/city-info-mat.mat using Guid(daf823938d445784d92d6bde9f3fdc5b) Importer(815301076,1909f56bfc062723c751e8b465ee728b) (PreviewImporter) -> (artifact id: '41c39a081ecec6dcadd750ff4965286e') in 0.0123126 seconds
Number of updated asset objects reloaded before import = 0Number of asset objects unloaded after import = 2

========================================================================
Received Import Request.
  Time since last request: 0.926843 seconds.
  path: Assets/Textures/city-info-mat.mat
  artifactKey: Guid(daf823938d445784d92d6bde9f3fdc5b) Importer(2089858483,192608db42251d675da83286b1cce702)
Start importing Assets/Textures/city-info-mat.mat using Guid(daf823938d445784d92d6bde9f3fdc5b) Importer(2089858483,192608db42251d675da83286b1cce702) (ScriptedImporter) -> (artifact id: '4484657f837bcfad2a1cbbf9bdbfb615') in 0.0112161 seconds
Number of updated asset objects reloaded before import = 0Number of asset objects unloaded after import = 2

========================================================================
Received Import Request.
  Time since last request: 4.251462 seconds.
  path: Assets/Materials/city-info-mat.mat
  artifactKey: Guid(daf823938d445784d92d6bde9f3fdc5b) Importer(2089858483,192608db42251d675da83286b1cce702)
Start importing Assets/Materials/city-info-mat.mat using Guid(daf823938d445784d92d6bde9f3fdc5b) Importer(2089858483,192608db42251d675da83286b1cce702) (ScriptedImporter) -> (artifact id: '7ed8ee10575d3c819145dc7eda51b0d5') in 0.010267 seconds
Number of updated asset objects reloaded before import = 0Number of asset objects unloaded after import = 2

========================================================================
Received Prepare
Begin MonoManager ReloadAssembly
[Licensing::Client] Successfully resolved entitlement details
- Loaded All Assemblies, in  0.505 seconds
Refreshing native plugins compatible for Editor in 0.68 ms, found 3 plugins.
Native extension for WindowsStandalone target not found
[Package Manager] Failed to launch server process. Reason: Unity was launched with the -noUpm command-line argument
[Package Manager] Unable to send message (not connected to server process).
[Package Manager] Cannot connect to Unity Package Manager local server
Mono: successfully reloaded assembly
- Finished resetting the current domain, in  0.485 seconds
Domain Reload Profiling: 991ms
	BeginReloadAssembly (175ms)
		ExecutionOrderSort (0ms)
		DisableScriptedObjects (15ms)
		BackupInstance (0ms)
		ReleaseScriptingObjects (0ms)
		CreateAndSetChildDomain (58ms)
	RebuildCommonClasses (23ms)
	RebuildNativeTypeToScriptingClass (9ms)
	initialDomainReloadingComplete (19ms)
	LoadAllAssembliesAndSetupDomain (279ms)
		LoadAssemblies (208ms)
		RebuildTransferFunctionScriptingTraits (0ms)
		AnalyzeDomain (128ms)
			TypeCache.Refresh (5ms)
				TypeCache.ScanAssembly (0ms)
			BuildScriptInfoCaches (111ms)
			ResolveRequiredComponents (9ms)
	FinalizeReload (486ms)
		ReleaseScriptCaches (0ms)
		RebuildScriptCaches (0ms)
		SetupLoadedEditorAssemblies (371ms)
			LogAssemblyErrors (0ms)
			InitializePlatformSupportModulesInManaged (2ms)
			SetLoadedEditorAssemblies (4ms)
			BeforeProcessingInitializeOnLoad (76ms)
			ProcessInitializeOnLoadAttributes (244ms)
			ProcessInitializeOnLoadMethodAttributes (41ms)
			AfterProcessingInitializeOnLoad (4ms)
			EditorAssembliesLoaded (0ms)
		ExecutionOrderSort2 (0ms)
		AwakeInstancesAfterBackupRestoration (13ms)
Refreshing native plugins compatible for Editor in 1.09 ms, found 3 plugins.
Preloading 0 native plugins for Editor in 0.00 ms.
Unloading 13 Unused Serialized files (Serialized files now loaded: 0)
Unloading 6157 unused Assets / (4.2 MB). Loaded Objects now: 6947.
Memory consumption went from 148.8 MB to 144.7 MB.
Total: 8.267700 ms (FindLiveObjects: 0.975600 ms CreateObjectMapping: 0.385100 ms MarkObjects: 4.262000 ms  DeleteObjects: 2.644000 ms)

Prepare: number of updated asset objects reloaded= 0
========================================================================
Received Prepare
Begin MonoManager ReloadAssembly
- Loaded All Assemblies, in  0.483 seconds
Refreshing native plugins compatible for Editor in 0.50 ms, found 3 plugins.
Native extension for WindowsStandalone target not found
[Package Manager] Failed to launch server process. Reason: Unity was launched with the -noUpm command-line argument
[Package Manager] Unable to send message (not connected to server process).
[Package Manager] Cannot connect to Unity Package Manager local server
Mono: successfully reloaded assembly
- Finished resetting the current domain, in  0.449 seconds
Domain Reload Profiling: 933ms
	BeginReloadAssembly (143ms)
		ExecutionOrderSort (0ms)
		DisableScriptedObjects (4ms)
		BackupInstance (0ms)
		ReleaseScriptingObjects (0ms)
		CreateAndSetChildDomain (41ms)
	RebuildCommonClasses (28ms)
	RebuildNativeTypeToScriptingClass (9ms)
	initialDomainReloadingComplete (19ms)
	LoadAllAssembliesAndSetupDomain (284ms)
		LoadAssemblies (214ms)
		RebuildTransferFunctionScriptingTraits (0ms)
		AnalyzeDomain (127ms)
			TypeCache.Refresh (4ms)
				TypeCache.ScanAssembly (0ms)
			BuildScriptInfoCaches (114ms)
			ResolveRequiredComponents (7ms)
	FinalizeReload (450ms)
		ReleaseScriptCaches (0ms)
		RebuildScriptCaches (0ms)
		SetupLoadedEditorAssemblies (347ms)
			LogAssemblyErrors (0ms)
			InitializePlatformSupportModulesInManaged (1ms)
			SetLoadedEditorAssemblies (3ms)
			BeforeProcessingInitializeOnLoad (75ms)
			ProcessInitializeOnLoadAttributes (228ms)
			ProcessInitializeOnLoadMethodAttributes (36ms)
			AfterProcessingInitializeOnLoad (3ms)
			EditorAssembliesLoaded (0ms)
		ExecutionOrderSort2 (0ms)
		AwakeInstancesAfterBackupRestoration (11ms)
Refreshing native plugins compatible for Editor in 0.86 ms, found 3 plugins.
Preloading 0 native plugins for Editor in 0.00 ms.
Unloading 13 Unused Serialized files (Serialized files now loaded: 0)
Unloading 6156 unused Assets / (4.0 MB). Loaded Objects now: 6950.
Memory consumption went from 148.7 MB to 144.7 MB.
Total: 7.499700 ms (FindLiveObjects: 0.774500 ms CreateObjectMapping: 0.481800 ms MarkObjects: 4.184400 ms  DeleteObjects: 2.058400 ms)

Prepare: number of updated asset objects reloaded= 0
========================================================================
Received Prepare
Begin MonoManager ReloadAssembly
[Licensing::Client] Successfully resolved entitlement details
- Loaded All Assemblies, in  0.473 seconds
Refreshing native plugins compatible for Editor in 0.64 ms, found 3 plugins.
Native extension for WindowsStandalone target not found
[Package Manager] Failed to launch server process. Reason: Unity was launched with the -noUpm command-line argument
[Package Manager] Unable to send message (not connected to server process).
[Package Manager] Cannot connect to Unity Package Manager local server
Mono: successfully reloaded assembly
- Finished resetting the current domain, in  0.478 seconds
Domain Reload Profiling: 952ms
	BeginReloadAssembly (155ms)
		ExecutionOrderSort (0ms)
		DisableScriptedObjects (5ms)
		BackupInstance (0ms)
		ReleaseScriptingObjects (0ms)
		CreateAndSetChildDomain (42ms)
	RebuildCommonClasses (23ms)
	RebuildNativeTypeToScriptingClass (9ms)
	initialDomainReloadingComplete (18ms)
	LoadAllAssembliesAndSetupDomain (270ms)
		LoadAssemblies (216ms)
		RebuildTransferFunctionScriptingTraits (0ms)
		AnalyzeDomain (116ms)
			TypeCache.Refresh (4ms)
				TypeCache.ScanAssembly (0ms)
			BuildScriptInfoCaches (102ms)
			ResolveRequiredComponents (7ms)
	FinalizeReload (478ms)
		ReleaseScriptCaches (0ms)
		RebuildScriptCaches (0ms)
		SetupLoadedEditorAssemblies (376ms)
			LogAssemblyErrors (0ms)
			InitializePlatformSupportModulesInManaged (2ms)
			SetLoadedEditorAssemblies (4ms)
			BeforeProcessingInitializeOnLoad (84ms)
			ProcessInitializeOnLoadAttributes (248ms)
			ProcessInitializeOnLoadMethodAttributes (35ms)
			AfterProcessingInitializeOnLoad (4ms)
			EditorAssembliesLoaded (0ms)
		ExecutionOrderSort2 (0ms)
		AwakeInstancesAfterBackupRestoration (13ms)
Refreshing native plugins compatible for Editor in 0.82 ms, found 3 plugins.
Preloading 0 native plugins for Editor in 0.00 ms.
Unloading 13 Unused Serialized files (Serialized files now loaded: 0)
Unloading 6156 unused Assets / (3.8 MB). Loaded Objects now: 6953.
Memory consumption went from 148.7 MB to 144.9 MB.
Total: 6.365300 ms (FindLiveObjects: 0.729400 ms CreateObjectMapping: 0.386500 ms MarkObjects: 3.369400 ms  DeleteObjects: 1.879200 ms)

Prepare: number of updated asset objects reloaded= 0
========================================================================
Received Import Request.
  Time since last request: 979.185109 seconds.
  path: Assets/Scenes/SampleScene.unity
  artifactKey: Guid(99c9720ab356a0642a771bea13969a05) Importer(2089858483,192608db42251d675da83286b1cce702)
Start importing Assets/Scenes/SampleScene.unity using Guid(99c9720ab356a0642a771bea13969a05) Importer(2089858483,192608db42251d675da83286b1cce702) (ScriptedImporter) -> (artifact id: '8d21efa6877405a351e557af4a8a9189') in 0.1015444 seconds
Number of updated asset objects reloaded before import = 0Number of asset objects unloaded after import = 1

========================================================================
Received Prepare
Refreshing native plugins compatible for Editor in 0.64 ms, found 3 plugins.
Preloading 0 native plugins for Editor in 0.00 ms.
Unloading 13 Unused Serialized files (Serialized files now loaded: 0)
Unloading 6151 unused Assets / (4.4 MB). Loaded Objects now: 6954.
Memory consumption went from 149.0 MB to 144.6 MB.
Total: 8.075400 ms (FindLiveObjects: 1.108900 ms CreateObjectMapping: 0.405500 ms MarkObjects: 4.030600 ms  DeleteObjects: 2.529800 ms)

Prepare: number of updated asset objects reloaded= 0
========================================================================
Received Import Request.
  Time since last request: 7.031834 seconds.
  path: Assets/Scripts/CityInfoPanel.cs
  artifactKey: Guid(8b78ac2dc1a575242925edb3388597a6) Importer(815301076,1909f56bfc062723c751e8b465ee728b)
Start importing Assets/Scripts/CityInfoPanel.cs using Guid(8b78ac2dc1a575242925edb3388597a6) Importer(815301076,1909f56bfc062723c751e8b465ee728b) (PreviewImporter) -> (artifact id: '0bbc6d70b296fdb3949807911ea3eefe') in 0.0007052 seconds
Number of updated asset objects reloaded before import = 0Number of asset objects unloaded after import = 0

========================================================================
Received Import Request.
  Time since last request: 0.692484 seconds.
  path: Assets/Scripts/CityInfoPanel.cs
  artifactKey: Guid(8b78ac2dc1a575242925edb3388597a6) Importer(2089858483,192608db42251d675da83286b1cce702)
Start importing Assets/Scripts/CityInfoPanel.cs using Guid(8b78ac2dc1a575242925edb3388597a6) Importer(2089858483,192608db42251d675da83286b1cce702) (ScriptedImporter) -> (artifact id: 'ec1ae6671d10a6c30d3e1e2eba182666') in 0.040658 seconds
Number of updated asset objects reloaded before import = 0Number of asset objects unloaded after import = 0

========================================================================
Received Prepare
Begin MonoManager ReloadAssembly
[Licensing::Client] Successfully resolved entitlement details
- Loaded All Assemblies, in  0.512 seconds
Refreshing native plugins compatible for Editor in 0.54 ms, found 3 plugins.
Native extension for WindowsStandalone target not found
[Package Manager] Failed to launch server process. Reason: Unity was launched with the -noUpm command-line argument
[Package Manager] Unable to send message (not connected to server process).
[Package Manager] Cannot connect to Unity Package Manager local server
Mono: successfully reloaded assembly
- Finished resetting the current domain, in  0.477 seconds
Domain Reload Profiling: 989ms
	BeginReloadAssembly (173ms)
		ExecutionOrderSort (0ms)
		DisableScriptedObjects (6ms)
		BackupInstance (0ms)
		ReleaseScriptingObjects (0ms)
		CreateAndSetChildDomain (56ms)
	RebuildCommonClasses (28ms)
	RebuildNativeTypeToScriptingClass (8ms)
	initialDomainReloadingComplete (21ms)
	LoadAllAssembliesAndSetupDomain (282ms)
		LoadAssemblies (227ms)
		RebuildTransferFunctionScriptingTraits (0ms)
		AnalyzeDomain (118ms)
			TypeCache.Refresh (6ms)
				TypeCache.ScanAssembly (0ms)
			BuildScriptInfoCaches (102ms)
			ResolveRequiredComponents (7ms)
	FinalizeReload (477ms)
		ReleaseScriptCaches (0ms)
		RebuildScriptCaches (0ms)
		SetupLoadedEditorAssemblies (373ms)
			LogAssemblyErrors (0ms)
			InitializePlatformSupportModulesInManaged (2ms)
			SetLoadedEditorAssemblies (4ms)
			BeforeProcessingInitializeOnLoad (82ms)
			ProcessInitializeOnLoadAttributes (247ms)
			ProcessInitializeOnLoadMethodAttributes (35ms)
			AfterProcessingInitializeOnLoad (3ms)
			EditorAssembliesLoaded (0ms)
		ExecutionOrderSort2 (0ms)
		AwakeInstancesAfterBackupRestoration (10ms)
Refreshing native plugins compatible for Editor in 0.64 ms, found 3 plugins.
Preloading 0 native plugins for Editor in 0.00 ms.
Unloading 13 Unused Serialized files (Serialized files now loaded: 0)
Unloading 6157 unused Assets / (4.0 MB). Loaded Objects now: 6957.
Memory consumption went from 148.8 MB to 144.8 MB.
Total: 6.454000 ms (FindLiveObjects: 0.637100 ms CreateObjectMapping: 0.279800 ms MarkObjects: 3.480200 ms  DeleteObjects: 2.056100 ms)

Prepare: number of updated asset objects reloaded= 0
========================================================================
Received Import Request.
  Time since last request: 4.872399 seconds.
  path: Assets/Scripts/CityInfoPanel.cs
  artifactKey: Guid(8b78ac2dc1a575242925edb3388597a6) Importer(815301076,1909f56bfc062723c751e8b465ee728b)
Start importing Assets/Scripts/CityInfoPanel.cs using Guid(8b78ac2dc1a575242925edb3388597a6) Importer(815301076,1909f56bfc062723c751e8b465ee728b) (PreviewImporter) -> (artifact id: '2016fe0c3ea1de0558b4115d8c9f83a6') in 0.0015002 seconds
Number of updated asset objects reloaded before import = 0Number of asset objects unloaded after import = 0

========================================================================
Received Prepare
Refreshing native plugins compatible for Editor in 0.78 ms, found 3 plugins.
Preloading 0 native plugins for Editor in 0.00 ms.
Unloading 13 Unused Serialized files (Serialized files now loaded: 0)
Unloading 6151 unused Assets / (4.4 MB). Loaded Objects now: 6957.
Memory consumption went from 149.0 MB to 144.6 MB.
Total: 8.645700 ms (FindLiveObjects: 0.967900 ms CreateObjectMapping: 0.460100 ms MarkObjects: 4.617700 ms  DeleteObjects: 2.599300 ms)

Prepare: number of updated asset objects reloaded= 0
========================================================================
Received Prepare
Begin MonoManager ReloadAssembly
- Loaded All Assemblies, in  0.481 seconds
Refreshing native plugins compatible for Editor in 0.61 ms, found 3 plugins.
Native extension for WindowsStandalone target not found
[Package Manager] Failed to launch server process. Reason: Unity was launched with the -noUpm command-line argument
[Package Manager] Unable to send message (not connected to server process).
[Package Manager] Cannot connect to Unity Package Manager local server
Mono: successfully reloaded assembly
- Finished resetting the current domain, in  0.431 seconds
Domain Reload Profiling: 912ms
	BeginReloadAssembly (143ms)
		ExecutionOrderSort (0ms)
		DisableScriptedObjects (4ms)
		BackupInstance (0ms)
		ReleaseScriptingObjects (0ms)
		CreateAndSetChildDomain (39ms)
	RebuildCommonClasses (23ms)
	RebuildNativeTypeToScriptingClass (9ms)
	initialDomainReloadingComplete (22ms)
	LoadAllAssembliesAndSetupDomain (285ms)
		LoadAssemblies (222ms)
		RebuildTransferFunctionScriptingTraits (0ms)
		AnalyzeDomain (121ms)
			TypeCache.Refresh (6ms)
				TypeCache.ScanAssembly (0ms)
			BuildScriptInfoCaches (104ms)
			ResolveRequiredComponents (7ms)
	FinalizeReload (431ms)
		ReleaseScriptCaches (0ms)
		RebuildScriptCaches (0ms)
		SetupLoadedEditorAssemblies (334ms)
			LogAssemblyErrors (0ms)
			InitializePlatformSupportModulesInManaged (2ms)
			SetLoadedEditorAssemblies (3ms)
			BeforeProcessingInitializeOnLoad (75ms)
			ProcessInitializeOnLoadAttributes (221ms)
			ProcessInitializeOnLoadMethodAttributes (30ms)
			AfterProcessingInitializeOnLoad (3ms)
			EditorAssembliesLoaded (0ms)
		ExecutionOrderSort2 (0ms)
		AwakeInstancesAfterBackupRestoration (10ms)
Refreshing native plugins compatible for Editor in 0.61 ms, found 3 plugins.
Preloading 0 native plugins for Editor in 0.00 ms.
Unloading 13 Unused Serialized files (Serialized files now loaded: 0)
Unloading 6157 unused Assets / (3.6 MB). Loaded Objects now: 6960.
Memory consumption went from 148.9 MB to 145.2 MB.
Total: 5.160300 ms (FindLiveObjects: 0.600200 ms CreateObjectMapping: 0.193400 ms MarkObjects: 3.038900 ms  DeleteObjects: 1.327200 ms)

Prepare: number of updated asset objects reloaded= 0
========================================================================
Received Import Request.
  Time since last request: 46.481441 seconds.
  path: Assets/Scripts/CityInfoPanel.cs
  artifactKey: Guid(8b78ac2dc1a575242925edb3388597a6) Importer(2089858483,192608db42251d675da83286b1cce702)
Start importing Assets/Scripts/CityInfoPanel.cs using Guid(8b78ac2dc1a575242925edb3388597a6) Importer(2089858483,192608db42251d675da83286b1cce702) (ScriptedImporter) -> (artifact id: '827227b32dec8f73d91f41970efa4473') in 0.1028193 seconds
Number of updated asset objects reloaded before import = 0Number of asset objects unloaded after import = 0

========================================================================
Received Prepare
Refreshing native plugins compatible for Editor in 0.85 ms, found 3 plugins.
Preloading 0 native plugins for Editor in 0.00 ms.
Unloading 13 Unused Serialized files (Serialized files now loaded: 0)
Unloading 6152 unused Assets / (3.9 MB). Loaded Objects now: 6961.
Memory consumption went from 149.1 MB to 145.2 MB.
Total: 6.111700 ms (FindLiveObjects: 0.626600 ms CreateObjectMapping: 0.215800 ms MarkObjects: 3.636400 ms  DeleteObjects: 1.632400 ms)

Prepare: number of updated asset objects reloaded= 0
========================================================================
Received Import Request.
  Time since last request: 7.468832 seconds.
  path: Assets/Scripts/CityInfoHoverTrigger.cs
  artifactKey: Guid(67ce8d7c3db44b84ab8ccbd6cf892a42) Importer(815301076,1909f56bfc062723c751e8b465ee728b)
Start importing Assets/Scripts/CityInfoHoverTrigger.cs using Guid(67ce8d7c3db44b84ab8ccbd6cf892a42) Importer(815301076,1909f56bfc062723c751e8b465ee728b) (PreviewImporter) -> (artifact id: '6199932b46b621ff5f58009155c11f4e') in 0.0005399 seconds
Number of updated asset objects reloaded before import = 0Number of asset objects unloaded after import = 0

========================================================================
Received Import Request.
  Time since last request: 0.589333 seconds.
  path: Assets/Scripts/CityInfoHoverTrigger.cs
  artifactKey: Guid(67ce8d7c3db44b84ab8ccbd6cf892a42) Importer(2089858483,192608db42251d675da83286b1cce702)
Start importing Assets/Scripts/CityInfoHoverTrigger.cs using Guid(67ce8d7c3db44b84ab8ccbd6cf892a42) Importer(2089858483,192608db42251d675da83286b1cce702) (ScriptedImporter) -> (artifact id: 'beb6c5e64ae06ba5613373d380826f25') in 0.0099607 seconds
Number of updated asset objects reloaded before import = 0Number of asset objects unloaded after import = 0

========================================================================
Received Prepare
Begin MonoManager ReloadAssembly
- Loaded All Assemblies, in  0.617 seconds
Refreshing native plugins compatible for Editor in 0.59 ms, found 3 plugins.
Native extension for WindowsStandalone target not found
[Package Manager] Failed to launch server process. Reason: Unity was launched with the -noUpm command-line argument
[Package Manager] Unable to send message (not connected to server process).
[Package Manager] Cannot connect to Unity Package Manager local server
Mono: successfully reloaded assembly
- Finished resetting the current domain, in  0.487 seconds
Domain Reload Profiling: 1104ms
	BeginReloadAssembly (190ms)
		ExecutionOrderSort (0ms)
		DisableScriptedObjects (4ms)
		BackupInstance (0ms)
		ReleaseScriptingObjects (0ms)
		CreateAndSetChildDomain (60ms)
	RebuildCommonClasses (34ms)
	RebuildNativeTypeToScriptingClass (12ms)
	initialDomainReloadingComplete (25ms)
	LoadAllAssembliesAndSetupDomain (355ms)
		LoadAssemblies (264ms)
		RebuildTransferFunctionScriptingTraits (0ms)
		AnalyzeDomain (168ms)
			TypeCache.Refresh (8ms)
				TypeCache.ScanAssembly (1ms)
			BuildScriptInfoCaches (149ms)
			ResolveRequiredComponents (8ms)
	FinalizeReload (487ms)
		ReleaseScriptCaches (0ms)
		RebuildScriptCaches (0ms)
		SetupLoadedEditorAssemblies (380ms)
			LogAssemblyErrors (0ms)
			InitializePlatformSupportModulesInManaged (2ms)
			SetLoadedEditorAssemblies (5ms)
			BeforeProcessingInitializeOnLoad (92ms)
			ProcessInitializeOnLoadAttributes (242ms)
			ProcessInitializeOnLoadMethodAttributes (36ms)
			AfterProcessingInitializeOnLoad (4ms)
			EditorAssembliesLoaded (0ms)
		ExecutionOrderSort2 (0ms)
		AwakeInstancesAfterBackupRestoration (12ms)
Refreshing native plugins compatible for Editor in 0.60 ms, found 3 plugins.
Preloading 0 native plugins for Editor in 0.00 ms.
Unloading 13 Unused Serialized files (Serialized files now loaded: 0)
Unloading 6158 unused Assets / (4.0 MB). Loaded Objects now: 6964.
Memory consumption went from 148.9 MB to 144.9 MB.
Total: 6.363600 ms (FindLiveObjects: 0.610200 ms CreateObjectMapping: 0.219700 ms MarkObjects: 3.627500 ms  DeleteObjects: 1.905600 ms)

Prepare: number of updated asset objects reloaded= 0
========================================================================
Received Prepare
Refreshing native plugins compatible for Editor in 0.88 ms, found 3 plugins.
Preloading 0 native plugins for Editor in 0.00 ms.
Unloading 13 Unused Serialized files (Serialized files now loaded: 0)
Unloading 6152 unused Assets / (4.2 MB). Loaded Objects now: 6964.
Memory consumption went from 149.1 MB to 144.9 MB.
Total: 8.594400 ms (FindLiveObjects: 1.140700 ms CreateObjectMapping: 0.568600 ms MarkObjects: 4.572200 ms  DeleteObjects: 2.311900 ms)

Prepare: number of updated asset objects reloaded= 0
========================================================================
Received Import Request.
  Time since last request: 12.568428 seconds.
  path: Assets/Scripts/CityInfoHoverTrigger.cs
  artifactKey: Guid(67ce8d7c3db44b84ab8ccbd6cf892a42) Importer(815301076,1909f56bfc062723c751e8b465ee728b)
Start importing Assets/Scripts/CityInfoHoverTrigger.cs using Guid(67ce8d7c3db44b84ab8ccbd6cf892a42) Importer(815301076,1909f56bfc062723c751e8b465ee728b) (PreviewImporter) -> (artifact id: 'bfcafefb78290ec82a99e8867541dc15') in 0.0014439 seconds
Number of updated asset objects reloaded before import = 0Number of asset objects unloaded after import = 0

========================================================================
Received Prepare
Begin MonoManager ReloadAssembly
[Licensing::Client] Successfully resolved entitlement details
- Loaded All Assemblies, in  0.492 seconds
Refreshing native plugins compatible for Editor in 0.88 ms, found 3 plugins.
Native extension for WindowsStandalone target not found
[Package Manager] Failed to launch server process. Reason: Unity was launched with the -noUpm command-line argument
[Package Manager] Unable to send message (not connected to server process).
[Package Manager] Cannot connect to Unity Package Manager local server
Mono: successfully reloaded assembly
- Finished resetting the current domain, in  0.456 seconds
Domain Reload Profiling: 948ms
	BeginReloadAssembly (147ms)
		ExecutionOrderSort (0ms)
		DisableScriptedObjects (4ms)
		BackupInstance (0ms)
		ReleaseScriptingObjects (0ms)
		CreateAndSetChildDomain (38ms)
	RebuildCommonClasses (23ms)
	RebuildNativeTypeToScriptingClass (8ms)
	initialDomainReloadingComplete (21ms)
	LoadAllAssembliesAndSetupDomain (293ms)
		LoadAssemblies (222ms)
		RebuildTransferFunctionScriptingTraits (0ms)
		AnalyzeDomain (131ms)
			TypeCache.Refresh (7ms)
				TypeCache.ScanAssembly (0ms)
			BuildScriptInfoCaches (114ms)
			ResolveRequiredComponents (7ms)
	FinalizeReload (456ms)
		ReleaseScriptCaches (0ms)
		RebuildScriptCaches (0ms)
		SetupLoadedEditorAssemblies (354ms)
			LogAssemblyErrors (0ms)
			InitializePlatformSupportModulesInManaged (2ms)
			SetLoadedEditorAssemblies (3ms)
			BeforeProcessingInitializeOnLoad (74ms)
			ProcessInitializeOnLoadAttributes (237ms)
			ProcessInitializeOnLoadMethodAttributes (35ms)
			AfterProcessingInitializeOnLoad (3ms)
			EditorAssembliesLoaded (0ms)
		ExecutionOrderSort2 (0ms)
		AwakeInstancesAfterBackupRestoration (13ms)
Refreshing native plugins compatible for Editor in 0.71 ms, found 3 plugins.
Preloading 0 native plugins for Editor in 0.00 ms.
Unloading 13 Unused Serialized files (Serialized files now loaded: 0)
Unloading 6158 unused Assets / (3.6 MB). Loaded Objects now: 6967.
Memory consumption went from 149.6 MB to 145.9 MB.
Total: 5.589200 ms (FindLiveObjects: 0.600000 ms CreateObjectMapping: 0.205800 ms MarkObjects: 3.410200 ms  DeleteObjects: 1.372500 ms)

Prepare: number of updated asset objects reloaded= 0
========================================================================
Received Prepare
Begin MonoManager ReloadAssembly
[Licensing::Client] Successfully resolved entitlement details
- Loaded All Assemblies, in  0.481 seconds
Refreshing native plugins compatible for Editor in 0.65 ms, found 3 plugins.
Native extension for WindowsStandalone target not found
[Package Manager] Failed to launch server process. Reason: Unity was launched with the -noUpm command-line argument
[Package Manager] Unable to send message (not connected to server process).
[Package Manager] Cannot connect to Unity Package Manager local server
Mono: successfully reloaded assembly
- Finished resetting the current domain, in  0.457 seconds
Domain Reload Profiling: 939ms
	BeginReloadAssembly (151ms)
		ExecutionOrderSort (0ms)
		DisableScriptedObjects (5ms)
		BackupInstance (0ms)
		ReleaseScriptingObjects (0ms)
		CreateAndSetChildDomain (38ms)
	RebuildCommonClasses (23ms)
	RebuildNativeTypeToScriptingClass (9ms)
	initialDomainReloadingComplete (20ms)
	LoadAllAssembliesAndSetupDomain (278ms)
		LoadAssemblies (221ms)
		RebuildTransferFunctionScriptingTraits (0ms)
		AnalyzeDomain (120ms)
			TypeCache.Refresh (5ms)
				TypeCache.ScanAssembly (0ms)
			BuildScriptInfoCaches (106ms)
			ResolveRequiredComponents (7ms)
	FinalizeReload (458ms)
		ReleaseScriptCaches (0ms)
		RebuildScriptCaches (0ms)
		SetupLoadedEditorAssemblies (353ms)
			LogAssemblyErrors (0ms)
			InitializePlatformSupportModulesInManaged (2ms)
			SetLoadedEditorAssemblies (3ms)
			BeforeProcessingInitializeOnLoad (71ms)
			ProcessInitializeOnLoadAttributes (239ms)
			ProcessInitializeOnLoadMethodAttributes (34ms)
			AfterProcessingInitializeOnLoad (3ms)
			EditorAssembliesLoaded (0ms)
		ExecutionOrderSort2 (0ms)
		AwakeInstancesAfterBackupRestoration (14ms)
Refreshing native plugins compatible for Editor in 0.86 ms, found 3 plugins.
Preloading 0 native plugins for Editor in 0.00 ms.
Unloading 13 Unused Serialized files (Serialized files now loaded: 0)
Unloading 6158 unused Assets / (4.1 MB). Loaded Objects now: 6970.
Memory consumption went from 149.6 MB to 145.5 MB.
Total: 6.904000 ms (FindLiveObjects: 0.670500 ms CreateObjectMapping: 0.269100 ms MarkObjects: 3.714100 ms  DeleteObjects: 2.249500 ms)

Prepare: number of updated asset objects reloaded= 0
========================================================================
Received Prepare
Begin MonoManager ReloadAssembly
- Loaded All Assemblies, in  0.465 seconds
Refreshing native plugins compatible for Editor in 0.62 ms, found 3 plugins.
Native extension for WindowsStandalone target not found
[Package Manager] Failed to launch server process. Reason: Unity was launched with the -noUpm command-line argument
[Package Manager] Unable to send message (not connected to server process).
[Package Manager] Cannot connect to Unity Package Manager local server
Mono: successfully reloaded assembly
- Finished resetting the current domain, in  0.434 seconds
Domain Reload Profiling: 900ms
	BeginReloadAssembly (146ms)
		ExecutionOrderSort (0ms)
		DisableScriptedObjects (4ms)
		BackupInstance (0ms)
		ReleaseScriptingObjects (0ms)
		CreateAndSetChildDomain (37ms)
	RebuildCommonClasses (23ms)
	RebuildNativeTypeToScriptingClass (8ms)
	initialDomainReloadingComplete (19ms)
	LoadAllAssembliesAndSetupDomain (268ms)
		LoadAssemblies (214ms)
		RebuildTransferFunctionScriptingTraits (0ms)
		AnalyzeDomain (117ms)
			TypeCache.Refresh (4ms)
				TypeCache.ScanAssembly (0ms)
			BuildScriptInfoCaches (103ms)
			ResolveRequiredComponents (7ms)
	FinalizeReload (435ms)
		ReleaseScriptCaches (0ms)
		RebuildScriptCaches (0ms)
		SetupLoadedEditorAssemblies (341ms)
			LogAssemblyErrors (0ms)
			InitializePlatformSupportModulesInManaged (2ms)
			SetLoadedEditorAssemblies (4ms)
			BeforeProcessingInitializeOnLoad (74ms)
			ProcessInitializeOnLoadAttributes (226ms)
			ProcessInitializeOnLoadMethodAttributes (32ms)
			AfterProcessingInitializeOnLoad (3ms)
			EditorAssembliesLoaded (0ms)
		ExecutionOrderSort2 (0ms)
		AwakeInstancesAfterBackupRestoration (10ms)
Refreshing native plugins compatible for Editor in 0.78 ms, found 3 plugins.
Preloading 0 native plugins for Editor in 0.00 ms.
Unloading 13 Unused Serialized files (Serialized files now loaded: 0)
Unloading 6158 unused Assets / (4.2 MB). Loaded Objects now: 6973.
Memory consumption went from 149.6 MB to 145.4 MB.
Total: 6.648800 ms (FindLiveObjects: 0.621100 ms CreateObjectMapping: 0.232900 ms MarkObjects: 3.703400 ms  DeleteObjects: 2.090800 ms)

Prepare: number of updated asset objects reloaded= 0
========================================================================
Received Prepare
Begin MonoManager ReloadAssembly
[Licensing::Client] Successfully resolved entitlement details
- Loaded All Assemblies, in  0.468 seconds
Refreshing native plugins compatible for Editor in 0.53 ms, found 3 plugins.
Native extension for WindowsStandalone target not found
[Package Manager] Failed to launch server process. Reason: Unity was launched with the -noUpm command-line argument
[Package Manager] Unable to send message (not connected to server process).
[Package Manager] Cannot connect to Unity Package Manager local server
Mono: successfully reloaded assembly
- Finished resetting the current domain, in  0.440 seconds
Domain Reload Profiling: 910ms
	BeginReloadAssembly (147ms)
		ExecutionOrderSort (0ms)
		DisableScriptedObjects (6ms)
		BackupInstance (0ms)
		ReleaseScriptingObjects (0ms)
		CreateAndSetChildDomain (39ms)
	RebuildCommonClasses (22ms)
	RebuildNativeTypeToScriptingClass (9ms)
	initialDomainReloadingComplete (18ms)
	LoadAllAssembliesAndSetupDomain (272ms)
		LoadAssemblies (213ms)
		RebuildTransferFunctionScriptingTraits (0ms)
		AnalyzeDomain (118ms)
			TypeCache.Refresh (4ms)
				TypeCache.ScanAssembly (0ms)
			BuildScriptInfoCaches (105ms)
			ResolveRequiredComponents (7ms)
	FinalizeReload (441ms)
		ReleaseScriptCaches (0ms)
		RebuildScriptCaches (0ms)
		SetupLoadedEditorAssemblies (345ms)
			LogAssemblyErrors (0ms)
			InitializePlatformSupportModulesInManaged (2ms)
			SetLoadedEditorAssemblies (3ms)
			BeforeProcessingInitializeOnLoad (73ms)
			ProcessInitializeOnLoadAttributes (232ms)
			ProcessInitializeOnLoadMethodAttributes (31ms)
			AfterProcessingInitializeOnLoad (3ms)
			EditorAssembliesLoaded (0ms)
		ExecutionOrderSort2 (0ms)
		AwakeInstancesAfterBackupRestoration (12ms)
Refreshing native plugins compatible for Editor in 0.89 ms, found 3 plugins.
Preloading 0 native plugins for Editor in 0.00 ms.
Unloading 13 Unused Serialized files (Serialized files now loaded: 0)
Unloading 6158 unused Assets / (3.9 MB). Loaded Objects now: 6976.
Memory consumption went from 149.7 MB to 145.8 MB.
Total: 6.298500 ms (FindLiveObjects: 0.660300 ms CreateObjectMapping: 0.329500 ms MarkObjects: 3.549200 ms  DeleteObjects: 1.758900 ms)

Prepare: number of updated asset objects reloaded= 0
========================================================================
Received Prepare
Refreshing native plugins compatible for Editor in 0.88 ms, found 3 plugins.
Preloading 0 native plugins for Editor in 0.00 ms.
Unloading 13 Unused Serialized files (Serialized files now loaded: 0)
Unloading 6152 unused Assets / (4.2 MB). Loaded Objects now: 6976.
Memory consumption went from 149.9 MB to 145.6 MB.
Total: 8.815800 ms (FindLiveObjects: 0.917800 ms CreateObjectMapping: 0.420200 ms MarkObjects: 4.867200 ms  DeleteObjects: 2.610000 ms)

Prepare: number of updated asset objects reloaded= 0
========================================================================
Received Prepare
Begin MonoManager ReloadAssembly
[Licensing::Client] Successfully resolved entitlement details
- Loaded All Assemblies, in  0.578 seconds
Refreshing native plugins compatible for Editor in 0.86 ms, found 3 plugins.
Native extension for WindowsStandalone target not found
[Package Manager] Failed to launch server process. Reason: Unity was launched with the -noUpm command-line argument
[Package Manager] Unable to send message (not connected to server process).
[Package Manager] Cannot connect to Unity Package Manager local server
Mono: successfully reloaded assembly
- Finished resetting the current domain, in  0.553 seconds
Domain Reload Profiling: 1133ms
	BeginReloadAssembly (171ms)
		ExecutionOrderSort (0ms)
		DisableScriptedObjects (5ms)
		BackupInstance (0ms)
		ReleaseScriptingObjects (0ms)
		CreateAndSetChildDomain (41ms)
	RebuildCommonClasses (29ms)
	RebuildNativeTypeToScriptingClass (10ms)
	initialDomainReloadingComplete (25ms)
	LoadAllAssembliesAndSetupDomain (344ms)
		LoadAssemblies (263ms)
		RebuildTransferFunctionScriptingTraits (0ms)
		AnalyzeDomain (152ms)
			TypeCache.Refresh (9ms)
				TypeCache.ScanAssembly (1ms)
			BuildScriptInfoCaches (134ms)
			ResolveRequiredComponents (7ms)
	FinalizeReload (554ms)
		ReleaseScriptCaches (0ms)
		RebuildScriptCaches (0ms)
		SetupLoadedEditorAssemblies (433ms)
			LogAssemblyErrors (0ms)
			InitializePlatformSupportModulesInManaged (2ms)
			SetLoadedEditorAssemblies (4ms)
			BeforeProcessingInitializeOnLoad (103ms)
			ProcessInitializeOnLoadAttributes (283ms)
			ProcessInitializeOnLoadMethodAttributes (39ms)
			AfterProcessingInitializeOnLoad (3ms)
			EditorAssembliesLoaded (0ms)
		ExecutionOrderSort2 (0ms)
		AwakeInstancesAfterBackupRestoration (10ms)
Refreshing native plugins compatible for Editor in 1.11 ms, found 3 plugins.
Preloading 0 native plugins for Editor in 0.00 ms.
Unloading 13 Unused Serialized files (Serialized files now loaded: 0)
Unloading 6158 unused Assets / (4.5 MB). Loaded Objects now: 6979.
Memory consumption went from 149.7 MB to 145.2 MB.
Total: 12.417700 ms (FindLiveObjects: 1.417000 ms CreateObjectMapping: 1.182100 ms MarkObjects: 6.129200 ms  DeleteObjects: 3.686900 ms)

Prepare: number of updated asset objects reloaded= 0
========================================================================
Received Prepare
Refreshing native plugins compatible for Editor in 0.62 ms, found 3 plugins.
Preloading 0 native plugins for Editor in 0.00 ms.
Unloading 13 Unused Serialized files (Serialized files now loaded: 0)
Unloading 6152 unused Assets / (3.9 MB). Loaded Objects now: 6979.
Memory consumption went from 149.9 MB to 146.0 MB.
Total: 6.586600 ms (FindLiveObjects: 0.622800 ms CreateObjectMapping: 0.244900 ms MarkObjects: 3.621200 ms  DeleteObjects: 2.097200 ms)

Prepare: number of updated asset objects reloaded= 0
========================================================================
Received Prepare
Begin MonoManager ReloadAssembly
- Loaded All Assemblies, in  0.563 seconds
Refreshing native plugins compatible for Editor in 0.84 ms, found 3 plugins.
Native extension for WindowsStandalone target not found
[Package Manager] Failed to launch server process. Reason: Unity was launched with the -noUpm command-line argument
[Package Manager] Unable to send message (not connected to server process).
[Package Manager] Cannot connect to Unity Package Manager local server
Mono: successfully reloaded assembly
- Finished resetting the current domain, in  0.592 seconds
Domain Reload Profiling: 1156ms
	BeginReloadAssembly (167ms)
		ExecutionOrderSort (0ms)
		DisableScriptedObjects (4ms)
		BackupInstance (0ms)
		ReleaseScriptingObjects (0ms)
		CreateAndSetChildDomain (46ms)
	RebuildCommonClasses (29ms)
	RebuildNativeTypeToScriptingClass (9ms)
	initialDomainReloadingComplete (24ms)
	LoadAllAssembliesAndSetupDomain (333ms)
		LoadAssemblies (253ms)
		RebuildTransferFunctionScriptingTraits (0ms)
		AnalyzeDomain (147ms)
			TypeCache.Refresh (6ms)
				TypeCache.ScanAssembly (0ms)
			BuildScriptInfoCaches (127ms)
			ResolveRequiredComponents (9ms)
	FinalizeReload (592ms)
		ReleaseScriptCaches (0ms)
		RebuildScriptCaches (0ms)
		SetupLoadedEditorAssemblies (456ms)
			LogAssemblyErrors (0ms)
			InitializePlatformSupportModulesInManaged (2ms)
			SetLoadedEditorAssemblies (4ms)
			BeforeProcessingInitializeOnLoad (103ms)
			ProcessInitializeOnLoadAttributes (300ms)
			ProcessInitializeOnLoadMethodAttributes (42ms)
			AfterProcessingInitializeOnLoad (4ms)
			EditorAssembliesLoaded (0ms)
		ExecutionOrderSort2 (0ms)
		AwakeInstancesAfterBackupRestoration (15ms)
Refreshing native plugins compatible for Editor in 0.59 ms, found 3 plugins.
Preloading 0 native plugins for Editor in 0.00 ms.
Unloading 13 Unused Serialized files (Serialized files now loaded: 0)
Unloading 6158 unused Assets / (4.4 MB). Loaded Objects now: 6982.
Memory consumption went from 149.7 MB to 145.4 MB.
Total: 6.189200 ms (FindLiveObjects: 0.585200 ms CreateObjectMapping: 0.187000 ms MarkObjects: 3.470000 ms  DeleteObjects: 1.946400 ms)

Prepare: number of updated asset objects reloaded= 0
========================================================================
Received Prepare
Begin MonoManager ReloadAssembly
- Loaded All Assemblies, in  0.463 seconds
Refreshing native plugins compatible for Editor in 0.62 ms, found 3 plugins.
Native extension for WindowsStandalone target not found
[Package Manager] Failed to launch server process. Reason: Unity was launched with the -noUpm command-line argument
[Package Manager] Unable to send message (not connected to server process).
[Package Manager] Cannot connect to Unity Package Manager local server
Mono: successfully reloaded assembly
- Finished resetting the current domain, in  0.429 seconds
Domain Reload Profiling: 894ms
	BeginReloadAssembly (145ms)
		ExecutionOrderSort (0ms)
		DisableScriptedObjects (4ms)
		BackupInstance (0ms)
		ReleaseScriptingObjects (0ms)
		CreateAndSetChildDomain (39ms)
	RebuildCommonClasses (23ms)
	RebuildNativeTypeToScriptingClass (8ms)
	initialDomainReloadingComplete (18ms)
	LoadAllAssembliesAndSetupDomain (270ms)
		LoadAssemblies (212ms)
		RebuildTransferFunctionScriptingTraits (0ms)
		AnalyzeDomain (118ms)
			TypeCache.Refresh (4ms)
				TypeCache.ScanAssembly (0ms)
			BuildScriptInfoCaches (104ms)
			ResolveRequiredComponents (7ms)
	FinalizeReload (429ms)
		ReleaseScriptCaches (0ms)
		RebuildScriptCaches (0ms)
		SetupLoadedEditorAssemblies (335ms)
			LogAssemblyErrors (0ms)
			InitializePlatformSupportModulesInManaged (1ms)
			SetLoadedEditorAssemblies (2ms)
			BeforeProcessingInitializeOnLoad (75ms)
			ProcessInitializeOnLoadAttributes (223ms)
			ProcessInitializeOnLoadMethodAttributes (31ms)
			AfterProcessingInitializeOnLoad (3ms)
			EditorAssembliesLoaded (0ms)
		ExecutionOrderSort2 (0ms)
		AwakeInstancesAfterBackupRestoration (10ms)
Refreshing native plugins compatible for Editor in 0.87 ms, found 3 plugins.
Preloading 0 native plugins for Editor in 0.00 ms.
Unloading 13 Unused Serialized files (Serialized files now loaded: 0)
Unloading 6158 unused Assets / (4.2 MB). Loaded Objects now: 6985.
Memory consumption went from 149.8 MB to 145.6 MB.
Total: 6.025400 ms (FindLiveObjects: 0.643900 ms CreateObjectMapping: 0.261000 ms MarkObjects: 3.287300 ms  DeleteObjects: 1.832500 ms)

Prepare: number of updated asset objects reloaded= 0
========================================================================
Received Prepare
Refreshing native plugins compatible for Editor in 1.11 ms, found 3 plugins.
Preloading 0 native plugins for Editor in 0.00 ms.
Unloading 13 Unused Serialized files (Serialized files now loaded: 0)
Unloading 6152 unused Assets / (4.3 MB). Loaded Objects now: 6985.
Memory consumption went from 150.0 MB to 145.6 MB.
Total: 8.065700 ms (FindLiveObjects: 0.664200 ms CreateObjectMapping: 0.298200 ms MarkObjects: 4.678500 ms  DeleteObjects: 2.423400 ms)

Prepare: number of updated asset objects reloaded= 0
========================================================================
Received Prepare
Begin MonoManager ReloadAssembly
[Licensing::Client] Successfully resolved entitlement details
- Loaded All Assemblies, in  0.569 seconds
Refreshing native plugins compatible for Editor in 0.62 ms, found 3 plugins.
Native extension for WindowsStandalone target not found
[Package Manager] Failed to launch server process. Reason: Unity was launched with the -noUpm command-line argument
[Package Manager] Unable to send message (not connected to server process).
[Package Manager] Cannot connect to Unity Package Manager local server
Mono: successfully reloaded assembly
- Finished resetting the current domain, in  0.571 seconds
Domain Reload Profiling: 1140ms
	BeginReloadAssembly (178ms)
		ExecutionOrderSort (0ms)
		DisableScriptedObjects (7ms)
		BackupInstance (0ms)
		ReleaseScriptingObjects (0ms)
		CreateAndSetChildDomain (45ms)
	RebuildCommonClasses (28ms)
	RebuildNativeTypeToScriptingClass (8ms)
	initialDomainReloadingComplete (19ms)
	LoadAllAssembliesAndSetupDomain (335ms)
		LoadAssemblies (248ms)
		RebuildTransferFunctionScriptingTraits (0ms)
		AnalyzeDomain (160ms)
			TypeCache.Refresh (9ms)
				TypeCache.ScanAssembly (1ms)
			BuildScriptInfoCaches (139ms)
			ResolveRequiredComponents (9ms)
	FinalizeReload (571ms)
		ReleaseScriptCaches (0ms)
		RebuildScriptCaches (0ms)
		SetupLoadedEditorAssemblies (447ms)
			LogAssemblyErrors (0ms)
			InitializePlatformSupportModulesInManaged (2ms)
			SetLoadedEditorAssemblies (5ms)
			BeforeProcessingInitializeOnLoad (103ms)
			ProcessInitializeOnLoadAttributes (291ms)
			ProcessInitializeOnLoadMethodAttributes (42ms)
			AfterProcessingInitializeOnLoad (5ms)
			EditorAssembliesLoaded (0ms)
		ExecutionOrderSort2 (0ms)
		AwakeInstancesAfterBackupRestoration (15ms)
Refreshing native plugins compatible for Editor in 0.66 ms, found 3 plugins.
Preloading 0 native plugins for Editor in 0.00 ms.
Unloading 13 Unused Serialized files (Serialized files now loaded: 0)
Unloading 6158 unused Assets / (3.7 MB). Loaded Objects now: 6988.
Memory consumption went from 149.8 MB to 146.1 MB.
Total: 5.871200 ms (FindLiveObjects: 0.956000 ms CreateObjectMapping: 0.344400 ms MarkObjects: 3.146600 ms  DeleteObjects: 1.423000 ms)

Prepare: number of updated asset objects reloaded= 0
========================================================================
Received Prepare
Begin MonoManager ReloadAssembly
- Loaded All Assemblies, in  0.460 seconds
Refreshing native plugins compatible for Editor in 0.65 ms, found 3 plugins.
Native extension for WindowsStandalone target not found
[Package Manager] Failed to launch server process. Reason: Unity was launched with the -noUpm command-line argument
[Package Manager] Unable to send message (not connected to server process).
[Package Manager] Cannot connect to Unity Package Manager local server
Mono: successfully reloaded assembly
- Finished resetting the current domain, in  0.437 seconds
Domain Reload Profiling: 898ms
	BeginReloadAssembly (141ms)
		ExecutionOrderSort (0ms)
		DisableScriptedObjects (4ms)
		BackupInstance (0ms)
		ReleaseScriptingObjects (0ms)
		CreateAndSetChildDomain (35ms)
	RebuildCommonClasses (23ms)
	RebuildNativeTypeToScriptingClass (8ms)
	initialDomainReloadingComplete (19ms)
	LoadAllAssembliesAndSetupDomain (269ms)
		LoadAssemblies (209ms)
		RebuildTransferFunctionScriptingTraits (0ms)
		AnalyzeDomain (118ms)
			TypeCache.Refresh (4ms)
				TypeCache.ScanAssembly (0ms)
			BuildScriptInfoCaches (103ms)
			ResolveRequiredComponents (7ms)
	FinalizeReload (437ms)
		ReleaseScriptCaches (0ms)
		RebuildScriptCaches (0ms)
		SetupLoadedEditorAssemblies (343ms)
			LogAssemblyErrors (0ms)
			InitializePlatformSupportModulesInManaged (2ms)
			SetLoadedEditorAssemblies (4ms)
			BeforeProcessingInitializeOnLoad (75ms)
			ProcessInitializeOnLoadAttributes (227ms)
			ProcessInitializeOnLoadMethodAttributes (31ms)
			AfterProcessingInitializeOnLoad (4ms)
			EditorAssembliesLoaded (0ms)
		ExecutionOrderSort2 (0ms)
		AwakeInstancesAfterBackupRestoration (11ms)
Refreshing native plugins compatible for Editor in 0.71 ms, found 3 plugins.
Preloading 0 native plugins for Editor in 0.00 ms.
Unloading 13 Unused Serialized files (Serialized files now loaded: 0)
Unloading 6158 unused Assets / (4.1 MB). Loaded Objects now: 6991.
Memory consumption went from 149.9 MB to 145.8 MB.
Total: 6.779300 ms (FindLiveObjects: 0.753600 ms CreateObjectMapping: 0.395300 ms MarkObjects: 3.673600 ms  DeleteObjects: 1.956100 ms)

Prepare: number of updated asset objects reloaded= 0
========================================================================
Received Prepare
Refreshing native plugins compatible for Editor in 0.70 ms, found 3 plugins.
Preloading 0 native plugins for Editor in 0.00 ms.
Unloading 13 Unused Serialized files (Serialized files now loaded: 0)
Unloading 6152 unused Assets / (3.8 MB). Loaded Objects now: 6991.
Memory consumption went from 150.0 MB to 146.3 MB.
Total: 6.497400 ms (FindLiveObjects: 0.670200 ms CreateObjectMapping: 0.269800 ms MarkObjects: 3.630100 ms  DeleteObjects: 1.927000 ms)

Prepare: number of updated asset objects reloaded= 0
========================================================================
Received Prepare
Begin MonoManager ReloadAssembly
[Licensing::Client] Successfully resolved entitlement details
- Loaded All Assemblies, in  0.569 seconds
Refreshing native plugins compatible for Editor in 0.62 ms, found 3 plugins.
Native extension for WindowsStandalone target not found
[Package Manager] Failed to launch server process. Reason: Unity was launched with the -noUpm command-line argument
[Package Manager] Unable to send message (not connected to server process).
[Package Manager] Cannot connect to Unity Package Manager local server
Mono: successfully reloaded assembly
- Finished resetting the current domain, in  0.579 seconds
Domain Reload Profiling: 1149ms
	BeginReloadAssembly (170ms)
		ExecutionOrderSort (0ms)
		DisableScriptedObjects (5ms)
		BackupInstance (0ms)
		ReleaseScriptingObjects (0ms)
		CreateAndSetChildDomain (40ms)
	RebuildCommonClasses (32ms)
	RebuildNativeTypeToScriptingClass (10ms)
	initialDomainReloadingComplete (20ms)
	LoadAllAssembliesAndSetupDomain (338ms)
		LoadAssemblies (257ms)
		RebuildTransferFunctionScriptingTraits (0ms)
		AnalyzeDomain (153ms)
			TypeCache.Refresh (8ms)
				TypeCache.ScanAssembly (1ms)
			BuildScriptInfoCaches (134ms)
			ResolveRequiredComponents (8ms)
	FinalizeReload (580ms)
		ReleaseScriptCaches (0ms)
		RebuildScriptCaches (0ms)
		SetupLoadedEditorAssemblies (446ms)
			LogAssemblyErrors (0ms)
			InitializePlatformSupportModulesInManaged (2ms)
			SetLoadedEditorAssemblies (4ms)
			BeforeProcessingInitializeOnLoad (99ms)
			ProcessInitializeOnLoadAttributes (302ms)
			ProcessInitializeOnLoadMethodAttributes (34ms)
			AfterProcessingInitializeOnLoad (5ms)
			EditorAssembliesLoaded (0ms)
		ExecutionOrderSort2 (0ms)
		AwakeInstancesAfterBackupRestoration (15ms)
Refreshing native plugins compatible for Editor in 0.62 ms, found 3 plugins.
Preloading 0 native plugins for Editor in 0.00 ms.
Unloading 13 Unused Serialized files (Serialized files now loaded: 0)
Unloading 6158 unused Assets / (3.2 MB). Loaded Objects now: 6994.
Memory consumption went from 149.9 MB to 146.7 MB.
Total: 5.383200 ms (FindLiveObjects: 0.663100 ms CreateObjectMapping: 0.261100 ms MarkObjects: 3.219100 ms  DeleteObjects: 1.239200 ms)

Prepare: number of updated asset objects reloaded= 0
========================================================================
Received Import Request.
  Time since last request: 1340.293642 seconds.
  path: Assets/Sprites/aa581a18-d800-4e44-876e-4cbd3d105012.png
  artifactKey: Guid(d341e01002217904a95a09900d614c59) Importer(815301076,1909f56bfc062723c751e8b465ee728b)
Start importing Assets/Sprites/aa581a18-d800-4e44-876e-4cbd3d105012.png using Guid(d341e01002217904a95a09900d614c59) Importer(815301076,1909f56bfc062723c751e8b465ee728b) (PreviewImporter) -> (artifact id: 'e633cd0edd29df359f320c5bbe41b7aa') in 0.0608598 seconds
Number of updated asset objects reloaded before import = 0Number of asset objects unloaded after import = 3

========================================================================
Received Prepare
Begin MonoManager ReloadAssembly
[Licensing::Client] Successfully resolved entitlement details
- Loaded All Assemblies, in  0.478 seconds
Refreshing native plugins compatible for Editor in 0.72 ms, found 3 plugins.
Native extension for WindowsStandalone target not found
[Package Manager] Failed to launch server process. Reason: Unity was launched with the -noUpm command-line argument
[Package Manager] Unable to send message (not connected to server process).
[Package Manager] Cannot connect to Unity Package Manager local server
Mono: successfully reloaded assembly
- Finished resetting the current domain, in  0.443 seconds
Domain Reload Profiling: 921ms
	BeginReloadAssembly (153ms)
		ExecutionOrderSort (0ms)
		DisableScriptedObjects (4ms)
		BackupInstance (0ms)
		ReleaseScriptingObjects (0ms)
		CreateAndSetChildDomain (40ms)
	RebuildCommonClasses (24ms)
	RebuildNativeTypeToScriptingClass (8ms)
	initialDomainReloadingComplete (18ms)
	LoadAllAssembliesAndSetupDomain (274ms)
		LoadAssemblies (220ms)
		RebuildTransferFunctionScriptingTraits (0ms)
		AnalyzeDomain (118ms)
			TypeCache.Refresh (5ms)
				TypeCache.ScanAssembly (0ms)
			BuildScriptInfoCaches (103ms)
			ResolveRequiredComponents (7ms)
	FinalizeReload (443ms)
		ReleaseScriptCaches (0ms)
		RebuildScriptCaches (0ms)
		SetupLoadedEditorAssemblies (347ms)
			LogAssemblyErrors (0ms)
			InitializePlatformSupportModulesInManaged (2ms)
			SetLoadedEditorAssemblies (4ms)
			BeforeProcessingInitializeOnLoad (77ms)
			ProcessInitializeOnLoadAttributes (231ms)
			ProcessInitializeOnLoadMethodAttributes (31ms)
			AfterProcessingInitializeOnLoad (3ms)
			EditorAssembliesLoaded (0ms)
		ExecutionOrderSort2 (0ms)
		AwakeInstancesAfterBackupRestoration (11ms)
Refreshing native plugins compatible for Editor in 0.88 ms, found 3 plugins.
Preloading 0 native plugins for Editor in 0.00 ms.
Unloading 13 Unused Serialized files (Serialized files now loaded: 0)
Unloading 6158 unused Assets / (4.2 MB). Loaded Objects now: 7000.
Memory consumption went from 149.9 MB to 145.7 MB.
Total: 6.268300 ms (FindLiveObjects: 0.599800 ms CreateObjectMapping: 0.528600 ms MarkObjects: 3.309300 ms  DeleteObjects: 1.829800 ms)

Prepare: number of updated asset objects reloaded= 0
========================================================================
Received Prepare
Begin MonoManager ReloadAssembly
[Licensing::Client] Successfully resolved entitlement details
- Loaded All Assemblies, in  0.467 seconds
Refreshing native plugins compatible for Editor in 0.73 ms, found 3 plugins.
Native extension for WindowsStandalone target not found
[Package Manager] Failed to launch server process. Reason: Unity was launched with the -noUpm command-line argument
[Package Manager] Unable to send message (not connected to server process).
[Package Manager] Cannot connect to Unity Package Manager local server
Mono: successfully reloaded assembly
- Finished resetting the current domain, in  0.447 seconds
Domain Reload Profiling: 914ms
	BeginReloadAssembly (144ms)
		ExecutionOrderSort (0ms)
		DisableScriptedObjects (4ms)
		BackupInstance (0ms)
		ReleaseScriptingObjects (0ms)
		CreateAndSetChildDomain (37ms)
	RebuildCommonClasses (23ms)
	RebuildNativeTypeToScriptingClass (9ms)
	initialDomainReloadingComplete (21ms)
	LoadAllAssembliesAndSetupDomain (270ms)
		LoadAssemblies (212ms)
		RebuildTransferFunctionScriptingTraits (0ms)
		AnalyzeDomain (118ms)
			TypeCache.Refresh (4ms)
				TypeCache.ScanAssembly (0ms)
			BuildScriptInfoCaches (104ms)
			ResolveRequiredComponents (7ms)
	FinalizeReload (447ms)
		ReleaseScriptCaches (0ms)
		RebuildScriptCaches (0ms)
		SetupLoadedEditorAssemblies (344ms)
			LogAssemblyErrors (0ms)
			InitializePlatformSupportModulesInManaged (2ms)
			SetLoadedEditorAssemblies (4ms)
			BeforeProcessingInitializeOnLoad (74ms)
			ProcessInitializeOnLoadAttributes (232ms)
			ProcessInitializeOnLoadMethodAttributes (30ms)
			AfterProcessingInitializeOnLoad (4ms)
			EditorAssembliesLoaded (0ms)
		ExecutionOrderSort2 (0ms)
		AwakeInstancesAfterBackupRestoration (12ms)
Refreshing native plugins compatible for Editor in 0.73 ms, found 3 plugins.
Preloading 0 native plugins for Editor in 0.00 ms.
Unloading 13 Unused Serialized files (Serialized files now loaded: 0)
Unloading 6158 unused Assets / (4.0 MB). Loaded Objects now: 7003.
Memory consumption went from 150.0 MB to 146.0 MB.
Total: 6.853600 ms (FindLiveObjects: 0.613200 ms CreateObjectMapping: 0.231500 ms MarkObjects: 4.079900 ms  DeleteObjects: 1.928200 ms)

Prepare: number of updated asset objects reloaded= 0
========================================================================
Received Prepare
Refreshing native plugins compatible for Editor in 0.64 ms, found 3 plugins.
Preloading 0 native plugins for Editor in 0.00 ms.
Unloading 13 Unused Serialized files (Serialized files now loaded: 0)
Unloading 6152 unused Assets / (3.9 MB). Loaded Objects now: 7003.
Memory consumption went from 150.2 MB to 146.3 MB.
Total: 6.778500 ms (FindLiveObjects: 0.914400 ms CreateObjectMapping: 0.294500 ms MarkObjects: 3.563800 ms  DeleteObjects: 2.004700 ms)

Prepare: number of updated asset objects reloaded= 0
========================================================================
Received Prepare
Begin MonoManager ReloadAssembly
[Licensing::Client] Successfully resolved entitlement details
- Loaded All Assemblies, in  0.578 seconds
Refreshing native plugins compatible for Editor in 0.73 ms, found 3 plugins.
Native extension for WindowsStandalone target not found
[Package Manager] Failed to launch server process. Reason: Unity was launched with the -noUpm command-line argument
[Package Manager] Unable to send message (not connected to server process).
[Package Manager] Cannot connect to Unity Package Manager local server
Mono: successfully reloaded assembly
- Finished resetting the current domain, in  0.499 seconds
Domain Reload Profiling: 1077ms
	BeginReloadAssembly (169ms)
		ExecutionOrderSort (0ms)
		DisableScriptedObjects (6ms)
		BackupInstance (0ms)
		ReleaseScriptingObjects (0ms)
		CreateAndSetChildDomain (40ms)
	RebuildCommonClasses (34ms)
	RebuildNativeTypeToScriptingClass (13ms)
	initialDomainReloadingComplete (21ms)
	LoadAllAssembliesAndSetupDomain (340ms)
		LoadAssemblies (256ms)
		RebuildTransferFunctionScriptingTraits (0ms)
		AnalyzeDomain (153ms)
			TypeCache.Refresh (8ms)
				TypeCache.ScanAssembly (1ms)
			BuildScriptInfoCaches (132ms)
			ResolveRequiredComponents (10ms)
	FinalizeReload (499ms)
		ReleaseScriptCaches (0ms)
		RebuildScriptCaches (0ms)
		SetupLoadedEditorAssemblies (387ms)
			LogAssemblyErrors (0ms)
			InitializePlatformSupportModulesInManaged (2ms)
			SetLoadedEditorAssemblies (4ms)
			BeforeProcessingInitializeOnLoad (99ms)
			ProcessInitializeOnLoadAttributes (245ms)
			ProcessInitializeOnLoadMethodAttributes (33ms)
			AfterProcessingInitializeOnLoad (3ms)
			EditorAssembliesLoaded (0ms)
		ExecutionOrderSort2 (0ms)
		AwakeInstancesAfterBackupRestoration (13ms)
Refreshing native plugins compatible for Editor in 0.62 ms, found 3 plugins.
Preloading 0 native plugins for Editor in 0.00 ms.
Unloading 13 Unused Serialized files (Serialized files now loaded: 0)
Unloading 6158 unused Assets / (3.7 MB). Loaded Objects now: 7006.
Memory consumption went from 150.0 MB to 146.3 MB.
Total: 5.805500 ms (FindLiveObjects: 0.596700 ms CreateObjectMapping: 0.189800 ms MarkObjects: 3.364300 ms  DeleteObjects: 1.654200 ms)

Prepare: number of updated asset objects reloaded= 0
========================================================================
Received Prepare
Refreshing native plugins compatible for Editor in 0.63 ms, found 3 plugins.
Preloading 0 native plugins for Editor in 0.00 ms.
Unloading 13 Unused Serialized files (Serialized files now loaded: 0)
Unloading 6152 unused Assets / (3.7 MB). Loaded Objects now: 7006.
Memory consumption went from 150.2 MB to 146.5 MB.
Total: 7.123300 ms (FindLiveObjects: 0.856500 ms CreateObjectMapping: 0.319600 ms MarkObjects: 3.974400 ms  DeleteObjects: 1.972300 ms)

Prepare: number of updated asset objects reloaded= 0
========================================================================
Received Prepare
Begin MonoManager ReloadAssembly
[Licensing::Client] Successfully resolved entitlement details
- Loaded All Assemblies, in  0.551 seconds
Refreshing native plugins compatible for Editor in 0.60 ms, found 3 plugins.
Native extension for WindowsStandalone target not found
[Package Manager] Failed to launch server process. Reason: Unity was launched with the -noUpm command-line argument
[Package Manager] Unable to send message (not connected to server process).
[Package Manager] Cannot connect to Unity Package Manager local server
Mono: successfully reloaded assembly
- Finished resetting the current domain, in  0.523 seconds
Domain Reload Profiling: 1074ms
	BeginReloadAssembly (159ms)
		ExecutionOrderSort (0ms)
		DisableScriptedObjects (5ms)
		BackupInstance (0ms)
		ReleaseScriptingObjects (0ms)
		CreateAndSetChildDomain (40ms)
	RebuildCommonClasses (26ms)
	RebuildNativeTypeToScriptingClass (10ms)
	initialDomainReloadingComplete (25ms)
	LoadAllAssembliesAndSetupDomain (332ms)
		LoadAssemblies (253ms)
		RebuildTransferFunctionScriptingTraits (0ms)
		AnalyzeDomain (144ms)
			TypeCache.Refresh (7ms)
				TypeCache.ScanAssembly (1ms)
			BuildScriptInfoCaches (125ms)
			ResolveRequiredComponents (8ms)
	FinalizeReload (523ms)
		ReleaseScriptCaches (0ms)
		RebuildScriptCaches (0ms)
		SetupLoadedEditorAssemblies (410ms)
			LogAssemblyErrors (0ms)
			InitializePlatformSupportModulesInManaged (2ms)
			SetLoadedEditorAssemblies (4ms)
			BeforeProcessingInitializeOnLoad (101ms)
			ProcessInitializeOnLoadAttributes (255ms)
			ProcessInitializeOnLoadMethodAttributes (43ms)
			AfterProcessingInitializeOnLoad (5ms)
			EditorAssembliesLoaded (0ms)
		ExecutionOrderSort2 (0ms)
		AwakeInstancesAfterBackupRestoration (13ms)
Refreshing native plugins compatible for Editor in 0.72 ms, found 3 plugins.
Preloading 0 native plugins for Editor in 0.00 ms.
Unloading 13 Unused Serialized files (Serialized files now loaded: 0)
Unloading 6158 unused Assets / (4.2 MB). Loaded Objects now: 7009.
Memory consumption went from 150.1 MB to 145.8 MB.
Total: 6.336900 ms (FindLiveObjects: 0.640600 ms CreateObjectMapping: 0.233600 ms MarkObjects: 3.488200 ms  DeleteObjects: 1.973700 ms)

Prepare: number of updated asset objects reloaded= 0
========================================================================
Received Prepare
Begin MonoManager ReloadAssembly
- Loaded All Assemblies, in  0.466 seconds
Refreshing native plugins compatible for Editor in 0.57 ms, found 3 plugins.
Native extension for WindowsStandalone target not found
[Package Manager] Failed to launch server process. Reason: Unity was launched with the -noUpm command-line argument
[Package Manager] Unable to send message (not connected to server process).
[Package Manager] Cannot connect to Unity Package Manager local server
Mono: successfully reloaded assembly
- Finished resetting the current domain, in  0.436 seconds
Domain Reload Profiling: 903ms
	BeginReloadAssembly (142ms)
		ExecutionOrderSort (0ms)
		DisableScriptedObjects (4ms)
		BackupInstance (0ms)
		ReleaseScriptingObjects (0ms)
		CreateAndSetChildDomain (36ms)
	RebuildCommonClasses (23ms)
	RebuildNativeTypeToScriptingClass (9ms)
	initialDomainReloadingComplete (19ms)
	LoadAllAssembliesAndSetupDomain (274ms)
		LoadAssemblies (211ms)
		RebuildTransferFunctionScriptingTraits (0ms)
		AnalyzeDomain (123ms)
			TypeCache.Refresh (4ms)
				TypeCache.ScanAssembly (0ms)
			BuildScriptInfoCaches (107ms)
			ResolveRequiredComponents (8ms)
	FinalizeReload (437ms)
		ReleaseScriptCaches (0ms)
		RebuildScriptCaches (0ms)
		SetupLoadedEditorAssemblies (341ms)
			LogAssemblyErrors (0ms)
			InitializePlatformSupportModulesInManaged (2ms)
			SetLoadedEditorAssemblies (3ms)
			BeforeProcessingInitializeOnLoad (73ms)
			ProcessInitializeOnLoadAttributes (229ms)
			ProcessInitializeOnLoadMethodAttributes (30ms)
			AfterProcessingInitializeOnLoad (3ms)
			EditorAssembliesLoaded (0ms)
		ExecutionOrderSort2 (0ms)
		AwakeInstancesAfterBackupRestoration (11ms)
Refreshing native plugins compatible for Editor in 0.65 ms, found 3 plugins.
Preloading 0 native plugins for Editor in 0.00 ms.
Unloading 13 Unused Serialized files (Serialized files now loaded: 0)
Unloading 6158 unused Assets / (4.4 MB). Loaded Objects now: 7012.
Memory consumption went from 150.1 MB to 145.7 MB.
Total: 6.906400 ms (FindLiveObjects: 0.770300 ms CreateObjectMapping: 0.324800 ms MarkObjects: 3.502400 ms  DeleteObjects: 2.308300 ms)

Prepare: number of updated asset objects reloaded= 0
========================================================================
Received Prepare
Begin MonoManager ReloadAssembly
- Loaded All Assemblies, in  0.461 seconds
Refreshing native plugins compatible for Editor in 0.77 ms, found 3 plugins.
Native extension for WindowsStandalone target not found
[Package Manager] Failed to launch server process. Reason: Unity was launched with the -noUpm command-line argument
[Package Manager] Unable to send message (not connected to server process).
[Package Manager] Cannot connect to Unity Package Manager local server
Mono: successfully reloaded assembly
- Finished resetting the current domain, in  0.443 seconds
Domain Reload Profiling: 904ms
	BeginReloadAssembly (141ms)
		ExecutionOrderSort (0ms)
		DisableScriptedObjects (4ms)
		BackupInstance (0ms)
		ReleaseScriptingObjects (0ms)
		CreateAndSetChildDomain (36ms)
	RebuildCommonClasses (24ms)
	RebuildNativeTypeToScriptingClass (9ms)
	initialDomainReloadingComplete (20ms)
	LoadAllAssembliesAndSetupDomain (267ms)
		LoadAssemblies (211ms)
		RebuildTransferFunctionScriptingTraits (0ms)
		AnalyzeDomain (116ms)
			TypeCache.Refresh (4ms)
				TypeCache.ScanAssembly (0ms)
			BuildScriptInfoCaches (103ms)
			ResolveRequiredComponents (7ms)
	FinalizeReload (443ms)
		ReleaseScriptCaches (0ms)
		RebuildScriptCaches (0ms)
		SetupLoadedEditorAssemblies (347ms)
			LogAssemblyErrors (0ms)
			InitializePlatformSupportModulesInManaged (2ms)
			SetLoadedEditorAssemblies (3ms)
			BeforeProcessingInitializeOnLoad (74ms)
			ProcessInitializeOnLoadAttributes (232ms)
			ProcessInitializeOnLoadMethodAttributes (33ms)
			AfterProcessingInitializeOnLoad (3ms)
			EditorAssembliesLoaded (0ms)
		ExecutionOrderSort2 (0ms)
		AwakeInstancesAfterBackupRestoration (11ms)
Refreshing native plugins compatible for Editor in 0.98 ms, found 3 plugins.
Preloading 0 native plugins for Editor in 0.00 ms.
Unloading 13 Unused Serialized files (Serialized files now loaded: 0)
Unloading 6158 unused Assets / (4.0 MB). Loaded Objects now: 7015.
Memory consumption went from 150.1 MB to 146.2 MB.
Total: 7.572100 ms (FindLiveObjects: 0.911200 ms CreateObjectMapping: 0.297100 ms MarkObjects: 4.130300 ms  DeleteObjects: 2.232800 ms)

Prepare: number of updated asset objects reloaded= 0
========================================================================
Received Prepare
Refreshing native plugins compatible for Editor in 1.58 ms, found 3 plugins.
Preloading 0 native plugins for Editor in 0.00 ms.
Unloading 13 Unused Serialized files (Serialized files now loaded: 0)
Unloading 6152 unused Assets / (4.2 MB). Loaded Objects now: 7015.
Memory consumption went from 150.3 MB to 146.1 MB.
Total: 22.315200 ms (FindLiveObjects: 2.003400 ms CreateObjectMapping: 0.418800 ms MarkObjects: 17.460800 ms  DeleteObjects: 2.430700 ms)

Prepare: number of updated asset objects reloaded= 0
========================================================================
Received Prepare
Begin MonoManager ReloadAssembly
[Licensing::Client] Successfully resolved entitlement details
- Loaded All Assemblies, in  0.607 seconds
Refreshing native plugins compatible for Editor in 0.85 ms, found 3 plugins.
Native extension for WindowsStandalone target not found
[Package Manager] Failed to launch server process. Reason: Unity was launched with the -noUpm command-line argument
[Package Manager] Unable to send message (not connected to server process).
[Package Manager] Cannot connect to Unity Package Manager local server
Mono: successfully reloaded assembly
- Finished resetting the current domain, in  0.585 seconds
Domain Reload Profiling: 1193ms
	BeginReloadAssembly (180ms)
		ExecutionOrderSort (0ms)
		DisableScriptedObjects (5ms)
		BackupInstance (0ms)
		ReleaseScriptingObjects (0ms)
		CreateAndSetChildDomain (45ms)
	RebuildCommonClasses (34ms)
	RebuildNativeTypeToScriptingClass (13ms)
	initialDomainReloadingComplete (24ms)
	LoadAllAssembliesAndSetupDomain (356ms)
		LoadAssemblies (262ms)
		RebuildTransferFunctionScriptingTraits (0ms)
		AnalyzeDomain (170ms)
			TypeCache.Refresh (8ms)
				TypeCache.ScanAssembly (1ms)
			BuildScriptInfoCaches (149ms)
			ResolveRequiredComponents (9ms)
	FinalizeReload (586ms)
		ReleaseScriptCaches (0ms)
		RebuildScriptCaches (0ms)
		SetupLoadedEditorAssemblies (472ms)
			LogAssemblyErrors (0ms)
			InitializePlatformSupportModulesInManaged (2ms)
			SetLoadedEditorAssemblies (4ms)
			BeforeProcessingInitializeOnLoad (102ms)
			ProcessInitializeOnLoadAttributes (315ms)
			ProcessInitializeOnLoadMethodAttributes (44ms)
			AfterProcessingInitializeOnLoad (5ms)
			EditorAssembliesLoaded (0ms)
		ExecutionOrderSort2 (0ms)
		AwakeInstancesAfterBackupRestoration (12ms)
Refreshing native plugins compatible for Editor in 0.75 ms, found 3 plugins.
Preloading 0 native plugins for Editor in 0.00 ms.
Unloading 13 Unused Serialized files (Serialized files now loaded: 0)
Unloading 6158 unused Assets / (3.8 MB). Loaded Objects now: 7018.
Memory consumption went from 150.2 MB to 146.4 MB.
Total: 6.324500 ms (FindLiveObjects: 0.628500 ms CreateObjectMapping: 0.203500 ms MarkObjects: 3.701800 ms  DeleteObjects: 1.790100 ms)

Prepare: number of updated asset objects reloaded= 0
========================================================================
Received Prepare
Begin MonoManager ReloadAssembly
- Loaded All Assemblies, in  0.462 seconds
Refreshing native plugins compatible for Editor in 0.63 ms, found 3 plugins.
Native extension for WindowsStandalone target not found
[Package Manager] Failed to launch server process. Reason: Unity was launched with the -noUpm command-line argument
[Package Manager] Unable to send message (not connected to server process).
[Package Manager] Cannot connect to Unity Package Manager local server
Mono: successfully reloaded assembly
- Finished resetting the current domain, in  0.437 seconds
Domain Reload Profiling: 900ms
	BeginReloadAssembly (140ms)
		ExecutionOrderSort (0ms)
		DisableScriptedObjects (4ms)
		BackupInstance (0ms)
		ReleaseScriptingObjects (0ms)
		CreateAndSetChildDomain (37ms)
	RebuildCommonClasses (24ms)
	RebuildNativeTypeToScriptingClass (9ms)
	initialDomainReloadingComplete (19ms)
	LoadAllAssembliesAndSetupDomain (271ms)
		LoadAssemblies (209ms)
		RebuildTransferFunctionScriptingTraits (0ms)
		AnalyzeDomain (118ms)
			TypeCache.Refresh (4ms)
				TypeCache.ScanAssembly (0ms)
			BuildScriptInfoCaches (104ms)
			ResolveRequiredComponents (7ms)
	FinalizeReload (437ms)
		ReleaseScriptCaches (0ms)
		RebuildScriptCaches (0ms)
		SetupLoadedEditorAssemblies (341ms)
			LogAssemblyErrors (0ms)
			InitializePlatformSupportModulesInManaged (2ms)
			SetLoadedEditorAssemblies (4ms)
			BeforeProcessingInitializeOnLoad (73ms)
			ProcessInitializeOnLoadAttributes (230ms)
			ProcessInitializeOnLoadMethodAttributes (30ms)
			AfterProcessingInitializeOnLoad (3ms)
			EditorAssembliesLoaded (0ms)
		ExecutionOrderSort2 (0ms)
		AwakeInstancesAfterBackupRestoration (11ms)
Refreshing native plugins compatible for Editor in 0.68 ms, found 3 plugins.
Preloading 0 native plugins for Editor in 0.00 ms.
Unloading 13 Unused Serialized files (Serialized files now loaded: 0)
Unloading 6158 unused Assets / (3.9 MB). Loaded Objects now: 7021.
Memory consumption went from 150.2 MB to 146.3 MB.
Total: 7.293400 ms (FindLiveObjects: 0.676500 ms CreateObjectMapping: 0.281000 ms MarkObjects: 4.275500 ms  DeleteObjects: 2.059200 ms)

Prepare: number of updated asset objects reloaded= 0
========================================================================
Received Import Request.
  Time since last request: 916.036655 seconds.
  path: Assets/Scripts/InteractionManager.cs
  artifactKey: Guid(1a2da4e709705674cb70775d8be5ef0e) Importer(815301076,1909f56bfc062723c751e8b465ee728b)
Start importing Assets/Scripts/InteractionManager.cs using Guid(1a2da4e709705674cb70775d8be5ef0e) Importer(815301076,1909f56bfc062723c751e8b465ee728b) (PreviewImporter) -> (artifact id: '695265fd54d3e26d8daa5396b554b828') in 0.0016632 seconds
Number of updated asset objects reloaded before import = 0Number of asset objects unloaded after import = 0

========================================================================
Received Prepare
Refreshing native plugins compatible for Editor in 0.74 ms, found 3 plugins.
Preloading 0 native plugins for Editor in 0.00 ms.
Unloading 13 Unused Serialized files (Serialized files now loaded: 0)
Unloading 6152 unused Assets / (4.0 MB). Loaded Objects now: 7021.
Memory consumption went from 150.4 MB to 146.4 MB.
Total: 7.929100 ms (FindLiveObjects: 0.971100 ms CreateObjectMapping: 0.343800 ms MarkObjects: 4.107100 ms  DeleteObjects: 2.506000 ms)

Prepare: number of updated asset objects reloaded= 0
========================================================================
Received Prepare
Begin MonoManager ReloadAssembly
[Licensing::Client] Successfully resolved entitlement details
- Loaded All Assemblies, in  0.578 seconds
Refreshing native plugins compatible for Editor in 0.65 ms, found 3 plugins.
Native extension for WindowsStandalone target not found
[Package Manager] Failed to launch server process. Reason: Unity was launched with the -noUpm command-line argument
[Package Manager] Unable to send message (not connected to server process).
[Package Manager] Cannot connect to Unity Package Manager local server
Mono: successfully reloaded assembly
- Finished resetting the current domain, in  0.601 seconds
Domain Reload Profiling: 1180ms
	BeginReloadAssembly (164ms)
		ExecutionOrderSort (0ms)
		DisableScriptedObjects (5ms)
		BackupInstance (0ms)
		ReleaseScriptingObjects (0ms)
		CreateAndSetChildDomain (37ms)
	RebuildCommonClasses (35ms)
	RebuildNativeTypeToScriptingClass (14ms)
	initialDomainReloadingComplete (23ms)
	LoadAllAssembliesAndSetupDomain (342ms)
		LoadAssemblies (263ms)
		RebuildTransferFunctionScriptingTraits (0ms)
		AnalyzeDomain (155ms)
			TypeCache.Refresh (6ms)
				TypeCache.ScanAssembly (0ms)
			BuildScriptInfoCaches (135ms)
			ResolveRequiredComponents (10ms)
	FinalizeReload (601ms)
		ReleaseScriptCaches (0ms)
		RebuildScriptCaches (0ms)
		SetupLoadedEditorAssemblies (466ms)
			LogAssemblyErrors (0ms)
			InitializePlatformSupportModulesInManaged (2ms)
			SetLoadedEditorAssemblies (5ms)
			BeforeProcessingInitializeOnLoad (102ms)
			ProcessInitializeOnLoadAttributes (309ms)
			ProcessInitializeOnLoadMethodAttributes (44ms)
			AfterProcessingInitializeOnLoad (5ms)
			EditorAssembliesLoaded (0ms)
		ExecutionOrderSort2 (0ms)
		AwakeInstancesAfterBackupRestoration (15ms)
Refreshing native plugins compatible for Editor in 0.71 ms, found 3 plugins.
Preloading 0 native plugins for Editor in 0.00 ms.
Unloading 13 Unused Serialized files (Serialized files now loaded: 0)
Unloading 6158 unused Assets / (4.5 MB). Loaded Objects now: 7024.
Memory consumption went from 150.3 MB to 145.7 MB.
Total: 7.206100 ms (FindLiveObjects: 0.588000 ms CreateObjectMapping: 0.199000 ms MarkObjects: 4.238900 ms  DeleteObjects: 2.179500 ms)

Prepare: number of updated asset objects reloaded= 0
========================================================================
Received Prepare
Begin MonoManager ReloadAssembly
- Loaded All Assemblies, in  0.473 seconds
Refreshing native plugins compatible for Editor in 0.50 ms, found 3 plugins.
Native extension for WindowsStandalone target not found
[Package Manager] Failed to launch server process. Reason: Unity was launched with the -noUpm command-line argument
[Package Manager] Unable to send message (not connected to server process).
[Package Manager] Cannot connect to Unity Package Manager local server
Mono: successfully reloaded assembly
- Finished resetting the current domain, in  0.462 seconds
Domain Reload Profiling: 936ms
	BeginReloadAssembly (139ms)
		ExecutionOrderSort (0ms)
		DisableScriptedObjects (4ms)
		BackupInstance (0ms)
		ReleaseScriptingObjects (0ms)
		CreateAndSetChildDomain (36ms)
	RebuildCommonClasses (22ms)
	RebuildNativeTypeToScriptingClass (9ms)
	initialDomainReloadingComplete (18ms)
	LoadAllAssembliesAndSetupDomain (285ms)
		LoadAssemblies (211ms)
		RebuildTransferFunctionScriptingTraits (0ms)
		AnalyzeDomain (131ms)
			TypeCache.Refresh (4ms)
				TypeCache.ScanAssembly (0ms)
			BuildScriptInfoCaches (117ms)
			ResolveRequiredComponents (7ms)
	FinalizeReload (462ms)
		ReleaseScriptCaches (0ms)
		RebuildScriptCaches (0ms)
		SetupLoadedEditorAssemblies (357ms)
			LogAssemblyErrors (0ms)
			InitializePlatformSupportModulesInManaged (2ms)
			SetLoadedEditorAssemblies (3ms)
			BeforeProcessingInitializeOnLoad (77ms)
			ProcessInitializeOnLoadAttributes (235ms)
			ProcessInitializeOnLoadMethodAttributes (36ms)
			AfterProcessingInitializeOnLoad (4ms)
			EditorAssembliesLoaded (0ms)
		ExecutionOrderSort2 (0ms)
		AwakeInstancesAfterBackupRestoration (14ms)
Refreshing native plugins compatible for Editor in 0.94 ms, found 3 plugins.
Preloading 0 native plugins for Editor in 0.00 ms.
Unloading 13 Unused Serialized files (Serialized files now loaded: 0)
Unloading 6158 unused Assets / (4.2 MB). Loaded Objects now: 7027.
Memory consumption went from 150.3 MB to 146.1 MB.
Total: 6.651000 ms (FindLiveObjects: 0.656300 ms CreateObjectMapping: 0.245000 ms MarkObjects: 3.704400 ms  DeleteObjects: 2.044600 ms)

Prepare: number of updated asset objects reloaded= 0
========================================================================
Received Import Request.
  Time since last request: 223.200528 seconds.
  path: ProjectSettings/TagManager.asset
  artifactKey: Guid(00000000000000003000000000000000) Importer(815301076,1909f56bfc062723c751e8b465ee728b)
Start importing ProjectSettings/TagManager.asset using Guid(00000000000000003000000000000000) Importer(815301076,1909f56bfc062723c751e8b465ee728b) (PreviewImporter) -> (artifact id: '8ba35fbca947d7e0962945f932255aed') in 0.0139848 seconds
Number of updated asset objects reloaded before import = 0Number of asset objects unloaded after import = 0

========================================================================
Received Prepare
Refreshing native plugins compatible for Editor in 0.66 ms, found 3 plugins.
Preloading 0 native plugins for Editor in 0.00 ms.
Unloading 13 Unused Serialized files (Serialized files now loaded: 0)
Unloading 6153 unused Assets / (4.2 MB). Loaded Objects now: 7027.
Memory consumption went from 150.5 MB to 146.2 MB.
Total: 6.970300 ms (FindLiveObjects: 0.616700 ms CreateObjectMapping: 0.212600 ms MarkObjects: 3.525900 ms  DeleteObjects: 2.614300 ms)

Prepare: number of updated asset objects reloaded= 0
========================================================================
Received Prepare
Begin MonoManager ReloadAssembly
[Licensing::Client] Successfully resolved entitlement details
- Loaded All Assemblies, in  0.562 seconds
Refreshing native plugins compatible for Editor in 0.77 ms, found 3 plugins.
Native extension for WindowsStandalone target not found
[Package Manager] Failed to launch server process. Reason: Unity was launched with the -noUpm command-line argument
[Package Manager] Unable to send message (not connected to server process).
[Package Manager] Cannot connect to Unity Package Manager local server
Mono: successfully reloaded assembly
- Finished resetting the current domain, in  0.508 seconds
Domain Reload Profiling: 1072ms
	BeginReloadAssembly (169ms)
		ExecutionOrderSort (0ms)
		DisableScriptedObjects (5ms)
		BackupInstance (0ms)
		ReleaseScriptingObjects (0ms)
		CreateAndSetChildDomain (41ms)
	RebuildCommonClasses (23ms)
	RebuildNativeTypeToScriptingClass (9ms)
	initialDomainReloadingComplete (18ms)
	LoadAllAssembliesAndSetupDomain (344ms)
		LoadAssemblies (252ms)
		RebuildTransferFunctionScriptingTraits (0ms)
		AnalyzeDomain (161ms)
			TypeCache.Refresh (9ms)
				TypeCache.ScanAssembly (1ms)
			BuildScriptInfoCaches (142ms)
			ResolveRequiredComponents (7ms)
	FinalizeReload (509ms)
		ReleaseScriptCaches (0ms)
		RebuildScriptCaches (0ms)
		SetupLoadedEditorAssemblies (401ms)
			LogAssemblyErrors (0ms)
			InitializePlatformSupportModulesInManaged (1ms)
			SetLoadedEditorAssemblies (4ms)
			BeforeProcessingInitializeOnLoad (104ms)
			ProcessInitializeOnLoadAttributes (254ms)
			ProcessInitializeOnLoadMethodAttributes (34ms)
			AfterProcessingInitializeOnLoad (5ms)
			EditorAssembliesLoaded (0ms)
		ExecutionOrderSort2 (0ms)
		AwakeInstancesAfterBackupRestoration (14ms)
Refreshing native plugins compatible for Editor in 1.24 ms, found 3 plugins.
Preloading 0 native plugins for Editor in 0.00 ms.
Unloading 13 Unused Serialized files (Serialized files now loaded: 0)
Unloading 6158 unused Assets / (4.4 MB). Loaded Objects now: 7030.
Memory consumption went from 150.3 MB to 145.9 MB.
Total: 13.197400 ms (FindLiveObjects: 1.348900 ms CreateObjectMapping: 1.114900 ms MarkObjects: 6.816000 ms  DeleteObjects: 3.914000 ms)

Prepare: number of updated asset objects reloaded= 0
========================================================================
Received Prepare
Refreshing native plugins compatible for Editor in 0.75 ms, found 3 plugins.
Preloading 0 native plugins for Editor in 0.00 ms.
Unloading 13 Unused Serialized files (Serialized files now loaded: 0)
Unloading 6152 unused Assets / (4.1 MB). Loaded Objects now: 7030.
Memory consumption went from 150.5 MB to 146.4 MB.
Total: 7.206600 ms (FindLiveObjects: 0.639400 ms CreateObjectMapping: 0.211700 ms MarkObjects: 3.925900 ms  DeleteObjects: 2.428200 ms)

Prepare: number of updated asset objects reloaded= 0
========================================================================
Received Prepare
Begin MonoManager ReloadAssembly
- Loaded All Assemblies, in  0.556 seconds
Refreshing native plugins compatible for Editor in 0.59 ms, found 3 plugins.
Native extension for WindowsStandalone target not found
[Package Manager] Failed to launch server process. Reason: Unity was launched with the -noUpm command-line argument
[Package Manager] Unable to send message (not connected to server process).
[Package Manager] Cannot connect to Unity Package Manager local server
Mono: successfully reloaded assembly
- Finished resetting the current domain, in  0.526 seconds
Domain Reload Profiling: 1083ms
	BeginReloadAssembly (162ms)
		ExecutionOrderSort (0ms)
		DisableScriptedObjects (4ms)
		BackupInstance (0ms)
		ReleaseScriptingObjects (0ms)
		CreateAndSetChildDomain (37ms)
	RebuildCommonClasses (23ms)
	RebuildNativeTypeToScriptingClass (8ms)
	initialDomainReloadingComplete (25ms)
	LoadAllAssembliesAndSetupDomain (338ms)
		LoadAssemblies (263ms)
		RebuildTransferFunctionScriptingTraits (0ms)
		AnalyzeDomain (145ms)
			TypeCache.Refresh (7ms)
				TypeCache.ScanAssembly (0ms)
			BuildScriptInfoCaches (125ms)
			ResolveRequiredComponents (10ms)
	FinalizeReload (526ms)
		ReleaseScriptCaches (0ms)
		RebuildScriptCaches (0ms)
		SetupLoadedEditorAssemblies (430ms)
			LogAssemblyErrors (0ms)
			InitializePlatformSupportModulesInManaged (1ms)
			SetLoadedEditorAssemblies (4ms)
			BeforeProcessingInitializeOnLoad (110ms)
			ProcessInitializeOnLoadAttributes (276ms)
			ProcessInitializeOnLoadMethodAttributes (34ms)
			AfterProcessingInitializeOnLoad (4ms)
			EditorAssembliesLoaded (0ms)
		ExecutionOrderSort2 (0ms)
		AwakeInstancesAfterBackupRestoration (13ms)
Refreshing native plugins compatible for Editor in 0.60 ms, found 3 plugins.
Preloading 0 native plugins for Editor in 0.00 ms.
Unloading 13 Unused Serialized files (Serialized files now loaded: 0)
Unloading 6158 unused Assets / (4.5 MB). Loaded Objects now: 7033.
Memory consumption went from 150.4 MB to 145.9 MB.
Total: 5.843800 ms (FindLiveObjects: 0.591200 ms CreateObjectMapping: 0.186800 ms MarkObjects: 3.065700 ms  DeleteObjects: 1.999400 ms)

Prepare: number of updated asset objects reloaded= 0
========================================================================
Received Prepare
Refreshing native plugins compatible for Editor in 0.65 ms, found 3 plugins.
Preloading 0 native plugins for Editor in 0.00 ms.
Unloading 13 Unused Serialized files (Serialized files now loaded: 0)
Unloading 6152 unused Assets / (3.7 MB). Loaded Objects now: 7033.
Memory consumption went from 150.5 MB to 146.8 MB.
Total: 6.902200 ms (FindLiveObjects: 1.145100 ms CreateObjectMapping: 0.312300 ms MarkObjects: 3.365000 ms  DeleteObjects: 2.079300 ms)

Prepare: number of updated asset objects reloaded= 0
========================================================================
Received Prepare
Begin MonoManager ReloadAssembly
- Loaded All Assemblies, in  0.581 seconds
Refreshing native plugins compatible for Editor in 0.65 ms, found 3 plugins.
Native extension for WindowsStandalone target not found
[Package Manager] Failed to launch server process. Reason: Unity was launched with the -noUpm command-line argument
[Package Manager] Unable to send message (not connected to server process).
[Package Manager] Cannot connect to Unity Package Manager local server
Mono: successfully reloaded assembly
- Finished resetting the current domain, in  0.455 seconds
Domain Reload Profiling: 1036ms
	BeginReloadAssembly (166ms)
		ExecutionOrderSort (0ms)
		DisableScriptedObjects (4ms)
		BackupInstance (0ms)
		ReleaseScriptingObjects (0ms)
		CreateAndSetChildDomain (43ms)
	RebuildCommonClasses (30ms)
	RebuildNativeTypeToScriptingClass (13ms)
	initialDomainReloadingComplete (25ms)
	LoadAllAssembliesAndSetupDomain (347ms)
		LoadAssemblies (260ms)
		RebuildTransferFunctionScriptingTraits (0ms)
		AnalyzeDomain (161ms)
			TypeCache.Refresh (8ms)
				TypeCache.ScanAssembly (0ms)
			BuildScriptInfoCaches (141ms)
			ResolveRequiredComponents (9ms)
	FinalizeReload (455ms)
		ReleaseScriptCaches (0ms)
		RebuildScriptCaches (0ms)
		SetupLoadedEditorAssemblies (352ms)
			LogAssemblyErrors (0ms)
			InitializePlatformSupportModulesInManaged (2ms)
			SetLoadedEditorAssemblies (4ms)
			BeforeProcessingInitializeOnLoad (82ms)
			ProcessInitializeOnLoadAttributes (231ms)
			ProcessInitializeOnLoadMethodAttributes (31ms)
			AfterProcessingInitializeOnLoad (3ms)
			EditorAssembliesLoaded (0ms)
		ExecutionOrderSort2 (0ms)
		AwakeInstancesAfterBackupRestoration (11ms)
Refreshing native plugins compatible for Editor in 0.70 ms, found 3 plugins.
Preloading 0 native plugins for Editor in 0.00 ms.
Unloading 13 Unused Serialized files (Serialized files now loaded: 0)
Unloading 6158 unused Assets / (3.6 MB). Loaded Objects now: 7036.
Memory consumption went from 150.4 MB to 146.8 MB.
Total: 5.675700 ms (FindLiveObjects: 0.720200 ms CreateObjectMapping: 0.261500 ms MarkObjects: 3.341300 ms  DeleteObjects: 1.352200 ms)

Prepare: number of updated asset objects reloaded= 0
========================================================================
Received Prepare
Begin MonoManager ReloadAssembly
- Loaded All Assemblies, in  0.458 seconds
Refreshing native plugins compatible for Editor in 1.10 ms, found 3 plugins.
Native extension for WindowsStandalone target not found
[Package Manager] Failed to launch server process. Reason: Unity was launched with the -noUpm command-line argument
[Package Manager] Unable to send message (not connected to server process).
[Package Manager] Cannot connect to Unity Package Manager local server
Mono: successfully reloaded assembly
- Finished resetting the current domain, in  0.460 seconds
Domain Reload Profiling: 919ms
	BeginReloadAssembly (140ms)
		ExecutionOrderSort (0ms)
		DisableScriptedObjects (4ms)
		BackupInstance (0ms)
		ReleaseScriptingObjects (0ms)
		CreateAndSetChildDomain (35ms)
	RebuildCommonClasses (23ms)
	RebuildNativeTypeToScriptingClass (9ms)
	initialDomainReloadingComplete (19ms)
	LoadAllAssembliesAndSetupDomain (269ms)
		LoadAssemblies (209ms)
		RebuildTransferFunctionScriptingTraits (0ms)
		AnalyzeDomain (117ms)
			TypeCache.Refresh (4ms)
				TypeCache.ScanAssembly (0ms)
			BuildScriptInfoCaches (104ms)
			ResolveRequiredComponents (7ms)
	FinalizeReload (460ms)
		ReleaseScriptCaches (0ms)
		RebuildScriptCaches (0ms)
		SetupLoadedEditorAssemblies (351ms)
			LogAssemblyErrors (0ms)
			InitializePlatformSupportModulesInManaged (2ms)
			SetLoadedEditorAssemblies (3ms)
			BeforeProcessingInitializeOnLoad (78ms)
			ProcessInitializeOnLoadAttributes (225ms)
			ProcessInitializeOnLoadMethodAttributes (39ms)
			AfterProcessingInitializeOnLoad (4ms)
			EditorAssembliesLoaded (0ms)
		ExecutionOrderSort2 (0ms)
		AwakeInstancesAfterBackupRestoration (13ms)
Refreshing native plugins compatible for Editor in 0.81 ms, found 3 plugins.
Preloading 0 native plugins for Editor in 0.00 ms.
Unloading 13 Unused Serialized files (Serialized files now loaded: 0)
Unloading 6158 unused Assets / (4.4 MB). Loaded Objects now: 7039.
Memory consumption went from 150.4 MB to 146.0 MB.
Total: 8.438000 ms (FindLiveObjects: 1.180400 ms CreateObjectMapping: 0.400300 ms MarkObjects: 4.171700 ms  DeleteObjects: 2.684700 ms)

Prepare: number of updated asset objects reloaded= 0
========================================================================
Received Prepare
Refreshing native plugins compatible for Editor in 0.95 ms, found 3 plugins.
Preloading 0 native plugins for Editor in 0.00 ms.
Unloading 13 Unused Serialized files (Serialized files now loaded: 0)
Unloading 6152 unused Assets / (4.1 MB). Loaded Objects now: 7039.
Memory consumption went from 150.6 MB to 146.5 MB.
Total: 8.424900 ms (FindLiveObjects: 0.676300 ms CreateObjectMapping: 0.239500 ms MarkObjects: 4.948000 ms  DeleteObjects: 2.560200 ms)

Prepare: number of updated asset objects reloaded= 0
========================================================================
Received Import Request.
  Time since last request: 273.703471 seconds.
  path: Assets/Scripts/CardHoverSystem.cs
  artifactKey: Guid(e08f8938ee71d2e429b12c712bf6e80f) Importer(815301076,1909f56bfc062723c751e8b465ee728b)
Start importing Assets/Scripts/CardHoverSystem.cs using Guid(e08f8938ee71d2e429b12c712bf6e80f) Importer(815301076,1909f56bfc062723c751e8b465ee728b) (PreviewImporter) -> (artifact id: '35af8da9cb98a3cb095e941ab667abda') in 0.0019966 seconds
Number of updated asset objects reloaded before import = 0Number of asset objects unloaded after import = 0

========================================================================
Received Prepare
Begin MonoManager ReloadAssembly
[Licensing::Client] Successfully resolved entitlement details
- Loaded All Assemblies, in  0.504 seconds
Refreshing native plugins compatible for Editor in 0.59 ms, found 3 plugins.
Native extension for WindowsStandalone target not found
[Package Manager] Failed to launch server process. Reason: Unity was launched with the -noUpm command-line argument
[Package Manager] Unable to send message (not connected to server process).
[Package Manager] Cannot connect to Unity Package Manager local server
Mono: successfully reloaded assembly
- Finished resetting the current domain, in  0.447 seconds
Domain Reload Profiling: 952ms
	BeginReloadAssembly (154ms)
		ExecutionOrderSort (0ms)
		DisableScriptedObjects (5ms)
		BackupInstance (0ms)
		ReleaseScriptingObjects (0ms)
		CreateAndSetChildDomain (40ms)
	RebuildCommonClasses (33ms)
	RebuildNativeTypeToScriptingClass (9ms)
	initialDomainReloadingComplete (22ms)
	LoadAllAssembliesAndSetupDomain (287ms)
		LoadAssemblies (228ms)
		RebuildTransferFunctionScriptingTraits (0ms)
		AnalyzeDomain (123ms)
			TypeCache.Refresh (7ms)
				TypeCache.ScanAssembly (0ms)
			BuildScriptInfoCaches (107ms)
			ResolveRequiredComponents (7ms)
	FinalizeReload (448ms)
		ReleaseScriptCaches (0ms)
		RebuildScriptCaches (0ms)
		SetupLoadedEditorAssemblies (349ms)
			LogAssemblyErrors (0ms)
			InitializePlatformSupportModulesInManaged (1ms)
			SetLoadedEditorAssemblies (3ms)
			BeforeProcessingInitializeOnLoad (79ms)
			ProcessInitializeOnLoadAttributes (230ms)
			ProcessInitializeOnLoadMethodAttributes (31ms)
			AfterProcessingInitializeOnLoad (3ms)
			EditorAssembliesLoaded (0ms)
		ExecutionOrderSort2 (0ms)
		AwakeInstancesAfterBackupRestoration (11ms)
Refreshing native plugins compatible for Editor in 0.89 ms, found 3 plugins.
Preloading 0 native plugins for Editor in 0.00 ms.
Unloading 13 Unused Serialized files (Serialized files now loaded: 0)
Unloading 6158 unused Assets / (3.6 MB). Loaded Objects now: 7042.
Memory consumption went from 150.5 MB to 146.8 MB.
Total: 5.580000 ms (FindLiveObjects: 0.807900 ms CreateObjectMapping: 0.258800 ms MarkObjects: 3.044800 ms  DeleteObjects: 1.468000 ms)

Prepare: number of updated asset objects reloaded= 0
========================================================================
Received Prepare
Refreshing native plugins compatible for Editor in 0.96 ms, found 3 plugins.
Preloading 0 native plugins for Editor in 0.00 ms.
Unloading 13 Unused Serialized files (Serialized files now loaded: 0)
Unloading 6152 unused Assets / (4.2 MB). Loaded Objects now: 7042.
Memory consumption went from 150.7 MB to 146.4 MB.
Total: 7.898500 ms (FindLiveObjects: 0.654900 ms CreateObjectMapping: 0.253800 ms MarkObjects: 4.628800 ms  DeleteObjects: 2.360000 ms)

Prepare: number of updated asset objects reloaded= 0
========================================================================
Received Prepare
Begin MonoManager ReloadAssembly
[Licensing::Client] Successfully resolved entitlement details
- Loaded All Assemblies, in  0.622 seconds
Refreshing native plugins compatible for Editor in 0.75 ms, found 3 plugins.
Native extension for WindowsStandalone target not found
[Package Manager] Failed to launch server process. Reason: Unity was launched with the -noUpm command-line argument
[Package Manager] Unable to send message (not connected to server process).
[Package Manager] Cannot connect to Unity Package Manager local server
Mono: successfully reloaded assembly
- Finished resetting the current domain, in  0.461 seconds
Domain Reload Profiling: 1084ms
	BeginReloadAssembly (179ms)
		ExecutionOrderSort (0ms)
		DisableScriptedObjects (5ms)
		BackupInstance (0ms)
		ReleaseScriptingObjects (0ms)
		CreateAndSetChildDomain (42ms)
	RebuildCommonClasses (34ms)
	RebuildNativeTypeToScriptingClass (14ms)
	initialDomainReloadingComplete (24ms)
	LoadAllAssembliesAndSetupDomain (371ms)
		LoadAssemblies (275ms)
		RebuildTransferFunctionScriptingTraits (0ms)
		AnalyzeDomain (174ms)
			TypeCache.Refresh (9ms)
				TypeCache.ScanAssembly (1ms)
			BuildScriptInfoCaches (151ms)
			ResolveRequiredComponents (10ms)
	FinalizeReload (461ms)
		ReleaseScriptCaches (0ms)
		RebuildScriptCaches (0ms)
		SetupLoadedEditorAssemblies (354ms)
			LogAssemblyErrors (0ms)
			InitializePlatformSupportModulesInManaged (2ms)
			SetLoadedEditorAssemblies (4ms)
			BeforeProcessingInitializeOnLoad (77ms)
			ProcessInitializeOnLoadAttributes (233ms)
			ProcessInitializeOnLoadMethodAttributes (35ms)
			AfterProcessingInitializeOnLoad (4ms)
			EditorAssembliesLoaded (0ms)
		ExecutionOrderSort2 (0ms)
		AwakeInstancesAfterBackupRestoration (12ms)
Refreshing native plugins compatible for Editor in 0.66 ms, found 3 plugins.
Preloading 0 native plugins for Editor in 0.00 ms.
Unloading 13 Unused Serialized files (Serialized files now loaded: 0)
Unloading 6158 unused Assets / (3.7 MB). Loaded Objects now: 7045.
Memory consumption went from 150.5 MB to 146.9 MB.
Total: 5.507900 ms (FindLiveObjects: 0.599800 ms CreateObjectMapping: 0.198200 ms MarkObjects: 3.319100 ms  DeleteObjects: 1.389900 ms)

Prepare: number of updated asset objects reloaded= 0
========================================================================
Received Prepare
Begin MonoManager ReloadAssembly
- Loaded All Assemblies, in  0.465 seconds
Refreshing native plugins compatible for Editor in 0.59 ms, found 3 plugins.
Native extension for WindowsStandalone target not found
[Package Manager] Failed to launch server process. Reason: Unity was launched with the -noUpm command-line argument
[Package Manager] Unable to send message (not connected to server process).
[Package Manager] Cannot connect to Unity Package Manager local server
Mono: successfully reloaded assembly
- Finished resetting the current domain, in  0.439 seconds
Domain Reload Profiling: 905ms
	BeginReloadAssembly (142ms)
		ExecutionOrderSort (0ms)
		DisableScriptedObjects (4ms)
		BackupInstance (0ms)
		ReleaseScriptingObjects (0ms)
		CreateAndSetChildDomain (36ms)
	RebuildCommonClasses (23ms)
	RebuildNativeTypeToScriptingClass (9ms)
	initialDomainReloadingComplete (18ms)
	LoadAllAssembliesAndSetupDomain (274ms)
		LoadAssemblies (212ms)
		RebuildTransferFunctionScriptingTraits (0ms)
		AnalyzeDomain (121ms)
			TypeCache.Refresh (4ms)
				TypeCache.ScanAssembly (0ms)
			BuildScriptInfoCaches (107ms)
			ResolveRequiredComponents (7ms)
	FinalizeReload (440ms)
		ReleaseScriptCaches (0ms)
		RebuildScriptCaches (0ms)
		SetupLoadedEditorAssemblies (341ms)
			LogAssemblyErrors (0ms)
			InitializePlatformSupportModulesInManaged (1ms)
			SetLoadedEditorAssemblies (3ms)
			BeforeProcessingInitializeOnLoad (75ms)
			ProcessInitializeOnLoadAttributes (223ms)
			ProcessInitializeOnLoadMethodAttributes (35ms)
			AfterProcessingInitializeOnLoad (3ms)
			EditorAssembliesLoaded (0ms)
		ExecutionOrderSort2 (0ms)
		AwakeInstancesAfterBackupRestoration (13ms)
Refreshing native plugins compatible for Editor in 0.75 ms, found 3 plugins.
Preloading 0 native plugins for Editor in 0.00 ms.
Unloading 13 Unused Serialized files (Serialized files now loaded: 0)
Unloading 6158 unused Assets / (3.9 MB). Loaded Objects now: 7048.
Memory consumption went from 150.5 MB to 146.7 MB.
Total: 6.476800 ms (FindLiveObjects: 0.841300 ms CreateObjectMapping: 0.336500 ms MarkObjects: 3.513600 ms  DeleteObjects: 1.784700 ms)

Prepare: number of updated asset objects reloaded= 0
========================================================================
Received Prepare
Refreshing native plugins compatible for Editor in 1.16 ms, found 3 plugins.
Preloading 0 native plugins for Editor in 0.00 ms.
Unloading 13 Unused Serialized files (Serialized files now loaded: 0)
Unloading 6152 unused Assets / (4.2 MB). Loaded Objects now: 7048.
Memory consumption went from 150.7 MB to 146.6 MB.
Total: 8.062400 ms (FindLiveObjects: 1.211100 ms CreateObjectMapping: 0.647700 ms MarkObjects: 3.580800 ms  DeleteObjects: 2.622400 ms)

Prepare: number of updated asset objects reloaded= 0
========================================================================
Received Prepare
Begin MonoManager ReloadAssembly
- Loaded All Assemblies, in  0.601 seconds
Refreshing native plugins compatible for Editor in 0.78 ms, found 3 plugins.
Native extension for WindowsStandalone target not found
[Package Manager] Failed to launch server process. Reason: Unity was launched with the -noUpm command-line argument
[Package Manager] Unable to send message (not connected to server process).
[Package Manager] Cannot connect to Unity Package Manager local server
Mono: successfully reloaded assembly
- Finished resetting the current domain, in  0.511 seconds
Domain Reload Profiling: 1114ms
	BeginReloadAssembly (177ms)
		ExecutionOrderSort (0ms)
		DisableScriptedObjects (5ms)
		BackupInstance (0ms)
		ReleaseScriptingObjects (0ms)
		CreateAndSetChildDomain (46ms)
	RebuildCommonClasses (34ms)
	RebuildNativeTypeToScriptingClass (13ms)
	initialDomainReloadingComplete (23ms)
	LoadAllAssembliesAndSetupDomain (355ms)
		LoadAssemblies (261ms)
		RebuildTransferFunctionScriptingTraits (0ms)
		AnalyzeDomain (168ms)
			TypeCache.Refresh (8ms)
				TypeCache.ScanAssembly (1ms)
			BuildScriptInfoCaches (148ms)
			ResolveRequiredComponents (9ms)
	FinalizeReload (512ms)
		ReleaseScriptCaches (0ms)
		RebuildScriptCaches (0ms)
		SetupLoadedEditorAssemblies (403ms)
			LogAssemblyErrors (0ms)
			InitializePlatformSupportModulesInManaged (2ms)
			SetLoadedEditorAssemblies (4ms)
			BeforeProcessingInitializeOnLoad (96ms)
			ProcessInitializeOnLoadAttributes (267ms)
			ProcessInitializeOnLoadMethodAttributes (31ms)
			AfterProcessingInitializeOnLoad (3ms)
			EditorAssembliesLoaded (0ms)
		ExecutionOrderSort2 (0ms)
		AwakeInstancesAfterBackupRestoration (12ms)
Refreshing native plugins compatible for Editor in 0.66 ms, found 3 plugins.
Preloading 0 native plugins for Editor in 0.00 ms.
Unloading 13 Unused Serialized files (Serialized files now loaded: 0)
Unloading 6158 unused Assets / (4.2 MB). Loaded Objects now: 7051.
Memory consumption went from 150.6 MB to 146.4 MB.
Total: 6.972100 ms (FindLiveObjects: 0.749600 ms CreateObjectMapping: 0.799700 ms MarkObjects: 3.558000 ms  DeleteObjects: 1.863700 ms)

Prepare: number of updated asset objects reloaded= 0
========================================================================
Received Prepare
Begin MonoManager ReloadAssembly
- Loaded All Assemblies, in  0.471 seconds
Refreshing native plugins compatible for Editor in 0.72 ms, found 3 plugins.
Native extension for WindowsStandalone target not found
[Package Manager] Failed to launch server process. Reason: Unity was launched with the -noUpm command-line argument
[Package Manager] Unable to send message (not connected to server process).
[Package Manager] Cannot connect to Unity Package Manager local server
Mono: successfully reloaded assembly
- Finished resetting the current domain, in  0.472 seconds
Domain Reload Profiling: 944ms
	BeginReloadAssembly (145ms)
		ExecutionOrderSort (0ms)
		DisableScriptedObjects (4ms)
		BackupInstance (0ms)
		ReleaseScriptingObjects (0ms)
		CreateAndSetChildDomain (40ms)
	RebuildCommonClasses (23ms)
	RebuildNativeTypeToScriptingClass (9ms)
	initialDomainReloadingComplete (19ms)
	LoadAllAssembliesAndSetupDomain (275ms)
		LoadAssemblies (216ms)
		RebuildTransferFunctionScriptingTraits (0ms)
		AnalyzeDomain (118ms)
			TypeCache.Refresh (5ms)
				TypeCache.ScanAssembly (0ms)
			BuildScriptInfoCaches (103ms)
			ResolveRequiredComponents (7ms)
	FinalizeReload (473ms)
		ReleaseScriptCaches (0ms)
		RebuildScriptCaches (0ms)
		SetupLoadedEditorAssemblies (367ms)
			LogAssemblyErrors (0ms)
			InitializePlatformSupportModulesInManaged (2ms)
			SetLoadedEditorAssemblies (4ms)
			BeforeProcessingInitializeOnLoad (77ms)
			ProcessInitializeOnLoadAttributes (251ms)
			ProcessInitializeOnLoadMethodAttributes (30ms)
			AfterProcessingInitializeOnLoad (3ms)
			EditorAssembliesLoaded (0ms)
		ExecutionOrderSort2 (0ms)
		AwakeInstancesAfterBackupRestoration (11ms)
Refreshing native plugins compatible for Editor in 0.84 ms, found 3 plugins.
Preloading 0 native plugins for Editor in 0.00 ms.
Unloading 13 Unused Serialized files (Serialized files now loaded: 0)
Unloading 6158 unused Assets / (4.2 MB). Loaded Objects now: 7054.
Memory consumption went from 150.6 MB to 146.4 MB.
Total: 6.766600 ms (FindLiveObjects: 0.675500 ms CreateObjectMapping: 0.338000 ms MarkObjects: 3.683900 ms  DeleteObjects: 2.068600 ms)

Prepare: number of updated asset objects reloaded= 0
========================================================================
Received Prepare
Begin MonoManager ReloadAssembly
[Licensing::Client] Successfully resolved entitlement details
- Loaded All Assemblies, in  0.471 seconds
Refreshing native plugins compatible for Editor in 0.61 ms, found 3 plugins.
Native extension for WindowsStandalone target not found
[Package Manager] Failed to launch server process. Reason: Unity was launched with the -noUpm command-line argument
[Package Manager] Unable to send message (not connected to server process).
[Package Manager] Cannot connect to Unity Package Manager local server
Mono: successfully reloaded assembly
- Finished resetting the current domain, in  0.441 seconds
Domain Reload Profiling: 913ms
	BeginReloadAssembly (148ms)
		ExecutionOrderSort (0ms)
		DisableScriptedObjects (4ms)
		BackupInstance (0ms)
		ReleaseScriptingObjects (0ms)
		CreateAndSetChildDomain (39ms)
	RebuildCommonClasses (24ms)
	RebuildNativeTypeToScriptingClass (10ms)
	initialDomainReloadingComplete (18ms)
	LoadAllAssembliesAndSetupDomain (272ms)
		LoadAssemblies (212ms)
		RebuildTransferFunctionScriptingTraits (0ms)
		AnalyzeDomain (118ms)
			TypeCache.Refresh (5ms)
				TypeCache.ScanAssembly (0ms)
			BuildScriptInfoCaches (104ms)
			ResolveRequiredComponents (6ms)
	FinalizeReload (441ms)
		ReleaseScriptCaches (0ms)
		RebuildScriptCaches (0ms)
		SetupLoadedEditorAssemblies (342ms)
			LogAssemblyErrors (0ms)
			InitializePlatformSupportModulesInManaged (2ms)
			SetLoadedEditorAssemblies (4ms)
			BeforeProcessingInitializeOnLoad (75ms)
			ProcessInitializeOnLoadAttributes (228ms)
			ProcessInitializeOnLoadMethodAttributes (31ms)
			AfterProcessingInitializeOnLoad (3ms)
			EditorAssembliesLoaded (0ms)
		ExecutionOrderSort2 (0ms)
		AwakeInstancesAfterBackupRestoration (11ms)
Refreshing native plugins compatible for Editor in 0.76 ms, found 3 plugins.
Preloading 0 native plugins for Editor in 0.00 ms.
Unloading 13 Unused Serialized files (Serialized files now loaded: 0)
Unloading 6158 unused Assets / (4.4 MB). Loaded Objects now: 7057.
Memory consumption went from 150.7 MB to 146.3 MB.
Total: 6.814600 ms (FindLiveObjects: 0.723200 ms CreateObjectMapping: 0.325300 ms MarkObjects: 3.533700 ms  DeleteObjects: 2.231800 ms)

Prepare: number of updated asset objects reloaded= 0
========================================================================
Received Prepare
Refreshing native plugins compatible for Editor in 0.62 ms, found 3 plugins.
Preloading 0 native plugins for Editor in 0.00 ms.
Unloading 13 Unused Serialized files (Serialized files now loaded: 0)
Unloading 6152 unused Assets / (4.2 MB). Loaded Objects now: 7057.
Memory consumption went from 150.8 MB to 146.6 MB.
Total: 7.363200 ms (FindLiveObjects: 0.648200 ms CreateObjectMapping: 0.243700 ms MarkObjects: 3.761700 ms  DeleteObjects: 2.709100 ms)

Prepare: number of updated asset objects reloaded= 0
========================================================================
Received Prepare
Begin MonoManager ReloadAssembly
[Licensing::Client] Successfully resolved entitlement details
- Loaded All Assemblies, in  0.595 seconds
Refreshing native plugins compatible for Editor in 0.67 ms, found 3 plugins.
Native extension for WindowsStandalone target not found
[Package Manager] Failed to launch server process. Reason: Unity was launched with the -noUpm command-line argument
[Package Manager] Unable to send message (not connected to server process).
[Package Manager] Cannot connect to Unity Package Manager local server
Mono: successfully reloaded assembly
- Finished resetting the current domain, in  0.565 seconds
Domain Reload Profiling: 1161ms
	BeginReloadAssembly (180ms)
		ExecutionOrderSort (0ms)
		DisableScriptedObjects (5ms)
		BackupInstance (0ms)
		ReleaseScriptingObjects (0ms)
		CreateAndSetChildDomain (44ms)
	RebuildCommonClasses (36ms)
	RebuildNativeTypeToScriptingClass (13ms)
	initialDomainReloadingComplete (26ms)
	LoadAllAssembliesAndSetupDomain (340ms)
		LoadAssemblies (263ms)
		RebuildTransferFunctionScriptingTraits (0ms)
		AnalyzeDomain (155ms)
			TypeCache.Refresh (6ms)
				TypeCache.ScanAssembly (0ms)
			BuildScriptInfoCaches (135ms)
			ResolveRequiredComponents (10ms)
	FinalizeReload (566ms)
		ReleaseScriptCaches (0ms)
		RebuildScriptCaches (0ms)
		SetupLoadedEditorAssemblies (434ms)
			LogAssemblyErrors (0ms)
			InitializePlatformSupportModulesInManaged (2ms)
			SetLoadedEditorAssemblies (5ms)
			BeforeProcessingInitializeOnLoad (102ms)
			ProcessInitializeOnLoadAttributes (287ms)
			ProcessInitializeOnLoadMethodAttributes (34ms)
			AfterProcessingInitializeOnLoad (3ms)
			EditorAssembliesLoaded (0ms)
		ExecutionOrderSort2 (0ms)
		AwakeInstancesAfterBackupRestoration (12ms)
Refreshing native plugins compatible for Editor in 0.90 ms, found 3 plugins.
Preloading 0 native plugins for Editor in 0.00 ms.
Unloading 13 Unused Serialized files (Serialized files now loaded: 0)
Unloading 6158 unused Assets / (4.6 MB). Loaded Objects now: 7060.
Memory consumption went from 150.7 MB to 146.1 MB.
Total: 6.253800 ms (FindLiveObjects: 0.590900 ms CreateObjectMapping: 0.190900 ms MarkObjects: 3.516100 ms  DeleteObjects: 1.955300 ms)

Prepare: number of updated asset objects reloaded= 0
========================================================================
Received Prepare
Begin MonoManager ReloadAssembly
- Loaded All Assemblies, in  0.471 seconds
Refreshing native plugins compatible for Editor in 0.62 ms, found 3 plugins.
Native extension for WindowsStandalone target not found
[Package Manager] Failed to launch server process. Reason: Unity was launched with the -noUpm command-line argument
[Package Manager] Unable to send message (not connected to server process).
[Package Manager] Cannot connect to Unity Package Manager local server
Mono: successfully reloaded assembly
- Finished resetting the current domain, in  0.476 seconds
Domain Reload Profiling: 949ms
	BeginReloadAssembly (142ms)
		ExecutionOrderSort (0ms)
		DisableScriptedObjects (4ms)
		BackupInstance (0ms)
		ReleaseScriptingObjects (0ms)
		CreateAndSetChildDomain (37ms)
	RebuildCommonClasses (24ms)
	RebuildNativeTypeToScriptingClass (9ms)
	initialDomainReloadingComplete (19ms)
	LoadAllAssembliesAndSetupDomain (279ms)
		LoadAssemblies (214ms)
		RebuildTransferFunctionScriptingTraits (0ms)
		AnalyzeDomain (123ms)
			TypeCache.Refresh (4ms)
				TypeCache.ScanAssembly (0ms)
			BuildScriptInfoCaches (110ms)
			ResolveRequiredComponents (7ms)
	FinalizeReload (476ms)
		ReleaseScriptCaches (0ms)
		RebuildScriptCaches (0ms)
		SetupLoadedEditorAssemblies (370ms)
			LogAssemblyErrors (0ms)
			InitializePlatformSupportModulesInManaged (2ms)
			SetLoadedEditorAssemblies (4ms)
			BeforeProcessingInitializeOnLoad (78ms)
			ProcessInitializeOnLoadAttributes (241ms)
			ProcessInitializeOnLoadMethodAttributes (42ms)
			AfterProcessingInitializeOnLoad (4ms)
			EditorAssembliesLoaded (0ms)
		ExecutionOrderSort2 (0ms)
		AwakeInstancesAfterBackupRestoration (13ms)
Refreshing native plugins compatible for Editor in 0.70 ms, found 3 plugins.
Preloading 0 native plugins for Editor in 0.00 ms.
Unloading 13 Unused Serialized files (Serialized files now loaded: 0)
Unloading 6158 unused Assets / (3.9 MB). Loaded Objects now: 7063.
Memory consumption went from 150.7 MB to 146.8 MB.
Total: 6.293300 ms (FindLiveObjects: 0.682800 ms CreateObjectMapping: 0.341200 ms MarkObjects: 3.502000 ms  DeleteObjects: 1.766700 ms)

Prepare: number of updated asset objects reloaded= 0
========================================================================
Received Prepare
Begin MonoManager ReloadAssembly
- Loaded All Assemblies, in  0.465 seconds
Refreshing native plugins compatible for Editor in 0.73 ms, found 3 plugins.
Native extension for WindowsStandalone target not found
[Package Manager] Failed to launch server process. Reason: Unity was launched with the -noUpm command-line argument
[Package Manager] Unable to send message (not connected to server process).
[Package Manager] Cannot connect to Unity Package Manager local server
Mono: successfully reloaded assembly
- Finished resetting the current domain, in  0.443 seconds
Domain Reload Profiling: 909ms
	BeginReloadAssembly (144ms)
		ExecutionOrderSort (0ms)
		DisableScriptedObjects (4ms)
		BackupInstance (0ms)
		ReleaseScriptingObjects (0ms)
		CreateAndSetChildDomain (36ms)
	RebuildCommonClasses (24ms)
	RebuildNativeTypeToScriptingClass (9ms)
	initialDomainReloadingComplete (19ms)
	LoadAllAssembliesAndSetupDomain (270ms)
		LoadAssemblies (209ms)
		RebuildTransferFunctionScriptingTraits (0ms)
		AnalyzeDomain (120ms)
			TypeCache.Refresh (5ms)
				TypeCache.ScanAssembly (0ms)
			BuildScriptInfoCaches (103ms)
			ResolveRequiredComponents (9ms)
	FinalizeReload (444ms)
		ReleaseScriptCaches (0ms)
		RebuildScriptCaches (0ms)
		SetupLoadedEditorAssemblies (345ms)
			LogAssemblyErrors (0ms)
			InitializePlatformSupportModulesInManaged (2ms)
			SetLoadedEditorAssemblies (3ms)
			BeforeProcessingInitializeOnLoad (75ms)
			ProcessInitializeOnLoadAttributes (229ms)
			ProcessInitializeOnLoadMethodAttributes (32ms)
			AfterProcessingInitializeOnLoad (3ms)
			EditorAssembliesLoaded (0ms)
		ExecutionOrderSort2 (0ms)
		AwakeInstancesAfterBackupRestoration (10ms)
Refreshing native plugins compatible for Editor in 0.95 ms, found 3 plugins.
Preloading 0 native plugins for Editor in 0.00 ms.
Unloading 13 Unused Serialized files (Serialized files now loaded: 0)
Unloading 6158 unused Assets / (4.6 MB). Loaded Objects now: 7066.
Memory consumption went from 150.8 MB to 146.1 MB.
Total: 8.153400 ms (FindLiveObjects: 0.925200 ms CreateObjectMapping: 0.315200 ms MarkObjects: 4.292800 ms  DeleteObjects: 2.619000 ms)

Prepare: number of updated asset objects reloaded= 0
========================================================================
Received Prepare
Begin MonoManager ReloadAssembly
[Licensing::Client] Successfully resolved entitlement details
- Loaded All Assemblies, in  0.477 seconds
Refreshing native plugins compatible for Editor in 0.64 ms, found 3 plugins.
Native extension for WindowsStandalone target not found
[Package Manager] Failed to launch server process. Reason: Unity was launched with the -noUpm command-line argument
[Package Manager] Unable to send message (not connected to server process).
[Package Manager] Cannot connect to Unity Package Manager local server
Mono: successfully reloaded assembly
- Finished resetting the current domain, in  0.467 seconds
Domain Reload Profiling: 946ms
	BeginReloadAssembly (152ms)
		ExecutionOrderSort (0ms)
		DisableScriptedObjects (4ms)
		BackupInstance (0ms)
		ReleaseScriptingObjects (0ms)
		CreateAndSetChildDomain (41ms)
	RebuildCommonClasses (29ms)
	RebuildNativeTypeToScriptingClass (8ms)
	initialDomainReloadingComplete (19ms)
	LoadAllAssembliesAndSetupDomain (270ms)
		LoadAssemblies (214ms)
		RebuildTransferFunctionScriptingTraits (0ms)
		AnalyzeDomain (119ms)
			TypeCache.Refresh (4ms)
				TypeCache.ScanAssembly (0ms)
			BuildScriptInfoCaches (105ms)
			ResolveRequiredComponents (7ms)
	FinalizeReload (467ms)
		ReleaseScriptCaches (0ms)
		RebuildScriptCaches (0ms)
		SetupLoadedEditorAssemblies (370ms)
			LogAssemblyErrors (0ms)
			InitializePlatformSupportModulesInManaged (2ms)
			SetLoadedEditorAssemblies (3ms)
			BeforeProcessingInitializeOnLoad (75ms)
			ProcessInitializeOnLoadAttributes (239ms)
			ProcessInitializeOnLoadMethodAttributes (48ms)
			AfterProcessingInitializeOnLoad (3ms)
			EditorAssembliesLoaded (0ms)
		ExecutionOrderSort2 (0ms)
		AwakeInstancesAfterBackupRestoration (11ms)
Refreshing native plugins compatible for Editor in 0.81 ms, found 3 plugins.
Preloading 0 native plugins for Editor in 0.00 ms.
Unloading 13 Unused Serialized files (Serialized files now loaded: 0)
Unloading 6158 unused Assets / (4.1 MB). Loaded Objects now: 7069.
Memory consumption went from 150.8 MB to 146.7 MB.
Total: 7.015300 ms (FindLiveObjects: 0.625000 ms CreateObjectMapping: 0.283300 ms MarkObjects: 3.873600 ms  DeleteObjects: 2.232600 ms)

Prepare: number of updated asset objects reloaded= 0
========================================================================
Received Prepare
Begin MonoManager ReloadAssembly
[Licensing::Client] Successfully resolved entitlement details
- Loaded All Assemblies, in  0.457 seconds
Refreshing native plugins compatible for Editor in 1.01 ms, found 3 plugins.
Native extension for WindowsStandalone target not found
[Package Manager] Failed to launch server process. Reason: Unity was launched with the -noUpm command-line argument
[Package Manager] Unable to send message (not connected to server process).
[Package Manager] Cannot connect to Unity Package Manager local server
Mono: successfully reloaded assembly
- Finished resetting the current domain, in  0.435 seconds
Domain Reload Profiling: 893ms
	BeginReloadAssembly (142ms)
		ExecutionOrderSort (0ms)
		DisableScriptedObjects (6ms)
		BackupInstance (0ms)
		ReleaseScriptingObjects (0ms)
		CreateAndSetChildDomain (35ms)
	RebuildCommonClasses (24ms)
	RebuildNativeTypeToScriptingClass (9ms)
	initialDomainReloadingComplete (19ms)
	LoadAllAssembliesAndSetupDomain (264ms)
		LoadAssemblies (206ms)
		RebuildTransferFunctionScriptingTraits (0ms)
		AnalyzeDomain (116ms)
			TypeCache.Refresh (4ms)
				TypeCache.ScanAssembly (0ms)
			BuildScriptInfoCaches (102ms)
			ResolveRequiredComponents (7ms)
	FinalizeReload (435ms)
		ReleaseScriptCaches (0ms)
		RebuildScriptCaches (0ms)
		SetupLoadedEditorAssemblies (337ms)
			LogAssemblyErrors (0ms)
			InitializePlatformSupportModulesInManaged (2ms)
			SetLoadedEditorAssemblies (3ms)
			BeforeProcessingInitializeOnLoad (72ms)
			ProcessInitializeOnLoadAttributes (225ms)
			ProcessInitializeOnLoadMethodAttributes (32ms)
			AfterProcessingInitializeOnLoad (3ms)
			EditorAssembliesLoaded (0ms)
		ExecutionOrderSort2 (0ms)
		AwakeInstancesAfterBackupRestoration (11ms)
Refreshing native plugins compatible for Editor in 0.90 ms, found 3 plugins.
Preloading 0 native plugins for Editor in 0.00 ms.
Unloading 13 Unused Serialized files (Serialized files now loaded: 0)
Unloading 6158 unused Assets / (4.2 MB). Loaded Objects now: 7072.
Memory consumption went from 150.8 MB to 146.6 MB.
Total: 6.719400 ms (FindLiveObjects: 0.701400 ms CreateObjectMapping: 0.286900 ms MarkObjects: 3.603600 ms  DeleteObjects: 2.126900 ms)

Prepare: number of updated asset objects reloaded= 0
========================================================================
Received Prepare
Begin MonoManager ReloadAssembly
- Loaded All Assemblies, in  0.461 seconds
Refreshing native plugins compatible for Editor in 0.62 ms, found 3 plugins.
Native extension for WindowsStandalone target not found
[Package Manager] Failed to launch server process. Reason: Unity was launched with the -noUpm command-line argument
[Package Manager] Unable to send message (not connected to server process).
[Package Manager] Cannot connect to Unity Package Manager local server
Mono: successfully reloaded assembly
- Finished resetting the current domain, in  0.436 seconds
Domain Reload Profiling: 898ms
	BeginReloadAssembly (140ms)
		ExecutionOrderSort (0ms)
		DisableScriptedObjects (4ms)
		BackupInstance (0ms)
		ReleaseScriptingObjects (0ms)
		CreateAndSetChildDomain (35ms)
	RebuildCommonClasses (23ms)
	RebuildNativeTypeToScriptingClass (8ms)
	initialDomainReloadingComplete (19ms)
	LoadAllAssembliesAndSetupDomain (272ms)
		LoadAssemblies (211ms)
		RebuildTransferFunctionScriptingTraits (0ms)
		AnalyzeDomain (118ms)
			TypeCache.Refresh (4ms)
				TypeCache.ScanAssembly (0ms)
			BuildScriptInfoCaches (104ms)
			ResolveRequiredComponents (7ms)
	FinalizeReload (436ms)
		ReleaseScriptCaches (0ms)
		RebuildScriptCaches (0ms)
		SetupLoadedEditorAssemblies (336ms)
			LogAssemblyErrors (0ms)
			InitializePlatformSupportModulesInManaged (2ms)
			SetLoadedEditorAssemblies (3ms)
			BeforeProcessingInitializeOnLoad (73ms)
			ProcessInitializeOnLoadAttributes (222ms)
			ProcessInitializeOnLoadMethodAttributes (32ms)
			AfterProcessingInitializeOnLoad (3ms)
			EditorAssembliesLoaded (0ms)
		ExecutionOrderSort2 (0ms)
		AwakeInstancesAfterBackupRestoration (12ms)
Refreshing native plugins compatible for Editor in 0.77 ms, found 3 plugins.
Preloading 0 native plugins for Editor in 0.00 ms.
Unloading 13 Unused Serialized files (Serialized files now loaded: 0)
Unloading 6158 unused Assets / (4.0 MB). Loaded Objects now: 7075.
Memory consumption went from 150.9 MB to 146.9 MB.
Total: 7.005900 ms (FindLiveObjects: 0.625300 ms CreateObjectMapping: 0.334200 ms MarkObjects: 4.116100 ms  DeleteObjects: 1.929600 ms)

Prepare: number of updated asset objects reloaded= 0
========================================================================
Received Prepare
Begin MonoManager ReloadAssembly
[Licensing::Client] Successfully resolved entitlement details
- Loaded All Assemblies, in  0.476 seconds
Refreshing native plugins compatible for Editor in 0.57 ms, found 3 plugins.
Native extension for WindowsStandalone target not found
[Package Manager] Failed to launch server process. Reason: Unity was launched with the -noUpm command-line argument
[Package Manager] Unable to send message (not connected to server process).
[Package Manager] Cannot connect to Unity Package Manager local server
Mono: successfully reloaded assembly
- Finished resetting the current domain, in  0.440 seconds
Domain Reload Profiling: 917ms
	BeginReloadAssembly (151ms)
		ExecutionOrderSort (0ms)
		DisableScriptedObjects (5ms)
		BackupInstance (0ms)
		ReleaseScriptingObjects (0ms)
		CreateAndSetChildDomain (39ms)
	RebuildCommonClasses (23ms)
	RebuildNativeTypeToScriptingClass (9ms)
	initialDomainReloadingComplete (19ms)
	LoadAllAssembliesAndSetupDomain (276ms)
		LoadAssemblies (220ms)
		RebuildTransferFunctionScriptingTraits (0ms)
		AnalyzeDomain (119ms)
			TypeCache.Refresh (4ms)
				TypeCache.ScanAssembly (0ms)
			BuildScriptInfoCaches (105ms)
			ResolveRequiredComponents (7ms)
	FinalizeReload (441ms)
		ReleaseScriptCaches (0ms)
		RebuildScriptCaches (0ms)
		SetupLoadedEditorAssemblies (345ms)
			LogAssemblyErrors (0ms)
			InitializePlatformSupportModulesInManaged (1ms)
			SetLoadedEditorAssemblies (3ms)
			BeforeProcessingInitializeOnLoad (74ms)
			ProcessInitializeOnLoadAttributes (232ms)
			ProcessInitializeOnLoadMethodAttributes (30ms)
			AfterProcessingInitializeOnLoad (3ms)
			EditorAssembliesLoaded (0ms)
		ExecutionOrderSort2 (0ms)
		AwakeInstancesAfterBackupRestoration (10ms)
Refreshing native plugins compatible for Editor in 1.01 ms, found 3 plugins.
Preloading 0 native plugins for Editor in 0.00 ms.
Unloading 13 Unused Serialized files (Serialized files now loaded: 0)
Unloading 6158 unused Assets / (4.5 MB). Loaded Objects now: 7078.
Memory consumption went from 150.9 MB to 146.4 MB.
Total: 7.703100 ms (FindLiveObjects: 0.688600 ms CreateObjectMapping: 0.280800 ms MarkObjects: 4.228800 ms  DeleteObjects: 2.504100 ms)

Prepare: number of updated asset objects reloaded= 0
========================================================================
Received Prepare
Refreshing native plugins compatible for Editor in 0.68 ms, found 3 plugins.
Preloading 0 native plugins for Editor in 0.00 ms.
Unloading 13 Unused Serialized files (Serialized files now loaded: 0)
Unloading 6152 unused Assets / (4.0 MB). Loaded Objects now: 7078.
Memory consumption went from 151.1 MB to 147.1 MB.
Total: 8.326300 ms (FindLiveObjects: 0.741900 ms CreateObjectMapping: 0.321100 ms MarkObjects: 4.859600 ms  DeleteObjects: 2.402300 ms)

Prepare: number of updated asset objects reloaded= 0
========================================================================
Received Prepare
Refreshing native plugins compatible for Editor in 0.90 ms, found 3 plugins.
Preloading 0 native plugins for Editor in 0.00 ms.
Unloading 13 Unused Serialized files (Serialized files now loaded: 0)
Unloading 6152 unused Assets / (4.7 MB). Loaded Objects now: 7078.
Memory consumption went from 151.1 MB to 146.4 MB.
Total: 26.405700 ms (FindLiveObjects: 0.762000 ms CreateObjectMapping: 0.340200 ms MarkObjects: 18.339900 ms  DeleteObjects: 6.962200 ms)

Prepare: number of updated asset objects reloaded= 0
========================================================================
Received Prepare
Refreshing native plugins compatible for Editor in 0.65 ms, found 3 plugins.
Preloading 0 native plugins for Editor in 0.00 ms.
Unloading 13 Unused Serialized files (Serialized files now loaded: 0)
Unloading 6152 unused Assets / (3.8 MB). Loaded Objects now: 7078.
Memory consumption went from 151.1 MB to 147.3 MB.
Total: 7.552000 ms (FindLiveObjects: 0.677600 ms CreateObjectMapping: 0.245500 ms MarkObjects: 4.428400 ms  DeleteObjects: 2.200000 ms)

Prepare: number of updated asset objects reloaded= 0
========================================================================
Received Prepare
Begin MonoManager ReloadAssembly
[Licensing::Client] Successfully resolved entitlement details
- Loaded All Assemblies, in  0.625 seconds
Refreshing native plugins compatible for Editor in 0.69 ms, found 3 plugins.
Native extension for WindowsStandalone target not found
[Package Manager] Failed to launch server process. Reason: Unity was launched with the -noUpm command-line argument
[Package Manager] Unable to send message (not connected to server process).
[Package Manager] Cannot connect to Unity Package Manager local server
Mono: successfully reloaded assembly
- Finished resetting the current domain, in  0.465 seconds
Domain Reload Profiling: 1091ms
	BeginReloadAssembly (180ms)
		ExecutionOrderSort (0ms)
		DisableScriptedObjects (5ms)
		BackupInstance (0ms)
		ReleaseScriptingObjects (0ms)
		CreateAndSetChildDomain (44ms)
	RebuildCommonClasses (35ms)
	RebuildNativeTypeToScriptingClass (13ms)
	initialDomainReloadingComplete (25ms)
	LoadAllAssembliesAndSetupDomain (372ms)
		LoadAssemblies (277ms)
		RebuildTransferFunctionScriptingTraits (0ms)
		AnalyzeDomain (173ms)
			TypeCache.Refresh (9ms)
				TypeCache.ScanAssembly (1ms)
			BuildScriptInfoCaches (150ms)
			ResolveRequiredComponents (10ms)
	FinalizeReload (465ms)
		ReleaseScriptCaches (0ms)
		RebuildScriptCaches (0ms)
		SetupLoadedEditorAssemblies (361ms)
			LogAssemblyErrors (0ms)
			InitializePlatformSupportModulesInManaged (2ms)
			SetLoadedEditorAssemblies (4ms)
			BeforeProcessingInitializeOnLoad (86ms)
			ProcessInitializeOnLoadAttributes (232ms)
			ProcessInitializeOnLoadMethodAttributes (34ms)
			AfterProcessingInitializeOnLoad (3ms)
			EditorAssembliesLoaded (0ms)
		ExecutionOrderSort2 (0ms)
		AwakeInstancesAfterBackupRestoration (11ms)
Refreshing native plugins compatible for Editor in 0.61 ms, found 3 plugins.
Preloading 0 native plugins for Editor in 0.00 ms.
Unloading 13 Unused Serialized files (Serialized files now loaded: 0)
Unloading 6158 unused Assets / (3.8 MB). Loaded Objects now: 7081.
Memory consumption went from 150.9 MB to 147.2 MB.
Total: 5.994200 ms (FindLiveObjects: 0.634400 ms CreateObjectMapping: 0.230400 ms MarkObjects: 3.690500 ms  DeleteObjects: 1.438200 ms)

Prepare: number of updated asset objects reloaded= 0
========================================================================
Received Prepare
Begin MonoManager ReloadAssembly
- Loaded All Assemblies, in  0.459 seconds
Refreshing native plugins compatible for Editor in 0.62 ms, found 3 plugins.
Native extension for WindowsStandalone target not found
[Package Manager] Failed to launch server process. Reason: Unity was launched with the -noUpm command-line argument
[Package Manager] Unable to send message (not connected to server process).
[Package Manager] Cannot connect to Unity Package Manager local server
Mono: successfully reloaded assembly
- Finished resetting the current domain, in  0.446 seconds
Domain Reload Profiling: 906ms
	BeginReloadAssembly (141ms)
		ExecutionOrderSort (0ms)
		DisableScriptedObjects (4ms)
		BackupInstance (0ms)
		ReleaseScriptingObjects (0ms)
		CreateAndSetChildDomain (35ms)
	RebuildCommonClasses (23ms)
	RebuildNativeTypeToScriptingClass (9ms)
	initialDomainReloadingComplete (19ms)
	LoadAllAssembliesAndSetupDomain (268ms)
		LoadAssemblies (210ms)
		RebuildTransferFunctionScriptingTraits (0ms)
		AnalyzeDomain (117ms)
			TypeCache.Refresh (4ms)
				TypeCache.ScanAssembly (0ms)
			BuildScriptInfoCaches (103ms)
			ResolveRequiredComponents (7ms)
	FinalizeReload (446ms)
		ReleaseScriptCaches (0ms)
		RebuildScriptCaches (0ms)
		SetupLoadedEditorAssemblies (346ms)
			LogAssemblyErrors (0ms)
			InitializePlatformSupportModulesInManaged (2ms)
			SetLoadedEditorAssemblies (2ms)
			BeforeProcessingInitializeOnLoad (72ms)
			ProcessInitializeOnLoadAttributes (232ms)
			ProcessInitializeOnLoadMethodAttributes (35ms)
			AfterProcessingInitializeOnLoad (3ms)
			EditorAssembliesLoaded (0ms)
		ExecutionOrderSort2 (0ms)
		AwakeInstancesAfterBackupRestoration (13ms)
Refreshing native plugins compatible for Editor in 0.83 ms, found 3 plugins.
Preloading 0 native plugins for Editor in 0.00 ms.
Unloading 13 Unused Serialized files (Serialized files now loaded: 0)
Unloading 6158 unused Assets / (4.2 MB). Loaded Objects now: 7084.
Memory consumption went from 151.0 MB to 146.8 MB.
Total: 6.734900 ms (FindLiveObjects: 0.670200 ms CreateObjectMapping: 0.230700 ms MarkObjects: 3.824400 ms  DeleteObjects: 2.008900 ms)

Prepare: number of updated asset objects reloaded= 0
========================================================================
Received Import Request.
  Time since last request: 1017.683855 seconds.
  path: Assets/Scripts/CityInfoHoverTrigger.cs
  artifactKey: Guid(67ce8d7c3db44b84ab8ccbd6cf892a42) Importer(815301076,1909f56bfc062723c751e8b465ee728b)
Start importing Assets/Scripts/CityInfoHoverTrigger.cs using Guid(67ce8d7c3db44b84ab8ccbd6cf892a42) Importer(815301076,1909f56bfc062723c751e8b465ee728b) (PreviewImporter) -> (artifact id: 'ea8526a68fc46f1eda696d6ae345deec') in 0.0015689 seconds
Number of updated asset objects reloaded before import = 0Number of asset objects unloaded after import = 0

========================================================================
Received Prepare
Refreshing native plugins compatible for Editor in 0.80 ms, found 3 plugins.
Preloading 0 native plugins for Editor in 0.00 ms.
Unloading 13 Unused Serialized files (Serialized files now loaded: 0)
Unloading 6152 unused Assets / (3.9 MB). Loaded Objects now: 7084.
Memory consumption went from 151.2 MB to 147.3 MB.
Total: 8.680600 ms (FindLiveObjects: 1.002000 ms CreateObjectMapping: 0.462000 ms MarkObjects: 4.992900 ms  DeleteObjects: 2.223000 ms)

Prepare: number of updated asset objects reloaded= 0
========================================================================
Received Import Request.
  Time since last request: 10.770974 seconds.
  path: Assets/Scripts/CityInfoHoverTrigger.cs
  artifactKey: Guid(67ce8d7c3db44b84ab8ccbd6cf892a42) Importer(815301076,1909f56bfc062723c751e8b465ee728b)
Start importing Assets/Scripts/CityInfoHoverTrigger.cs using Guid(67ce8d7c3db44b84ab8ccbd6cf892a42) Importer(815301076,1909f56bfc062723c751e8b465ee728b) (PreviewImporter) -> (artifact id: 'e417ea20614a51beb6333b3c0df1812f') in 0.0007139 seconds
Number of updated asset objects reloaded before import = 0Number of asset objects unloaded after import = 0

========================================================================
Received Prepare
Refreshing native plugins compatible for Editor in 0.85 ms, found 3 plugins.
Preloading 0 native plugins for Editor in 0.00 ms.
Unloading 13 Unused Serialized files (Serialized files now loaded: 0)
Unloading 6152 unused Assets / (4.1 MB). Loaded Objects now: 7084.
Memory consumption went from 151.2 MB to 147.1 MB.
Total: 8.267800 ms (FindLiveObjects: 0.732000 ms CreateObjectMapping: 0.312000 ms MarkObjects: 4.900200 ms  DeleteObjects: 2.322800 ms)

Prepare: number of updated asset objects reloaded= 0
========================================================================
Received Import Request.
  Time since last request: 14.955518 seconds.
  path: Assets/Scripts/CityInfoHoverTrigger.cs
  artifactKey: Guid(67ce8d7c3db44b84ab8ccbd6cf892a42) Importer(815301076,1909f56bfc062723c751e8b465ee728b)
Start importing Assets/Scripts/CityInfoHoverTrigger.cs using Guid(67ce8d7c3db44b84ab8ccbd6cf892a42) Importer(815301076,1909f56bfc062723c751e8b465ee728b) (PreviewImporter) -> (artifact id: 'c7d1fef1b606c3c0555bef7730ffd093') in 0.0007952 seconds
Number of updated asset objects reloaded before import = 0Number of asset objects unloaded after import = 0

========================================================================
Received Import Request.
  Time since last request: 4.827361 seconds.
  path: Assets/Scripts/CityInfoHoverTrigger.cs
  artifactKey: Guid(67ce8d7c3db44b84ab8ccbd6cf892a42) Importer(2089858483,192608db42251d675da83286b1cce702)
Start importing Assets/Scripts/CityInfoHoverTrigger.cs using Guid(67ce8d7c3db44b84ab8ccbd6cf892a42) Importer(2089858483,192608db42251d675da83286b1cce702) (ScriptedImporter) -> (artifact id: '60eaa5059226d579417a976384d8fb39') in 0.1317013 seconds
Number of updated asset objects reloaded before import = 0Number of asset objects unloaded after import = 0

========================================================================
Received Import Request.
  Time since last request: 0.000014 seconds.
  path: Assets/Scripts/CardHoverSystem.cs
  artifactKey: Guid(e08f8938ee71d2e429b12c712bf6e80f) Importer(2089858483,192608db42251d675da83286b1cce702)
Start importing Assets/Scripts/CardHoverSystem.cs using Guid(e08f8938ee71d2e429b12c712bf6e80f) Importer(2089858483,192608db42251d675da83286b1cce702) (ScriptedImporter) -> (artifact id: '99b0e1c979f1fb2838a67496430d4fb1') in 0.0086204 seconds
Number of updated asset objects reloaded before import = 0Number of asset objects unloaded after import = 0

========================================================================
Received Import Request.
  Time since last request: 0.000024 seconds.
  path: Assets/Scripts/InteractionManager.cs
  artifactKey: Guid(1a2da4e709705674cb70775d8be5ef0e) Importer(2089858483,192608db42251d675da83286b1cce702)
Start importing Assets/Scripts/InteractionManager.cs using Guid(1a2da4e709705674cb70775d8be5ef0e) Importer(2089858483,192608db42251d675da83286b1cce702) (ScriptedImporter) -> (artifact id: '8b1573ce6764ac53d47531ffa49b6a3a') in 0.0101062 seconds
Number of updated asset objects reloaded before import = 0Number of asset objects unloaded after import = 0

========================================================================
Received Prepare
Refreshing native plugins compatible for Editor in 0.94 ms, found 3 plugins.
Preloading 0 native plugins for Editor in 0.00 ms.
Unloading 13 Unused Serialized files (Serialized files now loaded: 0)
Unloading 6152 unused Assets / (3.9 MB). Loaded Objects now: 7084.
Memory consumption went from 151.2 MB to 147.3 MB.
Total: 8.047200 ms (FindLiveObjects: 0.989800 ms CreateObjectMapping: 0.352500 ms MarkObjects: 4.522300 ms  DeleteObjects: 2.181600 ms)

Prepare: number of updated asset objects reloaded= 0
========================================================================
Received Import Request.
  Time since last request: 4.246717 seconds.
  path: Assets/Scripts/CityInfoButton.cs
  artifactKey: Guid(67ce8d7c3db44b84ab8ccbd6cf892a42) Importer(2089858483,192608db42251d675da83286b1cce702)
Start importing Assets/Scripts/CityInfoButton.cs using Guid(67ce8d7c3db44b84ab8ccbd6cf892a42) Importer(2089858483,192608db42251d675da83286b1cce702) (ScriptedImporter) -> (artifact id: 'c12d58eb47bec378336c2b7792fabbb8') in 0.0093345 seconds
Number of updated asset objects reloaded before import = 0Number of asset objects unloaded after import = 0

========================================================================
Received Prepare
Refreshing native plugins compatible for Editor in 0.64 ms, found 3 plugins.
Preloading 0 native plugins for Editor in 0.00 ms.
Unloading 13 Unused Serialized files (Serialized files now loaded: 0)
Unloading 6152 unused Assets / (4.3 MB). Loaded Objects now: 7084.
Memory consumption went from 151.2 MB to 146.9 MB.
Total: 9.331200 ms (FindLiveObjects: 0.619800 ms CreateObjectMapping: 0.242600 ms MarkObjects: 5.549000 ms  DeleteObjects: 2.918800 ms)

Prepare: number of updated asset objects reloaded= 0
========================================================================
Received Import Request.
  Time since last request: 8.034893 seconds.
  path: Assets/Scripts/CityInfoButton.cs
  artifactKey: Guid(67ce8d7c3db44b84ab8ccbd6cf892a42) Importer(2089858483,192608db42251d675da83286b1cce702)
Start importing Assets/Scripts/CityInfoButton.cs using Guid(67ce8d7c3db44b84ab8ccbd6cf892a42) Importer(2089858483,192608db42251d675da83286b1cce702) (ScriptedImporter) -> (artifact id: 'b4495acd1874f66b7fc68d0730744439') in 0.0087177 seconds
Number of updated asset objects reloaded before import = 0Number of asset objects unloaded after import = 0

========================================================================
Received Prepare
Refreshing native plugins compatible for Editor in 0.70 ms, found 3 plugins.
Preloading 0 native plugins for Editor in 0.00 ms.
Unloading 13 Unused Serialized files (Serialized files now loaded: 0)
Unloading 6152 unused Assets / (3.8 MB). Loaded Objects now: 7084.
Memory consumption went from 151.2 MB to 147.4 MB.
Total: 7.624600 ms (FindLiveObjects: 0.626400 ms CreateObjectMapping: 0.224600 ms MarkObjects: 4.662900 ms  DeleteObjects: 2.109500 ms)

Prepare: number of updated asset objects reloaded= 0
========================================================================
Received Import Request.
  Time since last request: 7.710000 seconds.
  path: Assets/Scripts/CityInfoButton.cs
  artifactKey: Guid(67ce8d7c3db44b84ab8ccbd6cf892a42) Importer(815301076,1909f56bfc062723c751e8b465ee728b)
Start importing Assets/Scripts/CityInfoButton.cs using Guid(67ce8d7c3db44b84ab8ccbd6cf892a42) Importer(815301076,1909f56bfc062723c751e8b465ee728b) (PreviewImporter) -> (artifact id: '8c4e9db10466e3a94e381373e2e13128') in 0.0007234 seconds
Number of updated asset objects reloaded before import = 0Number of asset objects unloaded after import = 0

========================================================================
Received Import Request.
  Time since last request: 0.696225 seconds.
  path: Assets/Scripts/InteractionManager.cs
  artifactKey: Guid(1a2da4e709705674cb70775d8be5ef0e) Importer(2089858483,192608db42251d675da83286b1cce702)
Start importing Assets/Scripts/InteractionManager.cs using Guid(1a2da4e709705674cb70775d8be5ef0e) Importer(2089858483,192608db42251d675da83286b1cce702) (ScriptedImporter) -> (artifact id: 'b26fc6e072a8c6b71054154153a23aab') in 0.011263 seconds
Number of updated asset objects reloaded before import = 0Number of asset objects unloaded after import = 0

========================================================================
Received Prepare
Begin MonoManager ReloadAssembly
[Licensing::Client] Successfully resolved entitlement details
- Loaded All Assemblies, in  0.523 seconds
Refreshing native plugins compatible for Editor in 0.53 ms, found 3 plugins.
Native extension for WindowsStandalone target not found
[Package Manager] Failed to launch server process. Reason: Unity was launched with the -noUpm command-line argument
[Package Manager] Unable to send message (not connected to server process).
[Package Manager] Cannot connect to Unity Package Manager local server
Mono: successfully reloaded assembly
- Finished resetting the current domain, in  0.479 seconds
Domain Reload Profiling: 1003ms
	BeginReloadAssembly (167ms)
		ExecutionOrderSort (0ms)
		DisableScriptedObjects (4ms)
		BackupInstance (0ms)
		ReleaseScriptingObjects (0ms)
		CreateAndSetChildDomain (56ms)
	RebuildCommonClasses (24ms)
	RebuildNativeTypeToScriptingClass (10ms)
	initialDomainReloadingComplete (22ms)
	LoadAllAssembliesAndSetupDomain (300ms)
		LoadAssemblies (230ms)
		RebuildTransferFunctionScriptingTraits (0ms)
		AnalyzeDomain (133ms)
			TypeCache.Refresh (7ms)
				TypeCache.ScanAssembly (0ms)
			BuildScriptInfoCaches (117ms)
			ResolveRequiredComponents (7ms)
	FinalizeReload (480ms)
		ReleaseScriptCaches (0ms)
		RebuildScriptCaches (0ms)
		SetupLoadedEditorAssemblies (378ms)
			LogAssemblyErrors (0ms)
			InitializePlatformSupportModulesInManaged (2ms)
			SetLoadedEditorAssemblies (4ms)
			BeforeProcessingInitializeOnLoad (84ms)
			ProcessInitializeOnLoadAttributes (250ms)
			ProcessInitializeOnLoadMethodAttributes (34ms)
			AfterProcessingInitializeOnLoad (3ms)
			EditorAssembliesLoaded (0ms)
		ExecutionOrderSort2 (0ms)
		AwakeInstancesAfterBackupRestoration (11ms)
Refreshing native plugins compatible for Editor in 0.89 ms, found 3 plugins.
Preloading 0 native plugins for Editor in 0.00 ms.
Unloading 13 Unused Serialized files (Serialized files now loaded: 0)
Unloading 6158 unused Assets / (3.8 MB). Loaded Objects now: 7087.
Memory consumption went from 151.0 MB to 147.2 MB.
Total: 6.519100 ms (FindLiveObjects: 0.641900 ms CreateObjectMapping: 0.294200 ms MarkObjects: 3.756900 ms  DeleteObjects: 1.825500 ms)

Prepare: number of updated asset objects reloaded= 0
========================================================================
Received Import Request.
  Time since last request: 4.503810 seconds.
  path: Assets/Scripts/CityInfoButton.cs
  artifactKey: Guid(67ce8d7c3db44b84ab8ccbd6cf892a42) Importer(815301076,1909f56bfc062723c751e8b465ee728b)
Start importing Assets/Scripts/CityInfoButton.cs using Guid(67ce8d7c3db44b84ab8ccbd6cf892a42) Importer(815301076,1909f56bfc062723c751e8b465ee728b) (PreviewImporter) -> (artifact id: '6268df7f9e54231546432a6c37449aca') in 0.0017231 seconds
Number of updated asset objects reloaded before import = 0Number of asset objects unloaded after import = 0

========================================================================
Received Prepare
Begin MonoManager ReloadAssembly
- Loaded All Assemblies, in  0.474 seconds
Refreshing native plugins compatible for Editor in 0.57 ms, found 3 plugins.
Native extension for WindowsStandalone target not found
[Package Manager] Failed to launch server process. Reason: Unity was launched with the -noUpm command-line argument
[Package Manager] Unable to send message (not connected to server process).
[Package Manager] Cannot connect to Unity Package Manager local server
Mono: successfully reloaded assembly
- Finished resetting the current domain, in  0.468 seconds
Domain Reload Profiling: 944ms
	BeginReloadAssembly (152ms)
		ExecutionOrderSort (0ms)
		DisableScriptedObjects (4ms)
		BackupInstance (0ms)
		ReleaseScriptingObjects (0ms)
		CreateAndSetChildDomain (41ms)
	RebuildCommonClasses (23ms)
	RebuildNativeTypeToScriptingClass (9ms)
	initialDomainReloadingComplete (18ms)
	LoadAllAssembliesAndSetupDomain (273ms)
		LoadAssemblies (215ms)
		RebuildTransferFunctionScriptingTraits (0ms)
		AnalyzeDomain (119ms)
			TypeCache.Refresh (4ms)
				TypeCache.ScanAssembly (0ms)
			BuildScriptInfoCaches (106ms)
			ResolveRequiredComponents (7ms)
	FinalizeReload (469ms)
		ReleaseScriptCaches (0ms)
		RebuildScriptCaches (0ms)
		SetupLoadedEditorAssemblies (365ms)
			LogAssemblyErrors (0ms)
			InitializePlatformSupportModulesInManaged (2ms)
			SetLoadedEditorAssemblies (4ms)
			BeforeProcessingInitializeOnLoad (79ms)
			ProcessInitializeOnLoadAttributes (240ms)
			ProcessInitializeOnLoadMethodAttributes (36ms)
			AfterProcessingInitializeOnLoad (3ms)
			EditorAssembliesLoaded (0ms)
		ExecutionOrderSort2 (0ms)
		AwakeInstancesAfterBackupRestoration (10ms)
Refreshing native plugins compatible for Editor in 0.62 ms, found 3 plugins.
Preloading 0 native plugins for Editor in 0.00 ms.
Unloading 13 Unused Serialized files (Serialized files now loaded: 0)
Unloading 6158 unused Assets / (4.0 MB). Loaded Objects now: 7090.
Memory consumption went from 151.1 MB to 147.1 MB.
Total: 6.399200 ms (FindLiveObjects: 0.633300 ms CreateObjectMapping: 0.259300 ms MarkObjects: 3.874500 ms  DeleteObjects: 1.631400 ms)

Prepare: number of updated asset objects reloaded= 0
========================================================================
Received Prepare
Refreshing native plugins compatible for Editor in 0.62 ms, found 3 plugins.
Preloading 0 native plugins for Editor in 0.00 ms.
Unloading 13 Unused Serialized files (Serialized files now loaded: 0)
Unloading 6152 unused Assets / (4.0 MB). Loaded Objects now: 7090.
Memory consumption went from 151.2 MB to 147.2 MB.
Total: 8.515000 ms (FindLiveObjects: 0.710500 ms CreateObjectMapping: 0.320900 ms MarkObjects: 5.084600 ms  DeleteObjects: 2.398300 ms)

Prepare: number of updated asset objects reloaded= 0
========================================================================
Received Prepare
Refreshing native plugins compatible for Editor in 0.71 ms, found 3 plugins.
Preloading 0 native plugins for Editor in 0.00 ms.
Unloading 13 Unused Serialized files (Serialized files now loaded: 0)
Unloading 6152 unused Assets / (3.8 MB). Loaded Objects now: 7090.
Memory consumption went from 151.2 MB to 147.4 MB.
Total: 6.874800 ms (FindLiveObjects: 0.661100 ms CreateObjectMapping: 0.312600 ms MarkObjects: 3.831500 ms  DeleteObjects: 2.069100 ms)

Prepare: number of updated asset objects reloaded= 0
========================================================================
Received Prepare
Refreshing native plugins compatible for Editor in 0.90 ms, found 3 plugins.
Preloading 0 native plugins for Editor in 0.00 ms.
Unloading 13 Unused Serialized files (Serialized files now loaded: 0)
Unloading 6152 unused Assets / (3.3 MB). Loaded Objects now: 7090.
Memory consumption went from 151.2 MB to 147.9 MB.
Total: 6.695800 ms (FindLiveObjects: 1.009200 ms CreateObjectMapping: 0.416200 ms MarkObjects: 3.776300 ms  DeleteObjects: 1.493100 ms)

Prepare: number of updated asset objects reloaded= 0
========================================================================
Received Prepare
Begin MonoManager ReloadAssembly
[Licensing::Client] Successfully resolved entitlement details
- Loaded All Assemblies, in  0.580 seconds
Refreshing native plugins compatible for Editor in 0.73 ms, found 3 plugins.
Native extension for WindowsStandalone target not found
[Package Manager] Failed to launch server process. Reason: Unity was launched with the -noUpm command-line argument
[Package Manager] Unable to send message (not connected to server process).
[Package Manager] Cannot connect to Unity Package Manager local server
Mono: successfully reloaded assembly
- Finished resetting the current domain, in  0.587 seconds
Domain Reload Profiling: 1169ms
	BeginReloadAssembly (178ms)
		ExecutionOrderSort (0ms)
		DisableScriptedObjects (5ms)
		BackupInstance (0ms)
		ReleaseScriptingObjects (0ms)
		CreateAndSetChildDomain (44ms)
	RebuildCommonClasses (33ms)
	RebuildNativeTypeToScriptingClass (12ms)
	initialDomainReloadingComplete (24ms)
	LoadAllAssembliesAndSetupDomain (334ms)
		LoadAssemblies (257ms)
		RebuildTransferFunctionScriptingTraits (0ms)
		AnalyzeDomain (152ms)
			TypeCache.Refresh (8ms)
				TypeCache.ScanAssembly (1ms)
			BuildScriptInfoCaches (129ms)
			ResolveRequiredComponents (10ms)
	FinalizeReload (588ms)
		ReleaseScriptCaches (0ms)
		RebuildScriptCaches (0ms)
		SetupLoadedEditorAssemblies (461ms)
			LogAssemblyErrors (0ms)
			InitializePlatformSupportModulesInManaged (2ms)
			SetLoadedEditorAssemblies (5ms)
			BeforeProcessingInitializeOnLoad (108ms)
			ProcessInitializeOnLoadAttributes (304ms)
			ProcessInitializeOnLoadMethodAttributes (39ms)
			AfterProcessingInitializeOnLoad (4ms)
			EditorAssembliesLoaded (0ms)
		ExecutionOrderSort2 (0ms)
		AwakeInstancesAfterBackupRestoration (10ms)
Refreshing native plugins compatible for Editor in 0.71 ms, found 3 plugins.
Preloading 0 native plugins for Editor in 0.00 ms.
Unloading 13 Unused Serialized files (Serialized files now loaded: 0)
Unloading 6158 unused Assets / (3.8 MB). Loaded Objects now: 7093.
Memory consumption went from 151.1 MB to 147.3 MB.
Total: 6.016900 ms (FindLiveObjects: 0.884600 ms CreateObjectMapping: 0.225600 ms MarkObjects: 3.110700 ms  DeleteObjects: 1.795300 ms)

Prepare: number of updated asset objects reloaded= 0
========================================================================
Received Prepare
Begin MonoManager ReloadAssembly
- Loaded All Assemblies, in  0.473 seconds
Refreshing native plugins compatible for Editor in 0.53 ms, found 3 plugins.
Native extension for WindowsStandalone target not found
[Package Manager] Failed to launch server process. Reason: Unity was launched with the -noUpm command-line argument
[Package Manager] Unable to send message (not connected to server process).
[Package Manager] Cannot connect to Unity Package Manager local server
Mono: successfully reloaded assembly
- Finished resetting the current domain, in  0.430 seconds
Domain Reload Profiling: 905ms
	BeginReloadAssembly (153ms)
		ExecutionOrderSort (0ms)
		DisableScriptedObjects (4ms)
		BackupInstance (0ms)
		ReleaseScriptingObjects (0ms)
		CreateAndSetChildDomain (37ms)
	RebuildCommonClasses (24ms)
	RebuildNativeTypeToScriptingClass (9ms)
	initialDomainReloadingComplete (19ms)
	LoadAllAssembliesAndSetupDomain (269ms)
		LoadAssemblies (220ms)
		RebuildTransferFunctionScriptingTraits (0ms)
		AnalyzeDomain (116ms)
			TypeCache.Refresh (4ms)
				TypeCache.ScanAssembly (0ms)
			BuildScriptInfoCaches (103ms)
			ResolveRequiredComponents (7ms)
	FinalizeReload (431ms)
		ReleaseScriptCaches (0ms)
		RebuildScriptCaches (0ms)
		SetupLoadedEditorAssemblies (335ms)
			LogAssemblyErrors (0ms)
			InitializePlatformSupportModulesInManaged (1ms)
			SetLoadedEditorAssemblies (3ms)
			BeforeProcessingInitializeOnLoad (75ms)
			ProcessInitializeOnLoadAttributes (221ms)
			ProcessInitializeOnLoadMethodAttributes (31ms)
			AfterProcessingInitializeOnLoad (3ms)
			EditorAssembliesLoaded (0ms)
		ExecutionOrderSort2 (0ms)
		AwakeInstancesAfterBackupRestoration (10ms)
Refreshing native plugins compatible for Editor in 0.85 ms, found 3 plugins.
Preloading 0 native plugins for Editor in 0.00 ms.
Unloading 13 Unused Serialized files (Serialized files now loaded: 0)
Unloading 6158 unused Assets / (4.1 MB). Loaded Objects now: 7096.
Memory consumption went from 151.1 MB to 147.0 MB.
Total: 6.229700 ms (FindLiveObjects: 0.677300 ms CreateObjectMapping: 0.225500 ms MarkObjects: 3.477200 ms  DeleteObjects: 1.849000 ms)

Prepare: number of updated asset objects reloaded= 0
========================================================================
Received Prepare
Refreshing native plugins compatible for Editor in 0.81 ms, found 3 plugins.
Preloading 0 native plugins for Editor in 0.00 ms.
Unloading 13 Unused Serialized files (Serialized files now loaded: 0)
Unloading 6152 unused Assets / (4.1 MB). Loaded Objects now: 7096.
Memory consumption went from 151.3 MB to 147.2 MB.
Total: 8.225000 ms (FindLiveObjects: 0.901100 ms CreateObjectMapping: 0.322300 ms MarkObjects: 4.723200 ms  DeleteObjects: 2.277800 ms)

Prepare: number of updated asset objects reloaded= 0
========================================================================
Received Prepare
Begin MonoManager ReloadAssembly
[Licensing::Client] Successfully resolved entitlement details
- Loaded All Assemblies, in  0.485 seconds
Refreshing native plugins compatible for Editor in 0.52 ms, found 3 plugins.
Native extension for WindowsStandalone target not found
[Package Manager] Failed to launch server process. Reason: Unity was launched with the -noUpm command-line argument
[Package Manager] Unable to send message (not connected to server process).
[Package Manager] Cannot connect to Unity Package Manager local server
Mono: successfully reloaded assembly
- Finished resetting the current domain, in  0.497 seconds
Domain Reload Profiling: 984ms
	BeginReloadAssembly (151ms)
		ExecutionOrderSort (0ms)
		DisableScriptedObjects (4ms)
		BackupInstance (0ms)
		ReleaseScriptingObjects (0ms)
		CreateAndSetChildDomain (42ms)
	RebuildCommonClasses (23ms)
	RebuildNativeTypeToScriptingClass (8ms)
	initialDomainReloadingComplete (20ms)
	LoadAllAssembliesAndSetupDomain (283ms)
		LoadAssemblies (214ms)
		RebuildTransferFunctionScriptingTraits (0ms)
		AnalyzeDomain (126ms)
			TypeCache.Refresh (6ms)
				TypeCache.ScanAssembly (0ms)
			BuildScriptInfoCaches (109ms)
			ResolveRequiredComponents (7ms)
	FinalizeReload (498ms)
		ReleaseScriptCaches (0ms)
		RebuildScriptCaches (0ms)
		SetupLoadedEditorAssemblies (393ms)
			LogAssemblyErrors (0ms)
			InitializePlatformSupportModulesInManaged (2ms)
			SetLoadedEditorAssemblies (4ms)
			BeforeProcessingInitializeOnLoad (76ms)
			ProcessInitializeOnLoadAttributes (266ms)
			ProcessInitializeOnLoadMethodAttributes (40ms)
			AfterProcessingInitializeOnLoad (4ms)
			EditorAssembliesLoaded (0ms)
		ExecutionOrderSort2 (0ms)
		AwakeInstancesAfterBackupRestoration (13ms)
Refreshing native plugins compatible for Editor in 0.63 ms, found 3 plugins.
Preloading 0 native plugins for Editor in 0.00 ms.
Unloading 13 Unused Serialized files (Serialized files now loaded: 0)
Unloading 6158 unused Assets / (3.8 MB). Loaded Objects now: 7099.
Memory consumption went from 151.2 MB to 147.4 MB.
Total: 6.236100 ms (FindLiveObjects: 0.783600 ms CreateObjectMapping: 0.440400 ms MarkObjects: 3.451900 ms  DeleteObjects: 1.559600 ms)

Prepare: number of updated asset objects reloaded= 0
========================================================================
Received Prepare
Begin MonoManager ReloadAssembly
- Loaded All Assemblies, in  0.457 seconds
Refreshing native plugins compatible for Editor in 0.87 ms, found 3 plugins.
Native extension for WindowsStandalone target not found
[Package Manager] Failed to launch server process. Reason: Unity was launched with the -noUpm command-line argument
[Package Manager] Unable to send message (not connected to server process).
[Package Manager] Cannot connect to Unity Package Manager local server
Mono: successfully reloaded assembly
- Finished resetting the current domain, in  0.448 seconds
Domain Reload Profiling: 906ms
	BeginReloadAssembly (140ms)
		ExecutionOrderSort (0ms)
		DisableScriptedObjects (4ms)
		BackupInstance (0ms)
		ReleaseScriptingObjects (0ms)
		CreateAndSetChildDomain (35ms)
	RebuildCommonClasses (23ms)
	RebuildNativeTypeToScriptingClass (8ms)
	initialDomainReloadingComplete (18ms)
	LoadAllAssembliesAndSetupDomain (269ms)
		LoadAssemblies (207ms)
		RebuildTransferFunctionScriptingTraits (0ms)
		AnalyzeDomain (120ms)
			TypeCache.Refresh (4ms)
				TypeCache.ScanAssembly (0ms)
			BuildScriptInfoCaches (105ms)
			ResolveRequiredComponents (7ms)
	FinalizeReload (449ms)
		ReleaseScriptCaches (0ms)
		RebuildScriptCaches (0ms)
		SetupLoadedEditorAssemblies (354ms)
			LogAssemblyErrors (0ms)
			InitializePlatformSupportModulesInManaged (2ms)
			SetLoadedEditorAssemblies (4ms)
			BeforeProcessingInitializeOnLoad (74ms)
			ProcessInitializeOnLoadAttributes (234ms)
			ProcessInitializeOnLoadMethodAttributes (36ms)
			AfterProcessingInitializeOnLoad (4ms)
			EditorAssembliesLoaded (0ms)
		ExecutionOrderSort2 (0ms)
		AwakeInstancesAfterBackupRestoration (11ms)
Refreshing native plugins compatible for Editor in 0.73 ms, found 3 plugins.
Preloading 0 native plugins for Editor in 0.00 ms.
Unloading 13 Unused Serialized files (Serialized files now loaded: 0)
Unloading 6158 unused Assets / (4.0 MB). Loaded Objects now: 7102.
Memory consumption went from 151.2 MB to 147.2 MB.
Total: 8.133700 ms (FindLiveObjects: 0.899200 ms CreateObjectMapping: 0.642400 ms MarkObjects: 4.258500 ms  DeleteObjects: 2.332600 ms)

Prepare: number of updated asset objects reloaded= 0
========================================================================
Received Prepare
Refreshing native plugins compatible for Editor in 0.61 ms, found 3 plugins.
Preloading 0 native plugins for Editor in 0.00 ms.
Unloading 13 Unused Serialized files (Serialized files now loaded: 0)
Unloading 6152 unused Assets / (3.4 MB). Loaded Objects now: 7102.
Memory consumption went from 151.4 MB to 148.0 MB.
Total: 5.884900 ms (FindLiveObjects: 0.604800 ms CreateObjectMapping: 0.187500 ms MarkObjects: 3.647300 ms  DeleteObjects: 1.444500 ms)

Prepare: number of updated asset objects reloaded= 0
========================================================================
Received Prepare
Begin MonoManager ReloadAssembly
[Licensing::Client] Successfully resolved entitlement details
- Loaded All Assemblies, in  0.620 seconds
Refreshing native plugins compatible for Editor in 0.72 ms, found 3 plugins.
Native extension for WindowsStandalone target not found
[Package Manager] Failed to launch server process. Reason: Unity was launched with the -noUpm command-line argument
[Package Manager] Unable to send message (not connected to server process).
[Package Manager] Cannot connect to Unity Package Manager local server
Mono: successfully reloaded assembly
- Finished resetting the current domain, in  0.592 seconds
Domain Reload Profiling: 1213ms
	BeginReloadAssembly (159ms)
		ExecutionOrderSort (0ms)
		DisableScriptedObjects (5ms)
		BackupInstance (0ms)
		ReleaseScriptingObjects (0ms)
		CreateAndSetChildDomain (37ms)
	RebuildCommonClasses (34ms)
	RebuildNativeTypeToScriptingClass (13ms)
	initialDomainReloadingComplete (25ms)
	LoadAllAssembliesAndSetupDomain (390ms)
		LoadAssemblies (287ms)
		RebuildTransferFunctionScriptingTraits (0ms)
		AnalyzeDomain (173ms)
			TypeCache.Refresh (9ms)
				TypeCache.ScanAssembly (1ms)
			BuildScriptInfoCaches (151ms)
			ResolveRequiredComponents (10ms)
	FinalizeReload (593ms)
		ReleaseScriptCaches (0ms)
		RebuildScriptCaches (0ms)
		SetupLoadedEditorAssemblies (461ms)
			LogAssemblyErrors (0ms)
			InitializePlatformSupportModulesInManaged (2ms)
			SetLoadedEditorAssemblies (5ms)
			BeforeProcessingInitializeOnLoad (104ms)
			ProcessInitializeOnLoadAttributes (304ms)
			ProcessInitializeOnLoadMethodAttributes (43ms)
			AfterProcessingInitializeOnLoad (4ms)
			EditorAssembliesLoaded (0ms)
		ExecutionOrderSort2 (0ms)
		AwakeInstancesAfterBackupRestoration (14ms)
Refreshing native plugins compatible for Editor in 0.65 ms, found 3 plugins.
Preloading 0 native plugins for Editor in 0.00 ms.
Unloading 13 Unused Serialized files (Serialized files now loaded: 0)
Unloading 6158 unused Assets / (4.4 MB). Loaded Objects now: 7105.
Memory consumption went from 151.2 MB to 146.8 MB.
Total: 7.617300 ms (FindLiveObjects: 0.945800 ms CreateObjectMapping: 0.289200 ms MarkObjects: 4.364200 ms  DeleteObjects: 2.017700 ms)

Prepare: number of updated asset objects reloaded= 0
========================================================================
Received Prepare
Begin MonoManager ReloadAssembly
[Licensing::Client] Successfully resolved entitlement details
- Loaded All Assemblies, in  0.464 seconds
Refreshing native plugins compatible for Editor in 0.57 ms, found 3 plugins.
Native extension for WindowsStandalone target not found
[Package Manager] Failed to launch server process. Reason: Unity was launched with the -noUpm command-line argument
[Package Manager] Unable to send message (not connected to server process).
[Package Manager] Cannot connect to Unity Package Manager local server
Mono: successfully reloaded assembly
- Finished resetting the current domain, in  0.439 seconds
Domain Reload Profiling: 904ms
	BeginReloadAssembly (141ms)
		ExecutionOrderSort (0ms)
		DisableScriptedObjects (4ms)
		BackupInstance (0ms)
		ReleaseScriptingObjects (0ms)
		CreateAndSetChildDomain (36ms)
	RebuildCommonClasses (26ms)
	RebuildNativeTypeToScriptingClass (11ms)
	initialDomainReloadingComplete (19ms)
	LoadAllAssembliesAndSetupDomain (268ms)
		LoadAssemblies (207ms)
		RebuildTransferFunctionScriptingTraits (0ms)
		AnalyzeDomain (120ms)
			TypeCache.Refresh (4ms)
				TypeCache.ScanAssembly (0ms)
			BuildScriptInfoCaches (106ms)
			ResolveRequiredComponents (7ms)
	FinalizeReload (439ms)
		ReleaseScriptCaches (0ms)
		RebuildScriptCaches (0ms)
		SetupLoadedEditorAssemblies (338ms)
			LogAssemblyErrors (0ms)
			InitializePlatformSupportModulesInManaged (2ms)
			SetLoadedEditorAssemblies (4ms)
			BeforeProcessingInitializeOnLoad (74ms)
			ProcessInitializeOnLoadAttributes (224ms)
			ProcessInitializeOnLoadMethodAttributes (31ms)
			AfterProcessingInitializeOnLoad (3ms)
			EditorAssembliesLoaded (0ms)
		ExecutionOrderSort2 (0ms)
		AwakeInstancesAfterBackupRestoration (12ms)
Refreshing native plugins compatible for Editor in 0.73 ms, found 3 plugins.
Preloading 0 native plugins for Editor in 0.00 ms.
Unloading 13 Unused Serialized files (Serialized files now loaded: 0)
Unloading 6158 unused Assets / (3.6 MB). Loaded Objects now: 7108.
Memory consumption went from 151.3 MB to 147.7 MB.
Total: 5.345100 ms (FindLiveObjects: 0.609300 ms CreateObjectMapping: 0.194300 ms MarkObjects: 3.238900 ms  DeleteObjects: 1.301900 ms)

Prepare: number of updated asset objects reloaded= 0
========================================================================
Received Prepare
Refreshing native plugins compatible for Editor in 0.92 ms, found 3 plugins.
Preloading 0 native plugins for Editor in 0.00 ms.
Unloading 13 Unused Serialized files (Serialized files now loaded: 0)
Unloading 6152 unused Assets / (4.2 MB). Loaded Objects now: 7108.
Memory consumption went from 151.5 MB to 147.3 MB.
Total: 8.813400 ms (FindLiveObjects: 1.068900 ms CreateObjectMapping: 0.766100 ms MarkObjects: 4.360600 ms  DeleteObjects: 2.616800 ms)

Prepare: number of updated asset objects reloaded= 0
========================================================================
Received Prepare
Begin MonoManager ReloadAssembly
[Licensing::Client] Successfully resolved entitlement details
- Loaded All Assemblies, in  0.536 seconds
Refreshing native plugins compatible for Editor in 0.58 ms, found 3 plugins.
Native extension for WindowsStandalone target not found
[Package Manager] Failed to launch server process. Reason: Unity was launched with the -noUpm command-line argument
[Package Manager] Unable to send message (not connected to server process).
[Package Manager] Cannot connect to Unity Package Manager local server
Mono: successfully reloaded assembly
- Finished resetting the current domain, in  0.561 seconds
Domain Reload Profiling: 1098ms
	BeginReloadAssembly (156ms)
		ExecutionOrderSort (0ms)
		DisableScriptedObjects (5ms)
		BackupInstance (0ms)
		ReleaseScriptingObjects (0ms)
		CreateAndSetChildDomain (41ms)
	RebuildCommonClasses (23ms)
	RebuildNativeTypeToScriptingClass (8ms)
	initialDomainReloadingComplete (22ms)
	LoadAllAssembliesAndSetupDomain (328ms)
		LoadAssemblies (253ms)
		RebuildTransferFunctionScriptingTraits (0ms)
		AnalyzeDomain (137ms)
			TypeCache.Refresh (6ms)
				TypeCache.ScanAssembly (0ms)
			BuildScriptInfoCaches (120ms)
			ResolveRequiredComponents (7ms)
	FinalizeReload (561ms)
		ReleaseScriptCaches (0ms)
		RebuildScriptCaches (0ms)
		SetupLoadedEditorAssemblies (452ms)
			LogAssemblyErrors (0ms)
			InitializePlatformSupportModulesInManaged (2ms)
			SetLoadedEditorAssemblies (5ms)
			BeforeProcessingInitializeOnLoad (109ms)
			ProcessInitializeOnLoadAttributes (298ms)
			ProcessInitializeOnLoadMethodAttributes (35ms)
			AfterProcessingInitializeOnLoad (3ms)
			EditorAssembliesLoaded (0ms)
		ExecutionOrderSort2 (0ms)
		AwakeInstancesAfterBackupRestoration (10ms)
Refreshing native plugins compatible for Editor in 0.70 ms, found 3 plugins.
Preloading 0 native plugins for Editor in 0.00 ms.
Unloading 13 Unused Serialized files (Serialized files now loaded: 0)
Unloading 6158 unused Assets / (3.7 MB). Loaded Objects now: 7111.
Memory consumption went from 151.3 MB to 147.6 MB.
Total: 5.955100 ms (FindLiveObjects: 0.916200 ms CreateObjectMapping: 0.308500 ms MarkObjects: 3.118100 ms  DeleteObjects: 1.611800 ms)

Prepare: number of updated asset objects reloaded= 0
========================================================================
Received Prepare
Refreshing native plugins compatible for Editor in 0.85 ms, found 3 plugins.
Preloading 0 native plugins for Editor in 0.00 ms.
Unloading 13 Unused Serialized files (Serialized files now loaded: 0)
Unloading 6152 unused Assets / (4.0 MB). Loaded Objects now: 7111.
Memory consumption went from 151.5 MB to 147.5 MB.
Total: 8.890900 ms (FindLiveObjects: 1.038500 ms CreateObjectMapping: 0.436700 ms MarkObjects: 4.607400 ms  DeleteObjects: 2.806800 ms)

Prepare: number of updated asset objects reloaded= 0
========================================================================
Received Prepare
Begin MonoManager ReloadAssembly
- Loaded All Assemblies, in  0.582 seconds
Refreshing native plugins compatible for Editor in 0.79 ms, found 3 plugins.
Native extension for WindowsStandalone target not found
[Package Manager] Failed to launch server process. Reason: Unity was launched with the -noUpm command-line argument
[Package Manager] Unable to send message (not connected to server process).
[Package Manager] Cannot connect to Unity Package Manager local server
Mono: successfully reloaded assembly
- Finished resetting the current domain, in  0.592 seconds
Domain Reload Profiling: 1175ms
	BeginReloadAssembly (164ms)
		ExecutionOrderSort (0ms)
		DisableScriptedObjects (4ms)
		BackupInstance (0ms)
		ReleaseScriptingObjects (0ms)
		CreateAndSetChildDomain (40ms)
	RebuildCommonClasses (35ms)
	RebuildNativeTypeToScriptingClass (13ms)
	initialDomainReloadingComplete (27ms)
	LoadAllAssembliesAndSetupDomain (343ms)
		LoadAssemblies (256ms)
		RebuildTransferFunctionScriptingTraits (0ms)
		AnalyzeDomain (158ms)
			TypeCache.Refresh (8ms)
				TypeCache.ScanAssembly (1ms)
			BuildScriptInfoCaches (139ms)
			ResolveRequiredComponents (7ms)
	FinalizeReload (592ms)
		ReleaseScriptCaches (0ms)
		RebuildScriptCaches (0ms)
		SetupLoadedEditorAssemblies (471ms)
			LogAssemblyErrors (0ms)
			InitializePlatformSupportModulesInManaged (2ms)
			SetLoadedEditorAssemblies (6ms)
			BeforeProcessingInitializeOnLoad (119ms)
			ProcessInitializeOnLoadAttributes (305ms)
			ProcessInitializeOnLoadMethodAttributes (34ms)
			AfterProcessingInitializeOnLoad (5ms)
			EditorAssembliesLoaded (0ms)
		ExecutionOrderSort2 (0ms)
		AwakeInstancesAfterBackupRestoration (13ms)
Refreshing native plugins compatible for Editor in 0.66 ms, found 3 plugins.
Preloading 0 native plugins for Editor in 0.00 ms.
Unloading 13 Unused Serialized files (Serialized files now loaded: 0)
Unloading 6158 unused Assets / (4.2 MB). Loaded Objects now: 7114.
Memory consumption went from 151.3 MB to 147.1 MB.
Total: 7.058500 ms (FindLiveObjects: 0.894700 ms CreateObjectMapping: 0.231600 ms MarkObjects: 3.931100 ms  DeleteObjects: 2.000700 ms)

Prepare: number of updated asset objects reloaded= 0
========================================================================
Received Prepare
Refreshing native plugins compatible for Editor in 0.70 ms, found 3 plugins.
Preloading 0 native plugins for Editor in 0.00 ms.
Unloading 13 Unused Serialized files (Serialized files now loaded: 0)
Unloading 6152 unused Assets / (3.9 MB). Loaded Objects now: 7114.
Memory consumption went from 151.5 MB to 147.7 MB.
Total: 6.539400 ms (FindLiveObjects: 0.653900 ms CreateObjectMapping: 0.222700 ms MarkObjects: 3.599400 ms  DeleteObjects: 2.063000 ms)

Prepare: number of updated asset objects reloaded= 0
========================================================================
Received Prepare
Begin MonoManager ReloadAssembly
- Loaded All Assemblies, in  0.565 seconds
Refreshing native plugins compatible for Editor in 0.66 ms, found 3 plugins.
Native extension for WindowsStandalone target not found
[Package Manager] Failed to launch server process. Reason: Unity was launched with the -noUpm command-line argument
[Package Manager] Unable to send message (not connected to server process).
[Package Manager] Cannot connect to Unity Package Manager local server
Mono: successfully reloaded assembly
- Finished resetting the current domain, in  0.570 seconds
Domain Reload Profiling: 1137ms
	BeginReloadAssembly (168ms)
		ExecutionOrderSort (0ms)
		DisableScriptedObjects (5ms)
		BackupInstance (0ms)
		ReleaseScriptingObjects (0ms)
		CreateAndSetChildDomain (41ms)
	RebuildCommonClasses (32ms)
	RebuildNativeTypeToScriptingClass (14ms)
	initialDomainReloadingComplete (23ms)
	LoadAllAssembliesAndSetupDomain (330ms)
		LoadAssemblies (261ms)
		RebuildTransferFunctionScriptingTraits (0ms)
		AnalyzeDomain (139ms)
			TypeCache.Refresh (6ms)
				TypeCache.ScanAssembly (0ms)
			BuildScriptInfoCaches (120ms)
			ResolveRequiredComponents (9ms)
	FinalizeReload (570ms)
		ReleaseScriptCaches (0ms)
		RebuildScriptCaches (0ms)
		SetupLoadedEditorAssemblies (442ms)
			LogAssemblyErrors (0ms)
			InitializePlatformSupportModulesInManaged (2ms)
			SetLoadedEditorAssemblies (5ms)
			BeforeProcessingInitializeOnLoad (106ms)
			ProcessInitializeOnLoadAttributes (286ms)
			ProcessInitializeOnLoadMethodAttributes (37ms)
			AfterProcessingInitializeOnLoad (6ms)
			EditorAssembliesLoaded (0ms)
		ExecutionOrderSort2 (0ms)
		AwakeInstancesAfterBackupRestoration (15ms)
Refreshing native plugins compatible for Editor in 0.71 ms, found 3 plugins.
Preloading 0 native plugins for Editor in 0.00 ms.
Unloading 13 Unused Serialized files (Serialized files now loaded: 0)
Unloading 6158 unused Assets / (3.6 MB). Loaded Objects now: 7117.
Memory consumption went from 151.4 MB to 147.7 MB.
Total: 6.510700 ms (FindLiveObjects: 0.732500 ms CreateObjectMapping: 0.337600 ms MarkObjects: 3.722700 ms  DeleteObjects: 1.717500 ms)

Prepare: number of updated asset objects reloaded= 0
========================================================================
Received Prepare
Refreshing native plugins compatible for Editor in 0.90 ms, found 3 plugins.
Preloading 0 native plugins for Editor in 0.00 ms.
Unloading 13 Unused Serialized files (Serialized files now loaded: 0)
Unloading 6152 unused Assets / (3.9 MB). Loaded Objects now: 7117.
Memory consumption went from 151.6 MB to 147.7 MB.
Total: 7.636700 ms (FindLiveObjects: 0.824900 ms CreateObjectMapping: 0.231200 ms MarkObjects: 4.538500 ms  DeleteObjects: 2.041500 ms)

Prepare: number of updated asset objects reloaded= 0
========================================================================
Received Prepare
Refreshing native plugins compatible for Editor in 0.72 ms, found 3 plugins.
Preloading 0 native plugins for Editor in 0.00 ms.
Unloading 13 Unused Serialized files (Serialized files now loaded: 0)
Unloading 6152 unused Assets / (4.1 MB). Loaded Objects now: 7117.
Memory consumption went from 151.6 MB to 147.5 MB.
Total: 7.555400 ms (FindLiveObjects: 0.706700 ms CreateObjectMapping: 0.292300 ms MarkObjects: 3.956100 ms  DeleteObjects: 2.599000 ms)

Prepare: number of updated asset objects reloaded= 0
========================================================================
Received Prepare
Begin MonoManager ReloadAssembly
[Licensing::Client] Successfully resolved entitlement details
- Loaded All Assemblies, in  0.572 seconds
Refreshing native plugins compatible for Editor in 1.08 ms, found 3 plugins.
Native extension for WindowsStandalone target not found
[Package Manager] Failed to launch server process. Reason: Unity was launched with the -noUpm command-line argument
[Package Manager] Unable to send message (not connected to server process).
[Package Manager] Cannot connect to Unity Package Manager local server
Mono: successfully reloaded assembly
- Finished resetting the current domain, in  0.560 seconds
Domain Reload Profiling: 1133ms
	BeginReloadAssembly (163ms)
		ExecutionOrderSort (0ms)
		DisableScriptedObjects (5ms)
		BackupInstance (0ms)
		ReleaseScriptingObjects (0ms)
		CreateAndSetChildDomain (41ms)
	RebuildCommonClasses (30ms)
	RebuildNativeTypeToScriptingClass (13ms)
	initialDomainReloadingComplete (27ms)
	LoadAllAssembliesAndSetupDomain (339ms)
		LoadAssemblies (259ms)
		RebuildTransferFunctionScriptingTraits (0ms)
		AnalyzeDomain (143ms)
			TypeCache.Refresh (9ms)
				TypeCache.ScanAssembly (1ms)
			BuildScriptInfoCaches (124ms)
			ResolveRequiredComponents (7ms)
	FinalizeReload (561ms)
		ReleaseScriptCaches (0ms)
		RebuildScriptCaches (0ms)
		SetupLoadedEditorAssemblies (435ms)
			LogAssemblyErrors (0ms)
			InitializePlatformSupportModulesInManaged (2ms)
			SetLoadedEditorAssemblies (5ms)
			BeforeProcessingInitializeOnLoad (108ms)
			ProcessInitializeOnLoadAttributes (282ms)
			ProcessInitializeOnLoadMethodAttributes (33ms)
			AfterProcessingInitializeOnLoad (4ms)
			EditorAssembliesLoaded (0ms)
		ExecutionOrderSort2 (0ms)
		AwakeInstancesAfterBackupRestoration (11ms)
Refreshing native plugins compatible for Editor in 0.61 ms, found 3 plugins.
Preloading 0 native plugins for Editor in 0.00 ms.
Unloading 13 Unused Serialized files (Serialized files now loaded: 0)
Unloading 6158 unused Assets / (3.8 MB). Loaded Objects now: 7120.
Memory consumption went from 151.4 MB to 147.6 MB.
Total: 6.103500 ms (FindLiveObjects: 0.628700 ms CreateObjectMapping: 0.214900 ms MarkObjects: 3.412300 ms  DeleteObjects: 1.847000 ms)

Prepare: number of updated asset objects reloaded= 0
========================================================================
Received Prepare
Refreshing native plugins compatible for Editor in 0.94 ms, found 3 plugins.
Preloading 0 native plugins for Editor in 0.00 ms.
Unloading 13 Unused Serialized files (Serialized files now loaded: 0)
Unloading 6152 unused Assets / (4.3 MB). Loaded Objects now: 7120.
Memory consumption went from 151.6 MB to 147.3 MB.
Total: 9.490400 ms (FindLiveObjects: 1.126100 ms CreateObjectMapping: 0.429400 ms MarkObjects: 5.317200 ms  DeleteObjects: 2.616300 ms)

Prepare: number of updated asset objects reloaded= 0
========================================================================
Received Prepare
Begin MonoManager ReloadAssembly
- Loaded All Assemblies, in  0.567 seconds
Refreshing native plugins compatible for Editor in 0.73 ms, found 3 plugins.
Native extension for WindowsStandalone target not found
[Package Manager] Failed to launch server process. Reason: Unity was launched with the -noUpm command-line argument
[Package Manager] Unable to send message (not connected to server process).
[Package Manager] Cannot connect to Unity Package Manager local server
Mono: successfully reloaded assembly
- Finished resetting the current domain, in  0.543 seconds
Domain Reload Profiling: 1111ms
	BeginReloadAssembly (161ms)
		ExecutionOrderSort (0ms)
		DisableScriptedObjects (4ms)
		BackupInstance (0ms)
		ReleaseScriptingObjects (0ms)
		CreateAndSetChildDomain (41ms)
	RebuildCommonClasses (30ms)
	RebuildNativeTypeToScriptingClass (10ms)
	initialDomainReloadingComplete (38ms)
	LoadAllAssembliesAndSetupDomain (328ms)
		LoadAssemblies (253ms)
		RebuildTransferFunctionScriptingTraits (0ms)
		AnalyzeDomain (141ms)
			TypeCache.Refresh (6ms)
				TypeCache.ScanAssembly (0ms)
			BuildScriptInfoCaches (125ms)
			ResolveRequiredComponents (7ms)
	FinalizeReload (544ms)
		ReleaseScriptCaches (0ms)
		RebuildScriptCaches (0ms)
		SetupLoadedEditorAssemblies (431ms)
			LogAssemblyErrors (0ms)
			InitializePlatformSupportModulesInManaged (2ms)
			SetLoadedEditorAssemblies (5ms)
			BeforeProcessingInitializeOnLoad (106ms)
			ProcessInitializeOnLoadAttributes (276ms)
			ProcessInitializeOnLoadMethodAttributes (39ms)
			AfterProcessingInitializeOnLoad (3ms)
			EditorAssembliesLoaded (0ms)
		ExecutionOrderSort2 (0ms)
		AwakeInstancesAfterBackupRestoration (11ms)
Refreshing native plugins compatible for Editor in 0.85 ms, found 3 plugins.
Preloading 0 native plugins for Editor in 0.00 ms.
Unloading 13 Unused Serialized files (Serialized files now loaded: 0)
Unloading 6158 unused Assets / (3.7 MB). Loaded Objects now: 7123.
Memory consumption went from 151.5 MB to 147.8 MB.
Total: 6.755000 ms (FindLiveObjects: 1.085600 ms CreateObjectMapping: 0.323300 ms MarkObjects: 3.619000 ms  DeleteObjects: 1.726700 ms)

Prepare: number of updated asset objects reloaded= 0
========================================================================
Received Prepare
Refreshing native plugins compatible for Editor in 0.68 ms, found 3 plugins.
Preloading 0 native plugins for Editor in 0.00 ms.
Unloading 13 Unused Serialized files (Serialized files now loaded: 0)
Unloading 6152 unused Assets / (3.5 MB). Loaded Objects now: 7123.
Memory consumption went from 151.6 MB to 148.1 MB.
Total: 6.775800 ms (FindLiveObjects: 1.046200 ms CreateObjectMapping: 0.479700 ms MarkObjects: 3.588600 ms  DeleteObjects: 1.660700 ms)

Prepare: number of updated asset objects reloaded= 0
========================================================================
Received Prepare
Begin MonoManager ReloadAssembly
[Licensing::Client] Successfully resolved entitlement details
- Loaded All Assemblies, in  0.558 seconds
Refreshing native plugins compatible for Editor in 0.71 ms, found 3 plugins.
Native extension for WindowsStandalone target not found
[Package Manager] Failed to launch server process. Reason: Unity was launched with the -noUpm command-line argument
[Package Manager] Unable to send message (not connected to server process).
[Package Manager] Cannot connect to Unity Package Manager local server
Mono: successfully reloaded assembly
- Finished resetting the current domain, in  0.533 seconds
Domain Reload Profiling: 1091ms
	BeginReloadAssembly (161ms)
		ExecutionOrderSort (0ms)
		DisableScriptedObjects (6ms)
		BackupInstance (0ms)
		ReleaseScriptingObjects (0ms)
		CreateAndSetChildDomain (36ms)
	RebuildCommonClasses (30ms)
	RebuildNativeTypeToScriptingClass (10ms)
	initialDomainReloadingComplete (29ms)
	LoadAllAssembliesAndSetupDomain (327ms)
		LoadAssemblies (254ms)
		RebuildTransferFunctionScriptingTraits (0ms)
		AnalyzeDomain (140ms)
			TypeCache.Refresh (6ms)
				TypeCache.ScanAssembly (0ms)
			BuildScriptInfoCaches (123ms)
			ResolveRequiredComponents (7ms)
	FinalizeReload (533ms)
		ReleaseScriptCaches (0ms)
		RebuildScriptCaches (0ms)
		SetupLoadedEditorAssemblies (430ms)
			LogAssemblyErrors (0ms)
			InitializePlatformSupportModulesInManaged (2ms)
			SetLoadedEditorAssemblies (5ms)
			BeforeProcessingInitializeOnLoad (107ms)
			ProcessInitializeOnLoadAttributes (277ms)
			ProcessInitializeOnLoadMethodAttributes (33ms)
			AfterProcessingInitializeOnLoad (6ms)
			EditorAssembliesLoaded (0ms)
		ExecutionOrderSort2 (0ms)
		AwakeInstancesAfterBackupRestoration (13ms)
Refreshing native plugins compatible for Editor in 0.56 ms, found 3 plugins.
Preloading 0 native plugins for Editor in 0.00 ms.
Unloading 13 Unused Serialized files (Serialized files now loaded: 0)
Unloading 6158 unused Assets / (4.2 MB). Loaded Objects now: 7126.
Memory consumption went from 151.5 MB to 147.3 MB.
Total: 7.688700 ms (FindLiveObjects: 0.991200 ms CreateObjectMapping: 0.363800 ms MarkObjects: 4.366700 ms  DeleteObjects: 1.966500 ms)

Prepare: number of updated asset objects reloaded= 0
========================================================================
Received Prepare
Refreshing native plugins compatible for Editor in 1.17 ms, found 3 plugins.
Preloading 0 native plugins for Editor in 0.00 ms.
Unloading 13 Unused Serialized files (Serialized files now loaded: 0)
Unloading 6152 unused Assets / (3.9 MB). Loaded Objects now: 7126.
Memory consumption went from 151.7 MB to 147.8 MB.
Total: 9.041800 ms (FindLiveObjects: 1.191600 ms CreateObjectMapping: 0.748700 ms MarkObjects: 5.125300 ms  DeleteObjects: 1.975400 ms)

Prepare: number of updated asset objects reloaded= 0
========================================================================
Received Prepare
Begin MonoManager ReloadAssembly
[Licensing::Client] Successfully resolved entitlement details
- Loaded All Assemblies, in  0.566 seconds
Refreshing native plugins compatible for Editor in 0.63 ms, found 3 plugins.
Native extension for WindowsStandalone target not found
[Package Manager] Failed to launch server process. Reason: Unity was launched with the -noUpm command-line argument
[Package Manager] Unable to send message (not connected to server process).
[Package Manager] Cannot connect to Unity Package Manager local server
Mono: successfully reloaded assembly
- Finished resetting the current domain, in  0.551 seconds
Domain Reload Profiling: 1119ms
	BeginReloadAssembly (164ms)
		ExecutionOrderSort (0ms)
		DisableScriptedObjects (5ms)
		BackupInstance (0ms)
		ReleaseScriptingObjects (0ms)
		CreateAndSetChildDomain (41ms)
	RebuildCommonClasses (28ms)
	RebuildNativeTypeToScriptingClass (13ms)
	initialDomainReloadingComplete (24ms)
	LoadAllAssembliesAndSetupDomain (339ms)
		LoadAssemblies (254ms)
		RebuildTransferFunctionScriptingTraits (0ms)
		AnalyzeDomain (152ms)
			TypeCache.Refresh (6ms)
				TypeCache.ScanAssembly (0ms)
			BuildScriptInfoCaches (135ms)
			ResolveRequiredComponents (7ms)
	FinalizeReload (551ms)
		ReleaseScriptCaches (0ms)
		RebuildScriptCaches (0ms)
		SetupLoadedEditorAssemblies (435ms)
			LogAssemblyErrors (0ms)
			InitializePlatformSupportModulesInManaged (2ms)
			SetLoadedEditorAssemblies (4ms)
			BeforeProcessingInitializeOnLoad (107ms)
			ProcessInitializeOnLoadAttributes (279ms)
			ProcessInitializeOnLoadMethodAttributes (36ms)
			AfterProcessingInitializeOnLoad (6ms)
			EditorAssembliesLoaded (0ms)
		ExecutionOrderSort2 (0ms)
		AwakeInstancesAfterBackupRestoration (14ms)
Refreshing native plugins compatible for Editor in 0.70 ms, found 3 plugins.
Preloading 0 native plugins for Editor in 0.00 ms.
Unloading 13 Unused Serialized files (Serialized files now loaded: 0)
Unloading 6158 unused Assets / (4.1 MB). Loaded Objects now: 7129.
Memory consumption went from 151.5 MB to 147.4 MB.
Total: 5.883300 ms (FindLiveObjects: 0.602500 ms CreateObjectMapping: 0.196300 ms MarkObjects: 3.269800 ms  DeleteObjects: 1.813900 ms)

Prepare: number of updated asset objects reloaded= 0
========================================================================
Received Prepare
Refreshing native plugins compatible for Editor in 0.96 ms, found 3 plugins.
Preloading 0 native plugins for Editor in 0.00 ms.
Unloading 13 Unused Serialized files (Serialized files now loaded: 0)
Unloading 6152 unused Assets / (3.9 MB). Loaded Objects now: 7129.
Memory consumption went from 151.7 MB to 147.8 MB.
Total: 8.127500 ms (FindLiveObjects: 0.959100 ms CreateObjectMapping: 0.302000 ms MarkObjects: 4.794000 ms  DeleteObjects: 2.071900 ms)

Prepare: number of updated asset objects reloaded= 0
========================================================================
Received Prepare
Begin MonoManager ReloadAssembly
[Licensing::Client] Successfully resolved entitlement details
- Loaded All Assemblies, in  0.578 seconds
Refreshing native plugins compatible for Editor in 0.82 ms, found 3 plugins.
Native extension for WindowsStandalone target not found
[Package Manager] Failed to launch server process. Reason: Unity was launched with the -noUpm command-line argument
[Package Manager] Unable to send message (not connected to server process).
[Package Manager] Cannot connect to Unity Package Manager local server
Mono: successfully reloaded assembly
- Finished resetting the current domain, in  0.532 seconds
Domain Reload Profiling: 1111ms
	BeginReloadAssembly (177ms)
		ExecutionOrderSort (0ms)
		DisableScriptedObjects (5ms)
		BackupInstance (0ms)
		ReleaseScriptingObjects (0ms)
		CreateAndSetChildDomain (55ms)
	RebuildCommonClasses (29ms)
	RebuildNativeTypeToScriptingClass (13ms)
	initialDomainReloadingComplete (26ms)
	LoadAllAssembliesAndSetupDomain (333ms)
		LoadAssemblies (239ms)
		RebuildTransferFunctionScriptingTraits (0ms)
		AnalyzeDomain (162ms)
			TypeCache.Refresh (6ms)
				TypeCache.ScanAssembly (0ms)
			BuildScriptInfoCaches (145ms)
			ResolveRequiredComponents (7ms)
	FinalizeReload (533ms)
		ReleaseScriptCaches (0ms)
		RebuildScriptCaches (0ms)
		SetupLoadedEditorAssemblies (407ms)
			LogAssemblyErrors (0ms)
			InitializePlatformSupportModulesInManaged (2ms)
			SetLoadedEditorAssemblies (5ms)
			BeforeProcessingInitializeOnLoad (109ms)
			ProcessInitializeOnLoadAttributes (252ms)
			ProcessInitializeOnLoadMethodAttributes (34ms)
			AfterProcessingInitializeOnLoad (5ms)
			EditorAssembliesLoaded (0ms)
		ExecutionOrderSort2 (0ms)
		AwakeInstancesAfterBackupRestoration (15ms)
Refreshing native plugins compatible for Editor in 0.65 ms, found 3 plugins.
Preloading 0 native plugins for Editor in 0.00 ms.
Unloading 13 Unused Serialized files (Serialized files now loaded: 0)
Unloading 6158 unused Assets / (4.0 MB). Loaded Objects now: 7132.
Memory consumption went from 151.6 MB to 147.6 MB.
Total: 6.453200 ms (FindLiveObjects: 0.616300 ms CreateObjectMapping: 0.232700 ms MarkObjects: 3.671100 ms  DeleteObjects: 1.932300 ms)

Prepare: number of updated asset objects reloaded= 0
========================================================================
Received Prepare
Refreshing native plugins compatible for Editor in 0.83 ms, found 3 plugins.
Preloading 0 native plugins for Editor in 0.00 ms.
Unloading 13 Unused Serialized files (Serialized files now loaded: 0)
Unloading 6152 unused Assets / (4.1 MB). Loaded Objects now: 7132.
Memory consumption went from 151.8 MB to 147.7 MB.
Total: 6.829000 ms (FindLiveObjects: 0.651700 ms CreateObjectMapping: 0.239900 ms MarkObjects: 3.718000 ms  DeleteObjects: 2.218900 ms)

Prepare: number of updated asset objects reloaded= 0
========================================================================
Received Prepare
Begin MonoManager ReloadAssembly
- Loaded All Assemblies, in  0.568 seconds
Refreshing native plugins compatible for Editor in 0.75 ms, found 3 plugins.
Native extension for WindowsStandalone target not found
[Package Manager] Failed to launch server process. Reason: Unity was launched with the -noUpm command-line argument
[Package Manager] Unable to send message (not connected to server process).
[Package Manager] Cannot connect to Unity Package Manager local server
Mono: successfully reloaded assembly
- Finished resetting the current domain, in  0.555 seconds
Domain Reload Profiling: 1122ms
	BeginReloadAssembly (168ms)
		ExecutionOrderSort (0ms)
		DisableScriptedObjects (5ms)
		BackupInstance (0ms)
		ReleaseScriptingObjects (0ms)
		CreateAndSetChildDomain (47ms)
	RebuildCommonClasses (27ms)
	RebuildNativeTypeToScriptingClass (9ms)
	initialDomainReloadingComplete (26ms)
	LoadAllAssembliesAndSetupDomain (338ms)
		LoadAssemblies (247ms)
		RebuildTransferFunctionScriptingTraits (0ms)
		AnalyzeDomain (161ms)
			TypeCache.Refresh (7ms)
				TypeCache.ScanAssembly (0ms)
			BuildScriptInfoCaches (140ms)
			ResolveRequiredComponents (10ms)
	FinalizeReload (555ms)
		ReleaseScriptCaches (0ms)
		RebuildScriptCaches (0ms)
		SetupLoadedEditorAssemblies (429ms)
			LogAssemblyErrors (0ms)
			InitializePlatformSupportModulesInManaged (2ms)
			SetLoadedEditorAssemblies (4ms)
			BeforeProcessingInitializeOnLoad (107ms)
			ProcessInitializeOnLoadAttributes (273ms)
			ProcessInitializeOnLoadMethodAttributes (38ms)
			AfterProcessingInitializeOnLoad (5ms)
			EditorAssembliesLoaded (0ms)
		ExecutionOrderSort2 (0ms)
		AwakeInstancesAfterBackupRestoration (15ms)
Refreshing native plugins compatible for Editor in 0.61 ms, found 3 plugins.
Preloading 0 native plugins for Editor in 0.00 ms.
Unloading 13 Unused Serialized files (Serialized files now loaded: 0)
Unloading 6158 unused Assets / (3.9 MB). Loaded Objects now: 7135.
Memory consumption went from 151.6 MB to 147.7 MB.
Total: 6.111600 ms (FindLiveObjects: 0.628600 ms CreateObjectMapping: 0.192100 ms MarkObjects: 3.397600 ms  DeleteObjects: 1.892700 ms)

Prepare: number of updated asset objects reloaded= 0
========================================================================
Received Prepare
Refreshing native plugins compatible for Editor in 1.16 ms, found 3 plugins.
Preloading 0 native plugins for Editor in 0.00 ms.
Unloading 13 Unused Serialized files (Serialized files now loaded: 0)
Unloading 6152 unused Assets / (4.5 MB). Loaded Objects now: 7135.
Memory consumption went from 151.8 MB to 147.3 MB.
Total: 9.369100 ms (FindLiveObjects: 1.059100 ms CreateObjectMapping: 0.334000 ms MarkObjects: 5.369200 ms  DeleteObjects: 2.605600 ms)

Prepare: number of updated asset objects reloaded= 0
========================================================================
Received Prepare
Begin MonoManager ReloadAssembly
- Loaded All Assemblies, in  0.549 seconds
Refreshing native plugins compatible for Editor in 0.64 ms, found 3 plugins.
Native extension for WindowsStandalone target not found
[Package Manager] Failed to launch server process. Reason: Unity was launched with the -noUpm command-line argument
[Package Manager] Unable to send message (not connected to server process).
[Package Manager] Cannot connect to Unity Package Manager local server
Mono: successfully reloaded assembly
- Finished resetting the current domain, in  0.532 seconds
Domain Reload Profiling: 1081ms
	BeginReloadAssembly (158ms)
		ExecutionOrderSort (0ms)
		DisableScriptedObjects (5ms)
		BackupInstance (0ms)
		ReleaseScriptingObjects (0ms)
		CreateAndSetChildDomain (39ms)
	RebuildCommonClasses (33ms)
	RebuildNativeTypeToScriptingClass (9ms)
	initialDomainReloadingComplete (22ms)
	LoadAllAssembliesAndSetupDomain (326ms)
		LoadAssemblies (236ms)
		RebuildTransferFunctionScriptingTraits (0ms)
		AnalyzeDomain (154ms)
			TypeCache.Refresh (8ms)
				TypeCache.ScanAssembly (1ms)
			BuildScriptInfoCaches (135ms)
			ResolveRequiredComponents (8ms)
	FinalizeReload (532ms)
		ReleaseScriptCaches (0ms)
		RebuildScriptCaches (0ms)
		SetupLoadedEditorAssemblies (424ms)
			LogAssemblyErrors (0ms)
			InitializePlatformSupportModulesInManaged (2ms)
			SetLoadedEditorAssemblies (4ms)
			BeforeProcessingInitializeOnLoad (108ms)
			ProcessInitializeOnLoadAttributes (269ms)
			ProcessInitializeOnLoadMethodAttributes (37ms)
			AfterProcessingInitializeOnLoad (5ms)
			EditorAssembliesLoaded (0ms)
		ExecutionOrderSort2 (0ms)
		AwakeInstancesAfterBackupRestoration (11ms)
Refreshing native plugins compatible for Editor in 0.63 ms, found 3 plugins.
Preloading 0 native plugins for Editor in 0.00 ms.
Unloading 13 Unused Serialized files (Serialized files now loaded: 0)
Unloading 6158 unused Assets / (3.6 MB). Loaded Objects now: 7138.
Memory consumption went from 151.6 MB to 148.0 MB.
Total: 6.668900 ms (FindLiveObjects: 1.102200 ms CreateObjectMapping: 0.370800 ms MarkObjects: 3.362700 ms  DeleteObjects: 1.832800 ms)

Prepare: number of updated asset objects reloaded= 0
========================================================================
Received Prepare
Refreshing native plugins compatible for Editor in 0.58 ms, found 3 plugins.
Preloading 0 native plugins for Editor in 0.00 ms.
Unloading 13 Unused Serialized files (Serialized files now loaded: 0)
Unloading 6152 unused Assets / (3.8 MB). Loaded Objects now: 7138.
Memory consumption went from 151.8 MB to 148.1 MB.
Total: 6.439300 ms (FindLiveObjects: 0.641300 ms CreateObjectMapping: 0.237700 ms MarkObjects: 3.527500 ms  DeleteObjects: 2.032300 ms)

Prepare: number of updated asset objects reloaded= 0
========================================================================
Received Prepare
Begin MonoManager ReloadAssembly
- Loaded All Assemblies, in  0.576 seconds
Refreshing native plugins compatible for Editor in 0.97 ms, found 3 plugins.
Native extension for WindowsStandalone target not found
[Package Manager] Failed to launch server process. Reason: Unity was launched with the -noUpm command-line argument
[Package Manager] Unable to send message (not connected to server process).
[Package Manager] Cannot connect to Unity Package Manager local server
Mono: successfully reloaded assembly
- Finished resetting the current domain, in  0.562 seconds
Domain Reload Profiling: 1138ms
	BeginReloadAssembly (154ms)
		ExecutionOrderSort (0ms)
		DisableScriptedObjects (5ms)
		BackupInstance (0ms)
		ReleaseScriptingObjects (0ms)
		CreateAndSetChildDomain (38ms)
	RebuildCommonClasses (28ms)
	RebuildNativeTypeToScriptingClass (10ms)
	initialDomainReloadingComplete (27ms)
	LoadAllAssembliesAndSetupDomain (356ms)
		LoadAssemblies (265ms)
		RebuildTransferFunctionScriptingTraits (0ms)
		AnalyzeDomain (155ms)
			TypeCache.Refresh (8ms)
				TypeCache.ScanAssembly (1ms)
			BuildScriptInfoCaches (138ms)
			ResolveRequiredComponents (7ms)
	FinalizeReload (563ms)
		ReleaseScriptCaches (0ms)
		RebuildScriptCaches (0ms)
		SetupLoadedEditorAssemblies (428ms)
			LogAssemblyErrors (0ms)
			InitializePlatformSupportModulesInManaged (2ms)
			SetLoadedEditorAssemblies (5ms)
			BeforeProcessingInitializeOnLoad (109ms)
			ProcessInitializeOnLoadAttributes (272ms)
			ProcessInitializeOnLoadMethodAttributes (34ms)
			AfterProcessingInitializeOnLoad (5ms)
			EditorAssembliesLoaded (0ms)
		ExecutionOrderSort2 (0ms)
		AwakeInstancesAfterBackupRestoration (14ms)
Refreshing native plugins compatible for Editor in 0.61 ms, found 3 plugins.
Preloading 0 native plugins for Editor in 0.00 ms.
Unloading 13 Unused Serialized files (Serialized files now loaded: 0)
Unloading 6158 unused Assets / (3.9 MB). Loaded Objects now: 7141.
Memory consumption went from 151.7 MB to 147.8 MB.
Total: 6.313000 ms (FindLiveObjects: 0.615700 ms CreateObjectMapping: 0.185700 ms MarkObjects: 3.511300 ms  DeleteObjects: 1.999700 ms)

Prepare: number of updated asset objects reloaded= 0
========================================================================
Received Prepare
Refreshing native plugins compatible for Editor in 0.67 ms, found 3 plugins.
Preloading 0 native plugins for Editor in 0.00 ms.
Unloading 13 Unused Serialized files (Serialized files now loaded: 0)
Unloading 6152 unused Assets / (4.4 MB). Loaded Objects now: 7141.
Memory consumption went from 151.9 MB to 147.5 MB.
Total: 6.122300 ms (FindLiveObjects: 0.615200 ms CreateObjectMapping: 0.182600 ms MarkObjects: 3.276900 ms  DeleteObjects: 2.047000 ms)

Prepare: number of updated asset objects reloaded= 0
========================================================================
Received Prepare
Begin MonoManager ReloadAssembly
[Licensing::Client] Successfully resolved entitlement details
- Loaded All Assemblies, in  0.585 seconds
Refreshing native plugins compatible for Editor in 0.76 ms, found 3 plugins.
Native extension for WindowsStandalone target not found
[Package Manager] Failed to launch server process. Reason: Unity was launched with the -noUpm command-line argument
[Package Manager] Unable to send message (not connected to server process).
[Package Manager] Cannot connect to Unity Package Manager local server
Mono: successfully reloaded assembly
- Finished resetting the current domain, in  0.501 seconds
Domain Reload Profiling: 1086ms
	BeginReloadAssembly (178ms)
		ExecutionOrderSort (0ms)
		DisableScriptedObjects (5ms)
		BackupInstance (0ms)
		ReleaseScriptingObjects (0ms)
		CreateAndSetChildDomain (48ms)
	RebuildCommonClasses (34ms)
	RebuildNativeTypeToScriptingClass (11ms)
	initialDomainReloadingComplete (25ms)
	LoadAllAssembliesAndSetupDomain (337ms)
		LoadAssemblies (260ms)
		RebuildTransferFunctionScriptingTraits (0ms)
		AnalyzeDomain (149ms)
			TypeCache.Refresh (8ms)
				TypeCache.ScanAssembly (0ms)
			BuildScriptInfoCaches (131ms)
			ResolveRequiredComponents (7ms)
	FinalizeReload (501ms)
		ReleaseScriptCaches (0ms)
		RebuildScriptCaches (0ms)
		SetupLoadedEditorAssemblies (386ms)
			LogAssemblyErrors (0ms)
			InitializePlatformSupportModulesInManaged (2ms)
			SetLoadedEditorAssemblies (4ms)
			BeforeProcessingInitializeOnLoad (91ms)
			ProcessInitializeOnLoadAttributes (252ms)
			ProcessInitializeOnLoadMethodAttributes (32ms)
			AfterProcessingInitializeOnLoad (4ms)
			EditorAssembliesLoaded (0ms)
		ExecutionOrderSort2 (0ms)
		AwakeInstancesAfterBackupRestoration (12ms)
Refreshing native plugins compatible for Editor in 0.62 ms, found 3 plugins.
Preloading 0 native plugins for Editor in 0.00 ms.
Unloading 13 Unused Serialized files (Serialized files now loaded: 0)
Unloading 6158 unused Assets / (3.7 MB). Loaded Objects now: 7144.
Memory consumption went from 151.7 MB to 148.0 MB.
Total: 5.375900 ms (FindLiveObjects: 0.631900 ms CreateObjectMapping: 0.186000 ms MarkObjects: 3.035300 ms  DeleteObjects: 1.522100 ms)

Prepare: number of updated asset objects reloaded= 0
========================================================================
Received Prepare
Begin MonoManager ReloadAssembly
- Loaded All Assemblies, in  0.475 seconds
Refreshing native plugins compatible for Editor in 0.52 ms, found 3 plugins.
Native extension for WindowsStandalone target not found
[Package Manager] Failed to launch server process. Reason: Unity was launched with the -noUpm command-line argument
[Package Manager] Unable to send message (not connected to server process).
[Package Manager] Cannot connect to Unity Package Manager local server
Mono: successfully reloaded assembly
- Finished resetting the current domain, in  0.446 seconds
Domain Reload Profiling: 923ms
	BeginReloadAssembly (151ms)
		ExecutionOrderSort (0ms)
		DisableScriptedObjects (4ms)
		BackupInstance (0ms)
		ReleaseScriptingObjects (0ms)
		CreateAndSetChildDomain (37ms)
	RebuildCommonClasses (23ms)
	RebuildNativeTypeToScriptingClass (9ms)
	initialDomainReloadingComplete (20ms)
	LoadAllAssembliesAndSetupDomain (274ms)
		LoadAssemblies (215ms)
		RebuildTransferFunctionScriptingTraits (0ms)
		AnalyzeDomain (120ms)
			TypeCache.Refresh (4ms)
				TypeCache.ScanAssembly (0ms)
			BuildScriptInfoCaches (106ms)
			ResolveRequiredComponents (7ms)
	FinalizeReload (447ms)
		ReleaseScriptCaches (0ms)
		RebuildScriptCaches (0ms)
		SetupLoadedEditorAssemblies (346ms)
			LogAssemblyErrors (0ms)
			InitializePlatformSupportModulesInManaged (2ms)
			SetLoadedEditorAssemblies (4ms)
			BeforeProcessingInitializeOnLoad (76ms)
			ProcessInitializeOnLoadAttributes (226ms)
			ProcessInitializeOnLoadMethodAttributes (34ms)
			AfterProcessingInitializeOnLoad (4ms)
			EditorAssembliesLoaded (0ms)
		ExecutionOrderSort2 (0ms)
		AwakeInstancesAfterBackupRestoration (12ms)
Refreshing native plugins compatible for Editor in 0.59 ms, found 3 plugins.
Preloading 0 native plugins for Editor in 0.00 ms.
Unloading 13 Unused Serialized files (Serialized files now loaded: 0)
Unloading 6158 unused Assets / (4.2 MB). Loaded Objects now: 7147.
Memory consumption went from 151.8 MB to 147.6 MB.
Total: 5.700000 ms (FindLiveObjects: 0.635100 ms CreateObjectMapping: 0.205000 ms MarkObjects: 3.166800 ms  DeleteObjects: 1.692500 ms)

Prepare: number of updated asset objects reloaded= 0
========================================================================
Received Prepare
Begin MonoManager ReloadAssembly
- Loaded All Assemblies, in  0.466 seconds
Refreshing native plugins compatible for Editor in 0.60 ms, found 3 plugins.
Native extension for WindowsStandalone target not found
[Package Manager] Failed to launch server process. Reason: Unity was launched with the -noUpm command-line argument
[Package Manager] Unable to send message (not connected to server process).
[Package Manager] Cannot connect to Unity Package Manager local server
Mono: successfully reloaded assembly
- Finished resetting the current domain, in  0.443 seconds
Domain Reload Profiling: 910ms
	BeginReloadAssembly (141ms)
		ExecutionOrderSort (0ms)
		DisableScriptedObjects (4ms)
		BackupInstance (0ms)
		ReleaseScriptingObjects (0ms)
		CreateAndSetChildDomain (36ms)
	RebuildCommonClasses (24ms)
	RebuildNativeTypeToScriptingClass (8ms)
	initialDomainReloadingComplete (19ms)
	LoadAllAssembliesAndSetupDomain (274ms)
		LoadAssemblies (212ms)
		RebuildTransferFunctionScriptingTraits (0ms)
		AnalyzeDomain (121ms)
			TypeCache.Refresh (4ms)
				TypeCache.ScanAssembly (0ms)
			BuildScriptInfoCaches (106ms)
			ResolveRequiredComponents (7ms)
	FinalizeReload (444ms)
		ReleaseScriptCaches (0ms)
		RebuildScriptCaches (0ms)
		SetupLoadedEditorAssemblies (345ms)
			LogAssemblyErrors (0ms)
			InitializePlatformSupportModulesInManaged (1ms)
			SetLoadedEditorAssemblies (4ms)
			BeforeProcessingInitializeOnLoad (79ms)
			ProcessInitializeOnLoadAttributes (226ms)
			ProcessInitializeOnLoadMethodAttributes (30ms)
			AfterProcessingInitializeOnLoad (4ms)
			EditorAssembliesLoaded (0ms)
		ExecutionOrderSort2 (0ms)
		AwakeInstancesAfterBackupRestoration (10ms)
Refreshing native plugins compatible for Editor in 0.56 ms, found 3 plugins.
Preloading 0 native plugins for Editor in 0.00 ms.
Unloading 13 Unused Serialized files (Serialized files now loaded: 0)
Unloading 6158 unused Assets / (3.9 MB). Loaded Objects now: 7150.
Memory consumption went from 151.8 MB to 147.9 MB.
Total: 6.129700 ms (FindLiveObjects: 0.667400 ms CreateObjectMapping: 0.256400 ms MarkObjects: 3.589400 ms  DeleteObjects: 1.616000 ms)

Prepare: number of updated asset objects reloaded= 0
========================================================================
Received Prepare
Begin MonoManager ReloadAssembly
[Licensing::Client] Successfully resolved entitlement details
- Loaded All Assemblies, in  0.475 seconds
Refreshing native plugins compatible for Editor in 0.63 ms, found 3 plugins.
Native extension for WindowsStandalone target not found
[Package Manager] Failed to launch server process. Reason: Unity was launched with the -noUpm command-line argument
[Package Manager] Unable to send message (not connected to server process).
[Package Manager] Cannot connect to Unity Package Manager local server
Mono: successfully reloaded assembly
- Finished resetting the current domain, in  0.440 seconds
Domain Reload Profiling: 916ms
	BeginReloadAssembly (147ms)
		ExecutionOrderSort (0ms)
		DisableScriptedObjects (5ms)
		BackupInstance (0ms)
		ReleaseScriptingObjects (0ms)
		CreateAndSetChildDomain (37ms)
	RebuildCommonClasses (25ms)
	RebuildNativeTypeToScriptingClass (9ms)
	initialDomainReloadingComplete (21ms)
	LoadAllAssembliesAndSetupDomain (274ms)
		LoadAssemblies (208ms)
		RebuildTransferFunctionScriptingTraits (0ms)
		AnalyzeDomain (126ms)
			TypeCache.Refresh (4ms)
				TypeCache.ScanAssembly (0ms)
			BuildScriptInfoCaches (111ms)
			ResolveRequiredComponents (7ms)
	FinalizeReload (440ms)
		ReleaseScriptCaches (0ms)
		RebuildScriptCaches (0ms)
		SetupLoadedEditorAssemblies (341ms)
			LogAssemblyErrors (0ms)
			InitializePlatformSupportModulesInManaged (2ms)
			SetLoadedEditorAssemblies (3ms)
			BeforeProcessingInitializeOnLoad (74ms)
			ProcessInitializeOnLoadAttributes (228ms)
			ProcessInitializeOnLoadMethodAttributes (31ms)
			AfterProcessingInitializeOnLoad (4ms)
			EditorAssembliesLoaded (0ms)
		ExecutionOrderSort2 (0ms)
		AwakeInstancesAfterBackupRestoration (10ms)
Refreshing native plugins compatible for Editor in 0.66 ms, found 3 plugins.
Preloading 0 native plugins for Editor in 0.00 ms.
Unloading 13 Unused Serialized files (Serialized files now loaded: 0)
Unloading 6158 unused Assets / (4.0 MB). Loaded Objects now: 7153.
Memory consumption went from 151.8 MB to 147.8 MB.
Total: 6.868500 ms (FindLiveObjects: 0.666600 ms CreateObjectMapping: 0.688000 ms MarkObjects: 3.807400 ms  DeleteObjects: 1.705900 ms)

Prepare: number of updated asset objects reloaded= 0
========================================================================
Received Prepare
Begin MonoManager ReloadAssembly
- Loaded All Assemblies, in  0.469 seconds
Refreshing native plugins compatible for Editor in 0.53 ms, found 3 plugins.
Native extension for WindowsStandalone target not found
[Package Manager] Failed to launch server process. Reason: Unity was launched with the -noUpm command-line argument
[Package Manager] Unable to send message (not connected to server process).
[Package Manager] Cannot connect to Unity Package Manager local server
Mono: successfully reloaded assembly
- Finished resetting the current domain, in  0.437 seconds
Domain Reload Profiling: 907ms
	BeginReloadAssembly (145ms)
		ExecutionOrderSort (0ms)
		DisableScriptedObjects (5ms)
		BackupInstance (0ms)
		ReleaseScriptingObjects (0ms)
		CreateAndSetChildDomain (38ms)
	RebuildCommonClasses (23ms)
	RebuildNativeTypeToScriptingClass (10ms)
	initialDomainReloadingComplete (23ms)
	LoadAllAssembliesAndSetupDomain (269ms)
		LoadAssemblies (210ms)
		RebuildTransferFunctionScriptingTraits (0ms)
		AnalyzeDomain (118ms)
			TypeCache.Refresh (4ms)
				TypeCache.ScanAssembly (0ms)
			BuildScriptInfoCaches (104ms)
			ResolveRequiredComponents (7ms)
	FinalizeReload (437ms)
		ReleaseScriptCaches (0ms)
		RebuildScriptCaches (0ms)
		SetupLoadedEditorAssemblies (336ms)
			LogAssemblyErrors (0ms)
			InitializePlatformSupportModulesInManaged (1ms)
			SetLoadedEditorAssemblies (4ms)
			BeforeProcessingInitializeOnLoad (75ms)
			ProcessInitializeOnLoadAttributes (222ms)
			ProcessInitializeOnLoadMethodAttributes (30ms)
			AfterProcessingInitializeOnLoad (4ms)
			EditorAssembliesLoaded (0ms)
		ExecutionOrderSort2 (0ms)
		AwakeInstancesAfterBackupRestoration (10ms)
Refreshing native plugins compatible for Editor in 0.64 ms, found 3 plugins.
Preloading 0 native plugins for Editor in 0.00 ms.
Unloading 13 Unused Serialized files (Serialized files now loaded: 0)
Unloading 6158 unused Assets / (3.7 MB). Loaded Objects now: 7156.
Memory consumption went from 151.9 MB to 148.2 MB.
Total: 5.291300 ms (FindLiveObjects: 0.647900 ms CreateObjectMapping: 0.232800 ms MarkObjects: 2.991900 ms  DeleteObjects: 1.418200 ms)

Prepare: number of updated asset objects reloaded= 0
========================================================================
Received Prepare
Refreshing native plugins compatible for Editor in 0.62 ms, found 3 plugins.
Preloading 0 native plugins for Editor in 0.00 ms.
Unloading 13 Unused Serialized files (Serialized files now loaded: 0)
Unloading 6152 unused Assets / (3.8 MB). Loaded Objects now: 7156.
Memory consumption went from 152.0 MB to 148.2 MB.
Total: 6.940800 ms (FindLiveObjects: 0.613400 ms CreateObjectMapping: 0.468300 ms MarkObjects: 3.931200 ms  DeleteObjects: 1.927300 ms)

Prepare: number of updated asset objects reloaded= 0
========================================================================
Received Prepare
Begin MonoManager ReloadAssembly
[Licensing::Client] Successfully resolved entitlement details
- Loaded All Assemblies, in  0.545 seconds
Refreshing native plugins compatible for Editor in 0.74 ms, found 3 plugins.
Native extension for WindowsStandalone target not found
[Package Manager] Failed to launch server process. Reason: Unity was launched with the -noUpm command-line argument
[Package Manager] Unable to send message (not connected to server process).
[Package Manager] Cannot connect to Unity Package Manager local server
Mono: successfully reloaded assembly
- Finished resetting the current domain, in  0.587 seconds
Domain Reload Profiling: 1134ms
	BeginReloadAssembly (163ms)
		ExecutionOrderSort (0ms)
		DisableScriptedObjects (5ms)
		BackupInstance (0ms)
		ReleaseScriptingObjects (0ms)
		CreateAndSetChildDomain (42ms)
	RebuildCommonClasses (26ms)
	RebuildNativeTypeToScriptingClass (13ms)
	initialDomainReloadingComplete (27ms)
	LoadAllAssembliesAndSetupDomain (316ms)
		LoadAssemblies (236ms)
		RebuildTransferFunctionScriptingTraits (0ms)
		AnalyzeDomain (146ms)
			TypeCache.Refresh (9ms)
				TypeCache.ScanAssembly (1ms)
			BuildScriptInfoCaches (126ms)
			ResolveRequiredComponents (8ms)
	FinalizeReload (588ms)
		ReleaseScriptCaches (0ms)
		RebuildScriptCaches (0ms)
		SetupLoadedEditorAssemblies (459ms)
			LogAssemblyErrors (0ms)
			InitializePlatformSupportModulesInManaged (2ms)
			SetLoadedEditorAssemblies (5ms)
			BeforeProcessingInitializeOnLoad (109ms)
			ProcessInitializeOnLoadAttributes (301ms)
			ProcessInitializeOnLoadMethodAttributes (36ms)
			AfterProcessingInitializeOnLoad (5ms)
			EditorAssembliesLoaded (0ms)
		ExecutionOrderSort2 (0ms)
		AwakeInstancesAfterBackupRestoration (14ms)
Refreshing native plugins compatible for Editor in 0.61 ms, found 3 plugins.
Preloading 0 native plugins for Editor in 0.00 ms.
Unloading 13 Unused Serialized files (Serialized files now loaded: 0)
Unloading 6158 unused Assets / (3.7 MB). Loaded Objects now: 7159.
Memory consumption went from 151.9 MB to 148.2 MB.
Total: 5.767200 ms (FindLiveObjects: 0.606100 ms CreateObjectMapping: 0.178100 ms MarkObjects: 3.375200 ms  DeleteObjects: 1.607000 ms)

Prepare: number of updated asset objects reloaded= 0
========================================================================
Received Prepare
Refreshing native plugins compatible for Editor in 0.75 ms, found 3 plugins.
Preloading 0 native plugins for Editor in 0.00 ms.
Unloading 13 Unused Serialized files (Serialized files now loaded: 0)
Unloading 6152 unused Assets / (4.2 MB). Loaded Objects now: 7159.
Memory consumption went from 152.1 MB to 147.9 MB.
Total: 6.745100 ms (FindLiveObjects: 0.628000 ms CreateObjectMapping: 0.197200 ms MarkObjects: 3.939500 ms  DeleteObjects: 1.979900 ms)

Prepare: number of updated asset objects reloaded= 0
========================================================================
Received Prepare
Begin MonoManager ReloadAssembly
- Loaded All Assemblies, in  0.533 seconds
Refreshing native plugins compatible for Editor in 0.51 ms, found 3 plugins.
Native extension for WindowsStandalone target not found
[Package Manager] Failed to launch server process. Reason: Unity was launched with the -noUpm command-line argument
[Package Manager] Unable to send message (not connected to server process).
[Package Manager] Cannot connect to Unity Package Manager local server
Mono: successfully reloaded assembly
- Finished resetting the current domain, in  0.542 seconds
Domain Reload Profiling: 1075ms
	BeginReloadAssembly (159ms)
		ExecutionOrderSort (0ms)
		DisableScriptedObjects (5ms)
		BackupInstance (0ms)
		ReleaseScriptingObjects (0ms)
		CreateAndSetChildDomain (40ms)
	RebuildCommonClasses (31ms)
	RebuildNativeTypeToScriptingClass (14ms)
	initialDomainReloadingComplete (23ms)
	LoadAllAssembliesAndSetupDomain (306ms)
		LoadAssemblies (241ms)
		RebuildTransferFunctionScriptingTraits (0ms)
		AnalyzeDomain (133ms)
			TypeCache.Refresh (9ms)
				TypeCache.ScanAssembly (1ms)
			BuildScriptInfoCaches (115ms)
			ResolveRequiredComponents (7ms)
	FinalizeReload (542ms)
		ReleaseScriptCaches (0ms)
		RebuildScriptCaches (0ms)
		SetupLoadedEditorAssemblies (425ms)
			LogAssemblyErrors (0ms)
			InitializePlatformSupportModulesInManaged (2ms)
			SetLoadedEditorAssemblies (4ms)
			BeforeProcessingInitializeOnLoad (105ms)
			ProcessInitializeOnLoadAttributes (274ms)
			ProcessInitializeOnLoadMethodAttributes (36ms)
			AfterProcessingInitializeOnLoad (4ms)
			EditorAssembliesLoaded (0ms)
		ExecutionOrderSort2 (0ms)
		AwakeInstancesAfterBackupRestoration (10ms)
Refreshing native plugins compatible for Editor in 0.65 ms, found 3 plugins.
Preloading 0 native plugins for Editor in 0.00 ms.
Unloading 13 Unused Serialized files (Serialized files now loaded: 0)
Unloading 6158 unused Assets / (3.8 MB). Loaded Objects now: 7162.
Memory consumption went from 151.9 MB to 148.1 MB.
Total: 5.627500 ms (FindLiveObjects: 0.747600 ms CreateObjectMapping: 0.205600 ms MarkObjects: 3.027000 ms  DeleteObjects: 1.647100 ms)

Prepare: number of updated asset objects reloaded= 0
========================================================================
Received Prepare
Refreshing native plugins compatible for Editor in 0.75 ms, found 3 plugins.
Preloading 0 native plugins for Editor in 0.00 ms.
Unloading 13 Unused Serialized files (Serialized files now loaded: 0)
Unloading 6152 unused Assets / (3.9 MB). Loaded Objects now: 7162.
Memory consumption went from 152.1 MB to 148.3 MB.
Total: 7.269000 ms (FindLiveObjects: 0.634000 ms CreateObjectMapping: 0.190000 ms MarkObjects: 4.407200 ms  DeleteObjects: 2.037100 ms)

Prepare: number of updated asset objects reloaded= 0
========================================================================
Received Prepare
Begin MonoManager ReloadAssembly
[Licensing::Client] Successfully resolved entitlement details
- Loaded All Assemblies, in  0.600 seconds
Refreshing native plugins compatible for Editor in 0.73 ms, found 3 plugins.
Native extension for WindowsStandalone target not found
[Package Manager] Failed to launch server process. Reason: Unity was launched with the -noUpm command-line argument
[Package Manager] Unable to send message (not connected to server process).
[Package Manager] Cannot connect to Unity Package Manager local server
Mono: successfully reloaded assembly
- Finished resetting the current domain, in  0.584 seconds
Domain Reload Profiling: 1186ms
	BeginReloadAssembly (177ms)
		ExecutionOrderSort (0ms)
		DisableScriptedObjects (4ms)
		BackupInstance (0ms)
		ReleaseScriptingObjects (0ms)
		CreateAndSetChildDomain (41ms)
	RebuildCommonClasses (34ms)
	RebuildNativeTypeToScriptingClass (13ms)
	initialDomainReloadingComplete (25ms)
	LoadAllAssembliesAndSetupDomain (352ms)
		LoadAssemblies (262ms)
		RebuildTransferFunctionScriptingTraits (0ms)
		AnalyzeDomain (167ms)
			TypeCache.Refresh (8ms)
				TypeCache.ScanAssembly (1ms)
			BuildScriptInfoCaches (146ms)
			ResolveRequiredComponents (9ms)
	FinalizeReload (584ms)
		ReleaseScriptCaches (0ms)
		RebuildScriptCaches (0ms)
		SetupLoadedEditorAssemblies (466ms)
			LogAssemblyErrors (0ms)
			InitializePlatformSupportModulesInManaged (2ms)
			SetLoadedEditorAssemblies (5ms)
			BeforeProcessingInitializeOnLoad (104ms)
			ProcessInitializeOnLoadAttributes (310ms)
			ProcessInitializeOnLoadMethodAttributes (40ms)
			AfterProcessingInitializeOnLoad (5ms)
			EditorAssembliesLoaded (0ms)
		ExecutionOrderSort2 (0ms)
		AwakeInstancesAfterBackupRestoration (13ms)
Refreshing native plugins compatible for Editor in 0.60 ms, found 3 plugins.
Preloading 0 native plugins for Editor in 0.00 ms.
Unloading 13 Unused Serialized files (Serialized files now loaded: 0)
Unloading 6158 unused Assets / (3.8 MB). Loaded Objects now: 7165.
Memory consumption went from 152.0 MB to 148.2 MB.
Total: 6.288400 ms (FindLiveObjects: 0.617300 ms CreateObjectMapping: 0.192300 ms MarkObjects: 3.696900 ms  DeleteObjects: 1.781300 ms)

Prepare: number of updated asset objects reloaded= 0
========================================================================
Received Import Request.
  Time since last request: 3598.028817 seconds.
  path: Assets/Cartoon low poly tree
  artifactKey: Guid(862b05f74b982784f9236e0f348b8b36) Importer(815301076,1909f56bfc062723c751e8b465ee728b)
Start importing Assets/Cartoon low poly tree using Guid(862b05f74b982784f9236e0f348b8b36) Importer(815301076,1909f56bfc062723c751e8b465ee728b) (PreviewImporter) -> (artifact id: 'daa2c9c1f248c2e170abe62e6c8f1cf9') in 0.001895 seconds
Number of updated asset objects reloaded before import = 0Number of asset objects unloaded after import = 0

========================================================================
Received Import Request.
  Time since last request: 9.472729 seconds.
  path: Assets/Prefabs/Human Deck/barricade_card.prefab
  artifactKey: Guid(c507921be00ca1440966cc92c4fa42ef) Importer(815301076,1909f56bfc062723c751e8b465ee728b)
Start importing Assets/Prefabs/Human Deck/barricade_card.prefab using Guid(c507921be00ca1440966cc92c4fa42ef) Importer(815301076,1909f56bfc062723c751e8b465ee728b) (PreviewImporter) -> (artifact id: 'd3cb779eb77fb53cb52404e25e87b90c') in 0.3897156 seconds
Number of updated asset objects reloaded before import = 0Number of asset objects unloaded after import = 29

========================================================================
Received Import Request.
  Time since last request: 0.000024 seconds.
  path: Assets/Prefabs/Human Deck/power_cut_off_card.prefab
  artifactKey: Guid(212315bc5d5bf02469357c06306a6fa0) Importer(815301076,1909f56bfc062723c751e8b465ee728b)
Start importing Assets/Prefabs/Human Deck/power_cut_off_card.prefab using Guid(212315bc5d5bf02469357c06306a6fa0) Importer(815301076,1909f56bfc062723c751e8b465ee728b) (PreviewImporter) -> (artifact id: '32dd110d0b98c9d75838e50ab5ab8cf3') in 0.0146908 seconds
Number of updated asset objects reloaded before import = 0Number of asset objects unloaded after import = 29

========================================================================
Received Import Request.
  Time since last request: 0.000029 seconds.
  path: Assets/Prefabs/Human Deck/generator_card.prefab
  artifactKey: Guid(1b8d18388e5d8b248a304454980297be) Importer(815301076,1909f56bfc062723c751e8b465ee728b)
Start importing Assets/Prefabs/Human Deck/generator_card.prefab using Guid(1b8d18388e5d8b248a304454980297be) Importer(815301076,1909f56bfc062723c751e8b465ee728b) (PreviewImporter) -> (artifact id: 'd2a517b4c8b34e0844085342b7b2b50a') in 0.012346 seconds
Number of updated asset objects reloaded before import = 0Number of asset objects unloaded after import = 29

========================================================================
Received Import Request.
  Time since last request: 0.000021 seconds.
  path: Assets/Prefabs/Human Deck/shelter_card.prefab
  artifactKey: Guid(0ae31493afa78b94b8f0d03bf4bef0ba) Importer(815301076,1909f56bfc062723c751e8b465ee728b)
Start importing Assets/Prefabs/Human Deck/shelter_card.prefab using Guid(0ae31493afa78b94b8f0d03bf4bef0ba) Importer(815301076,1909f56bfc062723c751e8b465ee728b) (PreviewImporter) -> (artifact id: '79e3d14e33c7b7223b947b94cdf6b551') in 0.0174831 seconds
Number of updated asset objects reloaded before import = 0Number of asset objects unloaded after import = 29

========================================================================
Received Import Request.
  Time since last request: 0.000020 seconds.
  path: Assets/Prefabs/Human Deck/population_card.prefab
  artifactKey: Guid(e5c21141c395f6040bb54b24df9f7225) Importer(815301076,1909f56bfc062723c751e8b465ee728b)
Start importing Assets/Prefabs/Human Deck/population_card.prefab using Guid(e5c21141c395f6040bb54b24df9f7225) Importer(815301076,1909f56bfc062723c751e8b465ee728b) (PreviewImporter) -> (artifact id: '50e71f3bde7f14672787cfbef1c433b8') in 0.0136871 seconds
Number of updated asset objects reloaded before import = 0Number of asset objects unloaded after import = 31

Editor requested this worker to shutdown with reason: Scaling down because of idle timeout
AssetImportWorker is now disconnected from the server
Process exiting
Exiting without the bug reporter. Application will terminate with return code 0