[Licensing::Module] Trying to connect to existing licensing client channel...
Built from '6000.0/staging' branch; Version is '6000.0.61f1 (74a0adb02c31) revision 7643309'; Using compiler version '193933523'; Build Type 'Release'
[Licensing::IpcConnector] Successfully connected to: "LicenseClient-danie" at "2026-04-17T00:24:08.2888716Z"
OS: 'Windows 11  (10.0.26200) 64bit Core' Language: 'pt' Physical Memory: 32332 MB
BatchMode: 1, IsHumanControllingUs: 0, StartBugReporterOnCrash: 0, Is64bit: 1
Date: 2026-04-17T00:24:08Z

COMMAND LINE ARGUMENTS:
C:\Program Files\Unity\Hub\Editor\6000.0.61f1\Editor\Unity.exe
-adb2
-batchMode
-noUpm
-name
AssetImportWorker4
-projectPath
C:/Users/danie/Documents/GitHub/Echoes_of_Dispair/Echoes of Dispair
-logFile
Logs/AssetImportWorker4.log
-srvPort
62058
-licensingIpc
LicenseClient-danie
-job-worker-count
5
-background-job-worker-count
8
-gc-helper-count
1
-name
AssetImport
Successfully changed project path to: C:/Users/danie/Documents/GitHub/Echoes_of_Dispair/Echoes of Dispair
C:/Users/danie/Documents/GitHub/Echoes_of_Dispair/Echoes of Dispair
[UnityMemory] Configuration Parameters - Can be set up in boot.config
    "memorysetup-bucket-allocator-granularity=16"
    "memorysetup-bucket-allocator-bucket-count=8"
    "memorysetup-bucket-allocator-block-size=33554432"
    "memorysetup-bucket-allocator-block-count=8"
    "memorysetup-main-allocator-block-size=16777216"
    "memorysetup-thread-allocator-block-size=16777216"
    "memorysetup-gfx-main-allocator-block-size=16777216"
    "memorysetup-gfx-thread-allocator-block-size=16777216"
    "memorysetup-cache-allocator-block-size=4194304"
    "memorysetup-typetree-allocator-block-size=2097152"
    "memorysetup-profiler-bucket-allocator-granularity=16"
    "memorysetup-profiler-bucket-allocator-bucket-count=8"
    "memorysetup-profiler-bucket-allocator-block-size=33554432"
    "memorysetup-profiler-bucket-allocator-block-count=8"
    "memorysetup-profiler-allocator-block-size=16777216"
    "memorysetup-profiler-editor-allocator-block-size=1048576"
    "memorysetup-temp-allocator-size-main=16777216"
    "memorysetup-job-temp-allocator-block-size=2097152"
    "memorysetup-job-temp-allocator-block-size-background=1048576"
    "memorysetup-job-temp-allocator-reduction-small-platforms=262144"
    "memorysetup-allocator-temp-initial-block-size-main=262144"
    "memorysetup-allocator-temp-initial-block-size-worker=262144"
    "memorysetup-temp-allocator-size-background-worker=32768"
    "memorysetup-temp-allocator-size-job-worker=262144"
    "memorysetup-temp-allocator-size-preload-manager=33554432"
    "memorysetup-temp-allocator-size-nav-mesh-worker=65536"
    "memorysetup-temp-allocator-size-audio-worker=65536"
    "memorysetup-temp-allocator-size-cloud-worker=32768"
    "memorysetup-temp-allocator-size-gi-baking-worker=262144"
    "memorysetup-temp-allocator-size-gi-baking-worker=262144"
    "memorysetup-temp-allocator-size-gi-baking-worker=262144"
    "memorysetup-temp-allocator-size-gi-baking-worker=262144"
    "memorysetup-temp-allocator-size-gi-baking-worker=262144"
    "memorysetup-temp-allocator-size-gfx=262144"
Player connection [25024]  Target information:

Player connection [25024]  * "[IP] 192.168.1.245 [Port] 0 [Flags] 2 [Guid] 1406459846 [EditorId] 1406459846 [Version] 1048832 [Id] WindowsEditor(7,DESKTOP-BF7GFHI) [Debug] 1 [PackageName] WindowsEditor [ProjectName] Editor" 

Player connection [25024] Host joined multi-casting on [225.0.0.222:54997]...
Player connection [25024] Host joined alternative multi-casting on [225.0.0.222:34997]...
JobSystem: Creating JobQueue using job-worker-count value 5
Input System module state changed to: Initialized.
[Physics::Module] Initialized fallback backend.
[Physics::Module] Id: 0xdecafbad
[Licensing::Client] Code 10 while verifying Licensing Client signature (process Id: 23148, path: "C:/Program Files/Unity Hub/UnityLicensingClient_V1/Unity.Licensing.Client.exe")
[Licensing::Module] LicensingClient has failed validation; ignoring
[Licensing::Client] Handshaking with LicensingClient:
  Version:                 1.17.3+a4e98f1
  Session Id:              a512ab1000904dcc910284d7e54288c7
  Correlation Id:          9d3cf1624339f0c687a9766ef147a794
  External correlation Id: 4011418617224523165
  Machine Id:              ns1IhdgJhvidj9r9A3V++lf3kEs=
[Licensing::Module] Successfully connected to LicensingClient on channel: "LicenseClient-danie" (connect: 0.00s, validation: 0.00s, handshake: 0.03s)
[Licensing::IpcConnector] Successfully connected to: "LicenseClient-danie-notifications" at "2026-04-17T00:24:08.3236935Z"
[Licensing::Module] Licensing Background thread has ended after 0.03s
Library Redirect Path: Library/
[Physics::Module] Selected backend.
[Physics::Module] Name: PhysX
[Physics::Module] Id: 0xf2b8ea05
[Physics::Module] SDK Version: 4.1.2
[Physics::Module] Integration Version: 1.0.0
[Physics::Module] Threading Mode: Multi-Threaded
Refreshing native plugins compatible for Editor in 1.32 ms, found 3 plugins.
Preloading 0 native plugins for Editor in 0.00 ms.
Initialize engine version: 6000.0.61f1 (74a0adb02c31)
[Subsystems] Discovering subsystems at path C:/Program Files/Unity/Hub/Editor/6000.0.61f1/Editor/Data/Resources/UnitySubsystems
[Subsystems] Discovering subsystems at path C:/Users/danie/Documents/GitHub/Echoes_of_Dispair/Echoes of Dispair/Assets
GfxDevice: creating device client; kGfxThreadingModeNonThreaded
Direct3D:
    Version:  Direct3D 11.0 [level 11.1]
    Renderer: AMD Radeon RX 7700 XT (ID=0x747e)
    Vendor:   ATI
    VRAM:     12062 MB
    Driver:   32.0.12033.1030
Initialize mono
Mono path[0] = 'C:/Program Files/Unity/Hub/Editor/6000.0.61f1/Editor/Data/Managed'
Mono path[1] = 'C:/Program Files/Unity/Hub/Editor/6000.0.61f1/Editor/Data/MonoBleedingEdge/lib/mono/unityjit-win32'
Mono config path = 'C:/Program Files/Unity/Hub/Editor/6000.0.61f1/Editor/Data/MonoBleedingEdge/etc'
Using monoOptions --debugger-agent=transport=dt_socket,embedding=1,server=y,suspend=n,address=127.0.0.1:56092
Begin MonoManager ReloadAssembly
Registering precompiled unity dll's ...
Register platform support module: C:/Program Files/Unity/Hub/Editor/6000.0.61f1/Editor/Data/PlaybackEngines/WindowsStandaloneSupport/UnityEditor.WindowsStandalone.Extensions.dll
Registered in 0.003055 seconds.
- Loaded All Assemblies, in  0.296 seconds
Native extension for WindowsStandalone target not found
Mono: successfully reloaded assembly
- Finished resetting the current domain, in  0.252 seconds
Domain Reload Profiling: 547ms
	BeginReloadAssembly (96ms)
		ExecutionOrderSort (0ms)
		DisableScriptedObjects (0ms)
		BackupInstance (0ms)
		ReleaseScriptingObjects (0ms)
		CreateAndSetChildDomain (1ms)
	RebuildCommonClasses (29ms)
	RebuildNativeTypeToScriptingClass (9ms)
	initialDomainReloadingComplete (43ms)
	LoadAllAssembliesAndSetupDomain (118ms)
		LoadAssemblies (92ms)
		RebuildTransferFunctionScriptingTraits (0ms)
		AnalyzeDomain (116ms)
			TypeCache.Refresh (115ms)
				TypeCache.ScanAssembly (105ms)
			BuildScriptInfoCaches (0ms)
			ResolveRequiredComponents (0ms)
	FinalizeReload (252ms)
		ReleaseScriptCaches (0ms)
		RebuildScriptCaches (0ms)
		SetupLoadedEditorAssemblies (214ms)
			LogAssemblyErrors (0ms)
			InitializePlatformSupportModulesInManaged (15ms)
			SetLoadedEditorAssemblies (3ms)
			BeforeProcessingInitializeOnLoad (38ms)
			ProcessInitializeOnLoadAttributes (119ms)
			ProcessInitializeOnLoadMethodAttributes (39ms)
			AfterProcessingInitializeOnLoad (0ms)
			EditorAssembliesLoaded (0ms)
		ExecutionOrderSort2 (0ms)
		AwakeInstancesAfterBackupRestoration (0ms)
========================================================================
Worker process is ready to serve import requests
Import Worker Mode flag is 0x00
Begin MonoManager ReloadAssembly
[Licensing::Client] Successfully resolved entitlement details
[Licensing::Module] License group:
  Id: 6872787652608-dan_smcb-UnityProStuXXXX
  Product: Unity Student
  Type: Assigned
  Expiration: 2026-10-18T20:06:43Z
- Loaded All Assemblies, in  0.607 seconds
Refreshing native plugins compatible for Editor in 0.69 ms, found 3 plugins.
Native extension for WindowsStandalone target not found
Package Manager log level set to [2]
[Package Manager] Failed to launch server process. Reason: Unity was launched with the -noUpm command-line argument
[Package Manager] Unable to send message (not connected to server process).
[Package Manager] Cannot connect to Unity Package Manager local server
Mono: successfully reloaded assembly
- Finished resetting the current domain, in  0.563 seconds
Domain Reload Profiling: 1167ms
	BeginReloadAssembly (132ms)
		ExecutionOrderSort (0ms)
		DisableScriptedObjects (5ms)
		BackupInstance (0ms)
		ReleaseScriptingObjects (0ms)
		CreateAndSetChildDomain (29ms)
	RebuildCommonClasses (25ms)
	RebuildNativeTypeToScriptingClass (8ms)
	initialDomainReloadingComplete (31ms)
	LoadAllAssembliesAndSetupDomain (407ms)
		LoadAssemblies (271ms)
		RebuildTransferFunctionScriptingTraits (0ms)
		AnalyzeDomain (204ms)
			TypeCache.Refresh (156ms)
				TypeCache.ScanAssembly (143ms)
			BuildScriptInfoCaches (38ms)
			ResolveRequiredComponents (7ms)
	FinalizeReload (563ms)
		ReleaseScriptCaches (0ms)
		RebuildScriptCaches (0ms)
		SetupLoadedEditorAssemblies (417ms)
			LogAssemblyErrors (0ms)
			InitializePlatformSupportModulesInManaged (2ms)
			SetLoadedEditorAssemblies (9ms)
			BeforeProcessingInitializeOnLoad (84ms)
			ProcessInitializeOnLoadAttributes (282ms)
			ProcessInitializeOnLoadMethodAttributes (37ms)
			AfterProcessingInitializeOnLoad (4ms)
			EditorAssembliesLoaded (0ms)
		ExecutionOrderSort2 (0ms)
		AwakeInstancesAfterBackupRestoration (4ms)
Launched and connected shader compiler UnityShaderCompiler.exe after 0.01 seconds
Refreshing native plugins compatible for Editor in 0.86 ms, found 3 plugins.
Preloading 0 native plugins for Editor in 0.00 ms.
Unloading 13 Unused Serialized files (Serialized files now loaded: 0)
Unloading 6151 unused Assets / (4.4 MB). Loaded Objects now: 6858.
Memory consumption went from 131.1 MB to 126.7 MB.
Total: 8.907300 ms (FindLiveObjects: 0.679900 ms CreateObjectMapping: 0.786900 ms MarkObjects: 5.384600 ms  DeleteObjects: 2.055300 ms)

========================================================================
Received Import Request.
  Time since last request: 43508.356190 seconds.
  path: Assets/Materials/Human Deck/population_mat.mat
  artifactKey: Guid(25a04036afcec4a46b510d315319774a) Importer(815301076,1909f56bfc062723c751e8b465ee728b)
Start importing Assets/Materials/Human Deck/population_mat.mat using Guid(25a04036afcec4a46b510d315319774a) Importer(815301076,1909f56bfc062723c751e8b465ee728b) (PreviewImporter) -> (artifact id: '34ef591a70ca1f651b8fc1cd2914f239') in 0.3905741 seconds
Number of updated asset objects reloaded before import = 0Number of asset objects unloaded after import = 2

========================================================================
Received Import Request.
  Time since last request: 0.542226 seconds.
  path: Assets/Materials/Human Deck/population_mat.mat
  artifactKey: Guid(25a04036afcec4a46b510d315319774a) Importer(2089858483,192608db42251d675da83286b1cce702)
Start importing Assets/Materials/Human Deck/population_mat.mat using Guid(25a04036afcec4a46b510d315319774a) Importer(2089858483,192608db42251d675da83286b1cce702) (ScriptedImporter) -> (artifact id: '938a7762d245775d00f308a42ba89fd7') in 0.1441264 seconds
Number of updated asset objects reloaded before import = 0Number of asset objects unloaded after import = 2

========================================================================
Received Import Request.
  Time since last request: 37.684131 seconds.
  path: Assets/Materials/Human Deck/emergency_kit_mat.mat
  artifactKey: Guid(ad42523bcbf69d448a7ec4b746a675b8) Importer(815301076,1909f56bfc062723c751e8b465ee728b)
Start importing Assets/Materials/Human Deck/emergency_kit_mat.mat using Guid(ad42523bcbf69d448a7ec4b746a675b8) Importer(815301076,1909f56bfc062723c751e8b465ee728b) (PreviewImporter) -> (artifact id: 'df78f44b5b7e2885fe537b8c09c26f9c') in 0.0135528 seconds
Number of updated asset objects reloaded before import = 0Number of asset objects unloaded after import = 2

========================================================================
Received Import Request.
  Time since last request: 0.934622 seconds.
  path: Assets/Materials/Human Deck/emergency_kit_mat.mat
  artifactKey: Guid(ad42523bcbf69d448a7ec4b746a675b8) Importer(2089858483,192608db42251d675da83286b1cce702)
Start importing Assets/Materials/Human Deck/emergency_kit_mat.mat using Guid(ad42523bcbf69d448a7ec4b746a675b8) Importer(2089858483,192608db42251d675da83286b1cce702) (ScriptedImporter) -> (artifact id: '158f5cc56fdcd30d5846363f910726d0') in 0.0121707 seconds
Number of updated asset objects reloaded before import = 0Number of asset objects unloaded after import = 2

========================================================================
Received Import Request.
  Time since last request: 18.493376 seconds.
  path: Assets/Prefabs/Nature Deck/breath_of_boreas_card.prefab
  artifactKey: Guid(80b59687a473a7a4086552ed15cb2af1) Importer(815301076,1909f56bfc062723c751e8b465ee728b)
Start importing Assets/Prefabs/Nature Deck/breath_of_boreas_card.prefab using Guid(80b59687a473a7a4086552ed15cb2af1) Importer(815301076,1909f56bfc062723c751e8b465ee728b) (PreviewImporter) -> (artifact id: 'ec3a6e06ba40de1d87c03a1d59bc428e') in 0.0320303 seconds
Number of updated asset objects reloaded before import = 0Number of asset objects unloaded after import = 22

========================================================================
Received Import Request.
  Time since last request: 0.000021 seconds.
  path: Assets/Prefabs/Nature Deck/torrent_of_the_naiads_card.prefab
  artifactKey: Guid(88e1487db6fad914996cc3cb661f0372) Importer(815301076,1909f56bfc062723c751e8b465ee728b)
Start importing Assets/Prefabs/Nature Deck/torrent_of_the_naiads_card.prefab using Guid(88e1487db6fad914996cc3cb661f0372) Importer(815301076,1909f56bfc062723c751e8b465ee728b) (PreviewImporter) -> (artifact id: 'f9d1513640d3a1021aef43f0a9aadfb9') in 0.015599 seconds
Number of updated asset objects reloaded before import = 0Number of asset objects unloaded after import = 22

========================================================================
Received Import Request.
  Time since last request: 0.000024 seconds.
  path: Assets/Prefabs/Nature Deck/fury_of_enceladus_card.prefab
  artifactKey: Guid(7a53987d47e0c2f45b73aa0f13195097) Importer(815301076,1909f56bfc062723c751e8b465ee728b)
Start importing Assets/Prefabs/Nature Deck/fury_of_enceladus_card.prefab using Guid(7a53987d47e0c2f45b73aa0f13195097) Importer(815301076,1909f56bfc062723c751e8b465ee728b) (PreviewImporter) -> (artifact id: '6b0c756785609ae41849fa08811ff430') in 0.0164201 seconds
Number of updated asset objects reloaded before import = 0Number of asset objects unloaded after import = 22

========================================================================
Received Import Request.
  Time since last request: 0.000027 seconds.
  path: Assets/Prefabs/Nature Deck/parched_earth_card.prefab
  artifactKey: Guid(67a4b10bb5b0e4b42bba396d8e87becc) Importer(815301076,1909f56bfc062723c751e8b465ee728b)
Start importing Assets/Prefabs/Nature Deck/parched_earth_card.prefab using Guid(67a4b10bb5b0e4b42bba396d8e87becc) Importer(815301076,1909f56bfc062723c751e8b465ee728b) (PreviewImporter) -> (artifact id: '76f8c84ca697c7efbe1250390f856fff') in 0.0150738 seconds
Number of updated asset objects reloaded before import = 0Number of asset objects unloaded after import = 22

========================================================================
Received Import Request.
  Time since last request: 0.000030 seconds.
  path: Assets/Prefabs/Nature Deck/rapid_intensification_card.prefab
  artifactKey: Guid(e1879d87c5349c04a83f2cd3120aed83) Importer(815301076,1909f56bfc062723c751e8b465ee728b)
Start importing Assets/Prefabs/Nature Deck/rapid_intensification_card.prefab using Guid(e1879d87c5349c04a83f2cd3120aed83) Importer(815301076,1909f56bfc062723c751e8b465ee728b) (PreviewImporter) -> (artifact id: '241c8fbee697868c9911d2263e4ac55a') in 0.0142803 seconds
Number of updated asset objects reloaded before import = 0Number of asset objects unloaded after import = 22

========================================================================
Received Import Request.
  Time since last request: 0.000019 seconds.
  path: Assets/Prefabs/Nature Deck/seismic_echoes_card.prefab
  artifactKey: Guid(b41e8506cc9430841be015542ac93c49) Importer(815301076,1909f56bfc062723c751e8b465ee728b)
Start importing Assets/Prefabs/Nature Deck/seismic_echoes_card.prefab using Guid(b41e8506cc9430841be015542ac93c49) Importer(815301076,1909f56bfc062723c751e8b465ee728b) (PreviewImporter) -> (artifact id: 'a0aa0a9b07d19946bf42dfdcc1687f0c') in 0.013556 seconds
Number of updated asset objects reloaded before import = 0Number of asset objects unloaded after import = 22

========================================================================
Received Import Request.
  Time since last request: 16.358092 seconds.
  path: Assets/Prefabs/Nature Deck/torrent_of_the_naiads_card 1.prefab
  artifactKey: Guid(6c45e1f4b278c8344ab9124cfbff9f25) Importer(815301076,1909f56bfc062723c751e8b465ee728b)
Start importing Assets/Prefabs/Nature Deck/torrent_of_the_naiads_card 1.prefab using Guid(6c45e1f4b278c8344ab9124cfbff9f25) Importer(815301076,1909f56bfc062723c751e8b465ee728b) (PreviewImporter) -> (artifact id: 'c7a595a5381c1b9f530019a24442afa4') in 0.0091071 seconds
Number of updated asset objects reloaded before import = 0Number of asset objects unloaded after import = 22

========================================================================
Received Import Request.
  Time since last request: 1.743861 seconds.
  path: Assets/Materials/Human Deck/emergency_kit_mat.mat
  artifactKey: Guid(ad42523bcbf69d448a7ec4b746a675b8) Importer(2089858483,192608db42251d675da83286b1cce702)
Start importing Assets/Materials/Human Deck/emergency_kit_mat.mat using Guid(ad42523bcbf69d448a7ec4b746a675b8) Importer(2089858483,192608db42251d675da83286b1cce702) (ScriptedImporter) -> (artifact id: 'f06ca1e7c94db16afd96253fd51c458d') in 0.0139934 seconds
Number of updated asset objects reloaded before import = 0Number of asset objects unloaded after import = 2

========================================================================
Received Import Request.
  Time since last request: 6.107252 seconds.
  path: Assets/Prefabs/Nature Deck/eye_of_huracan_card.prefab
  artifactKey: Guid(6c45e1f4b278c8344ab9124cfbff9f25) Importer(815301076,1909f56bfc062723c751e8b465ee728b)
Start importing Assets/Prefabs/Nature Deck/eye_of_huracan_card.prefab using Guid(6c45e1f4b278c8344ab9124cfbff9f25) Importer(815301076,1909f56bfc062723c751e8b465ee728b) (PreviewImporter) -> (artifact id: 'a8ba25f3eb1c2d7cb2bc09f3026b2160') in 0.0088457 seconds
Number of updated asset objects reloaded before import = 0Number of asset objects unloaded after import = 22

========================================================================
Received Import Request.
  Time since last request: 0.922156 seconds.
  path: Assets/Prefabs/Nature Deck/eye_of_huracan_card.prefab
  artifactKey: Guid(6c45e1f4b278c8344ab9124cfbff9f25) Importer(2089858483,192608db42251d675da83286b1cce702)
Start importing Assets/Prefabs/Nature Deck/eye_of_huracan_card.prefab using Guid(6c45e1f4b278c8344ab9124cfbff9f25) Importer(2089858483,192608db42251d675da83286b1cce702) (ScriptedImporter) -> (artifact id: '6d7b347fd2b6a81af959d9a3f8ae3237') in 0.0533878 seconds
Number of updated asset objects reloaded before import = 0Number of asset objects unloaded after import = 17

========================================================================
Received Import Request.
  Time since last request: 2.736224 seconds.
  path: Assets/Materials/Nature Deck/awakening_of_namazu_mat.mat
  artifactKey: Guid(9607822c6a641ff4dbba56ce50011c11) Importer(815301076,1909f56bfc062723c751e8b465ee728b)
Start importing Assets/Materials/Nature Deck/awakening_of_namazu_mat.mat using Guid(9607822c6a641ff4dbba56ce50011c11) Importer(815301076,1909f56bfc062723c751e8b465ee728b) (PreviewImporter) -> (artifact id: '47b7edce2f3cc0a60baa8a4215b7a05f') in 0.0133594 seconds
Number of updated asset objects reloaded before import = 0Number of asset objects unloaded after import = 2

========================================================================
Received Import Request.
  Time since last request: 0.000022 seconds.
  path: Assets/Materials/Nature Deck/scourge_of_helios_mat.mat
  artifactKey: Guid(ba85fa6b4c234d9419d159f611cf7c32) Importer(815301076,1909f56bfc062723c751e8b465ee728b)
Start importing Assets/Materials/Nature Deck/scourge_of_helios_mat.mat using Guid(ba85fa6b4c234d9419d159f611cf7c32) Importer(815301076,1909f56bfc062723c751e8b465ee728b) (PreviewImporter) -> (artifact id: 'e0e7ecd09ebc54380b1345d7aa2fed48') in 0.0156459 seconds
Number of updated asset objects reloaded before import = 0Number of asset objects unloaded after import = 2

========================================================================
Received Import Request.
  Time since last request: 3.147231 seconds.
  path: Assets/Prefabs/Nature Deck/eye_of_huracan_card.prefab
  artifactKey: Guid(6c45e1f4b278c8344ab9124cfbff9f25) Importer(815301076,1909f56bfc062723c751e8b465ee728b)
Start importing Assets/Prefabs/Nature Deck/eye_of_huracan_card.prefab using Guid(6c45e1f4b278c8344ab9124cfbff9f25) Importer(815301076,1909f56bfc062723c751e8b465ee728b) (PreviewImporter) -> (artifact id: '3ff5ac354ee59f35d7df86d29f5e3faa') in 0.0152398 seconds
Number of updated asset objects reloaded before import = 0Number of asset objects unloaded after import = 22

========================================================================
Received Import Request.
  Time since last request: 0.900625 seconds.
  path: Assets/Prefabs/Nature Deck/eye_of_huracan_card.prefab
  artifactKey: Guid(6c45e1f4b278c8344ab9124cfbff9f25) Importer(2089858483,192608db42251d675da83286b1cce702)
Start importing Assets/Prefabs/Nature Deck/eye_of_huracan_card.prefab using Guid(6c45e1f4b278c8344ab9124cfbff9f25) Importer(2089858483,192608db42251d675da83286b1cce702) (ScriptedImporter) -> (artifact id: 'fd680ea1e8f618885eda3ab83d48cc32') in 0.0138784 seconds
Number of updated asset objects reloaded before import = 0Number of asset objects unloaded after import = 17

========================================================================
Received Import Request.
  Time since last request: 12.081758 seconds.
  path: Assets/Prefabs/Nature Deck/torrent_of_the_naiads_card 1.prefab
  artifactKey: Guid(92ab01c09fc82a44db4705e507383911) Importer(815301076,1909f56bfc062723c751e8b465ee728b)
Start importing Assets/Prefabs/Nature Deck/torrent_of_the_naiads_card 1.prefab using Guid(92ab01c09fc82a44db4705e507383911) Importer(815301076,1909f56bfc062723c751e8b465ee728b) (PreviewImporter) -> (artifact id: '8756e6bdbcb8b6be357f22c5f7034098') in 0.0091298 seconds
Number of updated asset objects reloaded before import = 0Number of asset objects unloaded after import = 22

========================================================================
Received Import Request.
  Time since last request: 1.899031 seconds.
  path: Assets/Prefabs/Nature Deck/torrent_of_the_naiads_card 1.prefab
  artifactKey: Guid(92ab01c09fc82a44db4705e507383911) Importer(2089858483,192608db42251d675da83286b1cce702)
Start importing Assets/Prefabs/Nature Deck/torrent_of_the_naiads_card 1.prefab using Guid(92ab01c09fc82a44db4705e507383911) Importer(2089858483,192608db42251d675da83286b1cce702) (ScriptedImporter) -> (artifact id: 'bd9dd0be980375db824ceab712073b0d') in 0.0173024 seconds
Number of updated asset objects reloaded before import = 0Number of asset objects unloaded after import = 17

========================================================================
Received Import Request.
  Time since last request: 4.501927 seconds.
  path: Assets/Prefabs/Nature Deck/awakening_of_namazu_card.prefab
  artifactKey: Guid(92ab01c09fc82a44db4705e507383911) Importer(815301076,1909f56bfc062723c751e8b465ee728b)
Start importing Assets/Prefabs/Nature Deck/awakening_of_namazu_card.prefab using Guid(92ab01c09fc82a44db4705e507383911) Importer(815301076,1909f56bfc062723c751e8b465ee728b) (PreviewImporter) -> (artifact id: '32380584cad52a62ed30a670b0e2032a') in 0.0119752 seconds
Number of updated asset objects reloaded before import = 0Number of asset objects unloaded after import = 22

========================================================================
Received Import Request.
  Time since last request: 0.916361 seconds.
  path: Assets/Prefabs/Nature Deck/awakening_of_namazu_card.prefab
  artifactKey: Guid(92ab01c09fc82a44db4705e507383911) Importer(2089858483,192608db42251d675da83286b1cce702)
Start importing Assets/Prefabs/Nature Deck/awakening_of_namazu_card.prefab using Guid(92ab01c09fc82a44db4705e507383911) Importer(2089858483,192608db42251d675da83286b1cce702) (ScriptedImporter) -> (artifact id: '0fcf0e241f52f73f275009b41ee6af8b') in 0.0155714 seconds
Number of updated asset objects reloaded before import = 0Number of asset objects unloaded after import = 17

========================================================================
Received Import Request.
  Time since last request: 6.335114 seconds.
  path: Assets/Prefabs/Nature Deck/awakening_of_namazu_card.prefab
  artifactKey: Guid(92ab01c09fc82a44db4705e507383911) Importer(815301076,1909f56bfc062723c751e8b465ee728b)
Start importing Assets/Prefabs/Nature Deck/awakening_of_namazu_card.prefab using Guid(92ab01c09fc82a44db4705e507383911) Importer(815301076,1909f56bfc062723c751e8b465ee728b) (PreviewImporter) -> (artifact id: '42a739b9c7c256477295b74f8bfd9e45') in 0.016175 seconds
Number of updated asset objects reloaded before import = 0Number of asset objects unloaded after import = 22

========================================================================
Received Import Request.
  Time since last request: 0.915960 seconds.
  path: Assets/Prefabs/Nature Deck/awakening_of_namazu_card.prefab
  artifactKey: Guid(92ab01c09fc82a44db4705e507383911) Importer(2089858483,192608db42251d675da83286b1cce702)
Start importing Assets/Prefabs/Nature Deck/awakening_of_namazu_card.prefab using Guid(92ab01c09fc82a44db4705e507383911) Importer(2089858483,192608db42251d675da83286b1cce702) (ScriptedImporter) -> (artifact id: 'd01f4907c7a0bd7b83c7657a0594ec90') in 0.0147394 seconds
Number of updated asset objects reloaded before import = 0Number of asset objects unloaded after import = 17

========================================================================
Received Import Request.
  Time since last request: 11.851185 seconds.
  path: Assets/Prefabs/Nature Deck/torrent_of_the_naiads_card 1.prefab
  artifactKey: Guid(3ceaf2277d8cbeb439e9ac52fc48202e) Importer(815301076,1909f56bfc062723c751e8b465ee728b)
Start importing Assets/Prefabs/Nature Deck/torrent_of_the_naiads_card 1.prefab using Guid(3ceaf2277d8cbeb439e9ac52fc48202e) Importer(815301076,1909f56bfc062723c751e8b465ee728b) (PreviewImporter) -> (artifact id: '980ee81d869de68ff5c174f699e0f7e5') in 0.0091277 seconds
Number of updated asset objects reloaded before import = 0Number of asset objects unloaded after import = 22

========================================================================
Received Import Request.
  Time since last request: 0.899541 seconds.
  path: Assets/Prefabs/Nature Deck/torrent_of_the_naiads_card 1.prefab
  artifactKey: Guid(3ceaf2277d8cbeb439e9ac52fc48202e) Importer(2089858483,192608db42251d675da83286b1cce702)
Start importing Assets/Prefabs/Nature Deck/torrent_of_the_naiads_card 1.prefab using Guid(3ceaf2277d8cbeb439e9ac52fc48202e) Importer(2089858483,192608db42251d675da83286b1cce702) (ScriptedImporter) -> (artifact id: '2a39ccebdad69d617ab8b27461613d83') in 0.0140093 seconds
Number of updated asset objects reloaded before import = 0Number of asset objects unloaded after import = 17

========================================================================
Received Import Request.
  Time since last request: 8.893619 seconds.
  path: Assets/Prefabs/Nature Deck/cataclysm_of_the_njordr_card.prefab
  artifactKey: Guid(3ceaf2277d8cbeb439e9ac52fc48202e) Importer(815301076,1909f56bfc062723c751e8b465ee728b)
Start importing Assets/Prefabs/Nature Deck/cataclysm_of_the_njordr_card.prefab using Guid(3ceaf2277d8cbeb439e9ac52fc48202e) Importer(815301076,1909f56bfc062723c751e8b465ee728b) (PreviewImporter) -> (artifact id: 'e619a081a517ab62a99b422636058450') in 0.0089444 seconds
Number of updated asset objects reloaded before import = 0Number of asset objects unloaded after import = 22

========================================================================
Received Import Request.
  Time since last request: 0.928718 seconds.
  path: Assets/Prefabs/Nature Deck/cataclysm_of_the_njordr_card.prefab
  artifactKey: Guid(3ceaf2277d8cbeb439e9ac52fc48202e) Importer(2089858483,192608db42251d675da83286b1cce702)
Start importing Assets/Prefabs/Nature Deck/cataclysm_of_the_njordr_card.prefab using Guid(3ceaf2277d8cbeb439e9ac52fc48202e) Importer(2089858483,192608db42251d675da83286b1cce702) (ScriptedImporter) -> (artifact id: '6205a0375084f8944c340e104c673614') in 0.0156828 seconds
Number of updated asset objects reloaded before import = 0Number of asset objects unloaded after import = 17

========================================================================
Received Import Request.
  Time since last request: 6.986409 seconds.
  path: Assets/Prefabs/Nature Deck/cataclysm_of_the_njordr_card.prefab
  artifactKey: Guid(3ceaf2277d8cbeb439e9ac52fc48202e) Importer(815301076,1909f56bfc062723c751e8b465ee728b)
Start importing Assets/Prefabs/Nature Deck/cataclysm_of_the_njordr_card.prefab using Guid(3ceaf2277d8cbeb439e9ac52fc48202e) Importer(815301076,1909f56bfc062723c751e8b465ee728b) (PreviewImporter) -> (artifact id: '00d40ac4471f00318e2a9475e90efe0a') in 0.0167532 seconds
Number of updated asset objects reloaded before import = 0Number of asset objects unloaded after import = 22

========================================================================
Received Import Request.
  Time since last request: 0.920002 seconds.
  path: Assets/Prefabs/Nature Deck/cataclysm_of_the_njordr_card.prefab
  artifactKey: Guid(3ceaf2277d8cbeb439e9ac52fc48202e) Importer(2089858483,192608db42251d675da83286b1cce702)
Start importing Assets/Prefabs/Nature Deck/cataclysm_of_the_njordr_card.prefab using Guid(3ceaf2277d8cbeb439e9ac52fc48202e) Importer(2089858483,192608db42251d675da83286b1cce702) (ScriptedImporter) -> (artifact id: '9210bf0d10ec7a8470d43b959bc17378') in 0.0173159 seconds
Number of updated asset objects reloaded before import = 0Number of asset objects unloaded after import = 17

========================================================================
Received Import Request.
  Time since last request: 5.505481 seconds.
  path: Assets/Prefabs/Nature Deck/torrent_of_the_naiads_card 1.prefab
  artifactKey: Guid(57f27d5574f782c41a0737997bca193c) Importer(815301076,1909f56bfc062723c751e8b465ee728b)
Start importing Assets/Prefabs/Nature Deck/torrent_of_the_naiads_card 1.prefab using Guid(57f27d5574f782c41a0737997bca193c) Importer(815301076,1909f56bfc062723c751e8b465ee728b) (PreviewImporter) -> (artifact id: 'e0f4d63f020f60b2cd74c26a83725f31') in 0.0093413 seconds
Number of updated asset objects reloaded before import = 0Number of asset objects unloaded after import = 22

========================================================================
Received Import Request.
  Time since last request: 0.941348 seconds.
  path: Assets/Prefabs/Nature Deck/torrent_of_the_naiads_card 1.prefab
  artifactKey: Guid(57f27d5574f782c41a0737997bca193c) Importer(2089858483,192608db42251d675da83286b1cce702)
Start importing Assets/Prefabs/Nature Deck/torrent_of_the_naiads_card 1.prefab using Guid(57f27d5574f782c41a0737997bca193c) Importer(2089858483,192608db42251d675da83286b1cce702) (ScriptedImporter) -> (artifact id: '5d58679a6a6125a247400f863d0cca3a') in 0.0170649 seconds
Number of updated asset objects reloaded before import = 0Number of asset objects unloaded after import = 17

========================================================================
Received Import Request.
  Time since last request: 12.043995 seconds.
  path: Assets/Prefabs/Nature Deck/deluge_of_poseidon_card.prefab
  artifactKey: Guid(57f27d5574f782c41a0737997bca193c) Importer(815301076,1909f56bfc062723c751e8b465ee728b)
Start importing Assets/Prefabs/Nature Deck/deluge_of_poseidon_card.prefab using Guid(57f27d5574f782c41a0737997bca193c) Importer(815301076,1909f56bfc062723c751e8b465ee728b) (PreviewImporter) -> (artifact id: 'e0baef87137317745fefd1a6a8d6e941') in 0.0078418 seconds
Number of updated asset objects reloaded before import = 0Number of asset objects unloaded after import = 22

========================================================================
Received Import Request.
  Time since last request: 0.896852 seconds.
  path: Assets/Prefabs/Nature Deck/deluge_of_poseidon_card.prefab
  artifactKey: Guid(57f27d5574f782c41a0737997bca193c) Importer(2089858483,192608db42251d675da83286b1cce702)
Start importing Assets/Prefabs/Nature Deck/deluge_of_poseidon_card.prefab using Guid(57f27d5574f782c41a0737997bca193c) Importer(2089858483,192608db42251d675da83286b1cce702) (ScriptedImporter) -> (artifact id: '06b4efbe2f2cc0c36c80f9a09413ecdf') in 0.0131909 seconds
Number of updated asset objects reloaded before import = 0Number of asset objects unloaded after import = 17

========================================================================
Received Import Request.
  Time since last request: 5.663211 seconds.
  path: Assets/Prefabs/Nature Deck/deluge_of_poseidon_card.prefab
  artifactKey: Guid(57f27d5574f782c41a0737997bca193c) Importer(815301076,1909f56bfc062723c751e8b465ee728b)
Start importing Assets/Prefabs/Nature Deck/deluge_of_poseidon_card.prefab using Guid(57f27d5574f782c41a0737997bca193c) Importer(815301076,1909f56bfc062723c751e8b465ee728b) (PreviewImporter) -> (artifact id: '9d96b88902b8e93440f945d525017e3a') in 0.0123389 seconds
Number of updated asset objects reloaded before import = 0Number of asset objects unloaded after import = 22

========================================================================
Received Import Request.
  Time since last request: 0.931254 seconds.
  path: Assets/Prefabs/Nature Deck/deluge_of_poseidon_card.prefab
  artifactKey: Guid(57f27d5574f782c41a0737997bca193c) Importer(2089858483,192608db42251d675da83286b1cce702)
Start importing Assets/Prefabs/Nature Deck/deluge_of_poseidon_card.prefab using Guid(57f27d5574f782c41a0737997bca193c) Importer(2089858483,192608db42251d675da83286b1cce702) (ScriptedImporter) -> (artifact id: 'dbe482639fae57d7f414f3f52fda5f60') in 0.0129843 seconds
Number of updated asset objects reloaded before import = 0Number of asset objects unloaded after import = 17

========================================================================
Received Import Request.
  Time since last request: 6.557089 seconds.
  path: Assets/Prefabs/Nature Deck/torrent_of_the_naiads_card 1.prefab
  artifactKey: Guid(2b3f217933fb47a4fb21215a81352b62) Importer(815301076,1909f56bfc062723c751e8b465ee728b)
Start importing Assets/Prefabs/Nature Deck/torrent_of_the_naiads_card 1.prefab using Guid(2b3f217933fb47a4fb21215a81352b62) Importer(815301076,1909f56bfc062723c751e8b465ee728b) (PreviewImporter) -> (artifact id: '1b594186d6257fc737ccd0ccc6fe50c5') in 0.0076193 seconds
Number of updated asset objects reloaded before import = 0Number of asset objects unloaded after import = 22

========================================================================
Received Import Request.
  Time since last request: 0.951063 seconds.
  path: Assets/Prefabs/Nature Deck/torrent_of_the_naiads_card 1.prefab
  artifactKey: Guid(2b3f217933fb47a4fb21215a81352b62) Importer(2089858483,192608db42251d675da83286b1cce702)
Start importing Assets/Prefabs/Nature Deck/torrent_of_the_naiads_card 1.prefab using Guid(2b3f217933fb47a4fb21215a81352b62) Importer(2089858483,192608db42251d675da83286b1cce702) (ScriptedImporter) -> (artifact id: '54df37f0dad44c761329b33242eca2e7') in 0.0153047 seconds
Number of updated asset objects reloaded before import = 0Number of asset objects unloaded after import = 17

========================================================================
Received Import Request.
  Time since last request: 5.580582 seconds.
  path: Assets/Prefabs/Nature Deck/scourge_of_helios_card.prefab
  artifactKey: Guid(2b3f217933fb47a4fb21215a81352b62) Importer(815301076,1909f56bfc062723c751e8b465ee728b)
Start importing Assets/Prefabs/Nature Deck/scourge_of_helios_card.prefab using Guid(2b3f217933fb47a4fb21215a81352b62) Importer(815301076,1909f56bfc062723c751e8b465ee728b) (PreviewImporter) -> (artifact id: 'f3556ff324260d102c448a527a8ed261') in 0.0078716 seconds
Number of updated asset objects reloaded before import = 0Number of asset objects unloaded after import = 22

========================================================================
Received Import Request.
  Time since last request: 0.933450 seconds.
  path: Assets/Prefabs/Nature Deck/scourge_of_helios_card.prefab
  artifactKey: Guid(2b3f217933fb47a4fb21215a81352b62) Importer(2089858483,192608db42251d675da83286b1cce702)
Start importing Assets/Prefabs/Nature Deck/scourge_of_helios_card.prefab using Guid(2b3f217933fb47a4fb21215a81352b62) Importer(2089858483,192608db42251d675da83286b1cce702) (ScriptedImporter) -> (artifact id: '0966640302b191eee309f150910e021d') in 0.012146 seconds
Number of updated asset objects reloaded before import = 0Number of asset objects unloaded after import = 17

========================================================================
Received Import Request.
  Time since last request: 7.223597 seconds.
  path: Assets/Prefabs/Nature Deck/scourge_of_helios_card.prefab
  artifactKey: Guid(2b3f217933fb47a4fb21215a81352b62) Importer(815301076,1909f56bfc062723c751e8b465ee728b)
Start importing Assets/Prefabs/Nature Deck/scourge_of_helios_card.prefab using Guid(2b3f217933fb47a4fb21215a81352b62) Importer(815301076,1909f56bfc062723c751e8b465ee728b) (PreviewImporter) -> (artifact id: 'd8536c210fca76c340498ecf0d64ddda') in 0.0122199 seconds
Number of updated asset objects reloaded before import = 0Number of asset objects unloaded after import = 22

========================================================================
Received Import Request.
  Time since last request: 0.932308 seconds.
  path: Assets/Prefabs/Nature Deck/scourge_of_helios_card.prefab
  artifactKey: Guid(2b3f217933fb47a4fb21215a81352b62) Importer(2089858483,192608db42251d675da83286b1cce702)
Start importing Assets/Prefabs/Nature Deck/scourge_of_helios_card.prefab using Guid(2b3f217933fb47a4fb21215a81352b62) Importer(2089858483,192608db42251d675da83286b1cce702) (ScriptedImporter) -> (artifact id: '00f0e84f4f0edae725210e744b345948') in 0.0114685 seconds
Number of updated asset objects reloaded before import = 0Number of asset objects unloaded after import = 17

========================================================================
Received Import Request.
  Time since last request: 2.081153 seconds.
  path: Assets/Materials/Human Deck/emergency_kit_mat.mat
  artifactKey: Guid(ad42523bcbf69d448a7ec4b746a675b8) Importer(815301076,1909f56bfc062723c751e8b465ee728b)
Start importing Assets/Materials/Human Deck/emergency_kit_mat.mat using Guid(ad42523bcbf69d448a7ec4b746a675b8) Importer(815301076,1909f56bfc062723c751e8b465ee728b) (PreviewImporter) -> (artifact id: 'f3969a67b1f6e52551b51ff2c3d0e455') in 0.0122377 seconds
Number of updated asset objects reloaded before import = 0Number of asset objects unloaded after import = 2

========================================================================
Received Import Request.
  Time since last request: 3.859568 seconds.
  path: Assets/Prefabs/Human Deck/barricade_card.prefab
  artifactKey: Guid(c507921be00ca1440966cc92c4fa42ef) Importer(815301076,1909f56bfc062723c751e8b465ee728b)
Start importing Assets/Prefabs/Human Deck/barricade_card.prefab using Guid(c507921be00ca1440966cc92c4fa42ef) Importer(815301076,1909f56bfc062723c751e8b465ee728b) (PreviewImporter) -> (artifact id: 'f9c60dd3fa3211583c8d6fe6b46afc32') in 0.010734 seconds
Number of updated asset objects reloaded before import = 0Number of asset objects unloaded after import = 29

========================================================================
Received Import Request.
  Time since last request: 0.000023 seconds.
  path: Assets/Prefabs/Human Deck/power_cut_off_card.prefab
  artifactKey: Guid(212315bc5d5bf02469357c06306a6fa0) Importer(815301076,1909f56bfc062723c751e8b465ee728b)
Start importing Assets/Prefabs/Human Deck/power_cut_off_card.prefab using Guid(212315bc5d5bf02469357c06306a6fa0) Importer(815301076,1909f56bfc062723c751e8b465ee728b) (PreviewImporter) -> (artifact id: 'aba8fe3a4adb9b34f85f2704f9cc59f3') in 0.0086535 seconds
Number of updated asset objects reloaded before import = 0Number of asset objects unloaded after import = 29

========================================================================
Received Import Request.
  Time since last request: 0.000024 seconds.
  path: Assets/Prefabs/Human Deck/generator_card.prefab
  artifactKey: Guid(1b8d18388e5d8b248a304454980297be) Importer(815301076,1909f56bfc062723c751e8b465ee728b)
Start importing Assets/Prefabs/Human Deck/generator_card.prefab using Guid(1b8d18388e5d8b248a304454980297be) Importer(815301076,1909f56bfc062723c751e8b465ee728b) (PreviewImporter) -> (artifact id: '85c5ddcac7f0395fad2eedfafc2b90a6') in 0.0102602 seconds
Number of updated asset objects reloaded before import = 0Number of asset objects unloaded after import = 29

========================================================================
Received Import Request.
  Time since last request: 0.000023 seconds.
  path: Assets/Prefabs/Human Deck/shelter_card.prefab
  artifactKey: Guid(0ae31493afa78b94b8f0d03bf4bef0ba) Importer(815301076,1909f56bfc062723c751e8b465ee728b)
Start importing Assets/Prefabs/Human Deck/shelter_card.prefab using Guid(0ae31493afa78b94b8f0d03bf4bef0ba) Importer(815301076,1909f56bfc062723c751e8b465ee728b) (PreviewImporter) -> (artifact id: '9644c71873d1199e60a8c61d3c750722') in 0.0126874 seconds
Number of updated asset objects reloaded before import = 0Number of asset objects unloaded after import = 29

========================================================================
Received Import Request.
  Time since last request: 4.252781 seconds.
  path: Assets/Prefabs/Human Deck/stay_hydrated_card 1.prefab
  artifactKey: Guid(1902d753cf392a146ad787c91f5e4c3a) Importer(815301076,1909f56bfc062723c751e8b465ee728b)
Start importing Assets/Prefabs/Human Deck/stay_hydrated_card 1.prefab using Guid(1902d753cf392a146ad787c91f5e4c3a) Importer(815301076,1909f56bfc062723c751e8b465ee728b) (PreviewImporter) -> (artifact id: 'dce6ca2d2459e0bbf09797c83f0ecb98') in 0.0082417 seconds
Number of updated asset objects reloaded before import = 0Number of asset objects unloaded after import = 29

========================================================================
Received Import Request.
  Time since last request: 0.947667 seconds.
  path: Assets/Prefabs/Human Deck/stay_hydrated_card 1.prefab
  artifactKey: Guid(1902d753cf392a146ad787c91f5e4c3a) Importer(2089858483,192608db42251d675da83286b1cce702)
Start importing Assets/Prefabs/Human Deck/stay_hydrated_card 1.prefab using Guid(1902d753cf392a146ad787c91f5e4c3a) Importer(2089858483,192608db42251d675da83286b1cce702) (ScriptedImporter) -> (artifact id: 'e5e65f03e5551535d7d20793ee8f51bf') in 0.0151939 seconds
Number of updated asset objects reloaded before import = 0Number of asset objects unloaded after import = 24

========================================================================
Received Import Request.
  Time since last request: 8.360247 seconds.
  path: Assets/Prefabs/Human Deck/emergency_kit_card.prefab
  artifactKey: Guid(1902d753cf392a146ad787c91f5e4c3a) Importer(815301076,1909f56bfc062723c751e8b465ee728b)
Start importing Assets/Prefabs/Human Deck/emergency_kit_card.prefab using Guid(1902d753cf392a146ad787c91f5e4c3a) Importer(815301076,1909f56bfc062723c751e8b465ee728b) (PreviewImporter) -> (artifact id: '6a231253cb978b00f4c4af9749411655') in 0.0083011 seconds
Number of updated asset objects reloaded before import = 0Number of asset objects unloaded after import = 29

========================================================================
Received Import Request.
  Time since last request: 0.928771 seconds.
  path: Assets/Prefabs/Human Deck/emergency_kit_card.prefab
  artifactKey: Guid(1902d753cf392a146ad787c91f5e4c3a) Importer(2089858483,192608db42251d675da83286b1cce702)
Start importing Assets/Prefabs/Human Deck/emergency_kit_card.prefab using Guid(1902d753cf392a146ad787c91f5e4c3a) Importer(2089858483,192608db42251d675da83286b1cce702) (ScriptedImporter) -> (artifact id: '4d9c6af72b7f1104ddfde5a7b946041e') in 0.0174461 seconds
Number of updated asset objects reloaded before import = 0Number of asset objects unloaded after import = 24

========================================================================
Received Import Request.
  Time since last request: 8.311196 seconds.
  path: Assets/Prefabs/Human Deck/emergency_kit_card.prefab
  artifactKey: Guid(1902d753cf392a146ad787c91f5e4c3a) Importer(815301076,1909f56bfc062723c751e8b465ee728b)
Start importing Assets/Prefabs/Human Deck/emergency_kit_card.prefab using Guid(1902d753cf392a146ad787c91f5e4c3a) Importer(815301076,1909f56bfc062723c751e8b465ee728b) (PreviewImporter) -> (artifact id: '95bb01c948ba3e05f60efb2b3b68ca10') in 0.0128464 seconds
Number of updated asset objects reloaded before import = 0Number of asset objects unloaded after import = 31

========================================================================
Received Import Request.
  Time since last request: 0.926611 seconds.
  path: Assets/Prefabs/Human Deck/emergency_kit_card.prefab
  artifactKey: Guid(1902d753cf392a146ad787c91f5e4c3a) Importer(2089858483,192608db42251d675da83286b1cce702)
Start importing Assets/Prefabs/Human Deck/emergency_kit_card.prefab using Guid(1902d753cf392a146ad787c91f5e4c3a) Importer(2089858483,192608db42251d675da83286b1cce702) (ScriptedImporter) -> (artifact id: '6304724751cbd792d9ce9230d605ca0c') in 0.0225336 seconds
Number of updated asset objects reloaded before import = 0Number of asset objects unloaded after import = 24

========================================================================
Received Import Request.
  Time since last request: 15.667650 seconds.
  path: Assets/Prefabs/Human Deck/stay_hydrated_card 1.prefab
  artifactKey: Guid(e5c21141c395f6040bb54b24df9f7225) Importer(815301076,1909f56bfc062723c751e8b465ee728b)
Start importing Assets/Prefabs/Human Deck/stay_hydrated_card 1.prefab using Guid(e5c21141c395f6040bb54b24df9f7225) Importer(815301076,1909f56bfc062723c751e8b465ee728b) (PreviewImporter) -> (artifact id: 'd5b02c5359a22269c67f340355f56600') in 0.0083938 seconds
Number of updated asset objects reloaded before import = 0Number of asset objects unloaded after import = 29

========================================================================
Received Import Request.
  Time since last request: 0.931601 seconds.
  path: Assets/Prefabs/Human Deck/stay_hydrated_card 1.prefab
  artifactKey: Guid(e5c21141c395f6040bb54b24df9f7225) Importer(2089858483,192608db42251d675da83286b1cce702)
Start importing Assets/Prefabs/Human Deck/stay_hydrated_card 1.prefab using Guid(e5c21141c395f6040bb54b24df9f7225) Importer(2089858483,192608db42251d675da83286b1cce702) (ScriptedImporter) -> (artifact id: 'b4020e9bf9e1035452d61cfc2c2ec0f5') in 0.0134651 seconds
Number of updated asset objects reloaded before import = 0Number of asset objects unloaded after import = 24

========================================================================
Received Import Request.
  Time since last request: 7.221331 seconds.
  path: Assets/Prefabs/Human Deck/population_card.prefab
  artifactKey: Guid(e5c21141c395f6040bb54b24df9f7225) Importer(815301076,1909f56bfc062723c751e8b465ee728b)
Start importing Assets/Prefabs/Human Deck/population_card.prefab using Guid(e5c21141c395f6040bb54b24df9f7225) Importer(815301076,1909f56bfc062723c751e8b465ee728b) (PreviewImporter) -> (artifact id: '47ea1af89b94ed3adb6b517dceb00cf1') in 0.0082681 seconds
Number of updated asset objects reloaded before import = 0Number of asset objects unloaded after import = 29

========================================================================
Received Import Request.
  Time since last request: 0.930214 seconds.
  path: Assets/Prefabs/Human Deck/population_card.prefab
  artifactKey: Guid(e5c21141c395f6040bb54b24df9f7225) Importer(2089858483,192608db42251d675da83286b1cce702)
Start importing Assets/Prefabs/Human Deck/population_card.prefab using Guid(e5c21141c395f6040bb54b24df9f7225) Importer(2089858483,192608db42251d675da83286b1cce702) (ScriptedImporter) -> (artifact id: 'e5ccd004092f9cbe58a2a359daaa3cc2') in 0.0129703 seconds
Number of updated asset objects reloaded before import = 0Number of asset objects unloaded after import = 24

========================================================================
Received Import Request.
  Time since last request: 6.051041 seconds.
  path: Assets/Prefabs/Human Deck/population_card.prefab
  artifactKey: Guid(e5c21141c395f6040bb54b24df9f7225) Importer(815301076,1909f56bfc062723c751e8b465ee728b)
Start importing Assets/Prefabs/Human Deck/population_card.prefab using Guid(e5c21141c395f6040bb54b24df9f7225) Importer(815301076,1909f56bfc062723c751e8b465ee728b) (PreviewImporter) -> (artifact id: '250d41ccfbc592059b7ec54a1559e290') in 0.0123619 seconds
Number of updated asset objects reloaded before import = 0Number of asset objects unloaded after import = 31

========================================================================
Received Import Request.
  Time since last request: 0.930462 seconds.
  path: Assets/Prefabs/Human Deck/population_card.prefab
  artifactKey: Guid(e5c21141c395f6040bb54b24df9f7225) Importer(2089858483,192608db42251d675da83286b1cce702)
Start importing Assets/Prefabs/Human Deck/population_card.prefab using Guid(e5c21141c395f6040bb54b24df9f7225) Importer(2089858483,192608db42251d675da83286b1cce702) (ScriptedImporter) -> (artifact id: '1c5ecb7279a81ac64916c7bf91aae455') in 0.0137684 seconds
Number of updated asset objects reloaded before import = 0Number of asset objects unloaded after import = 24

========================================================================
Received Import Request.
  Time since last request: 35.416791 seconds.
  path: Assets/Scenes/SampleScene.unity
  artifactKey: Guid(99c9720ab356a0642a771bea13969a05) Importer(2089858483,192608db42251d675da83286b1cce702)
Start importing Assets/Scenes/SampleScene.unity using Guid(99c9720ab356a0642a771bea13969a05) Importer(2089858483,192608db42251d675da83286b1cce702) (ScriptedImporter) -> (artifact id: '1798aa19c4927981c17b7761b0e38380') in 0.0135017 seconds
Number of updated asset objects reloaded before import = 0Number of asset objects unloaded after import = 1

========================================================================
Received Import Request.
  Time since last request: 268.842575 seconds.
  path: Assets/Sprites/health.png
  artifactKey: Guid(a70af0670317c504fa47124714afab6d) Importer(815301076,1909f56bfc062723c751e8b465ee728b)
Start importing Assets/Sprites/health.png using Guid(a70af0670317c504fa47124714afab6d) Importer(815301076,1909f56bfc062723c751e8b465ee728b) (PreviewImporter) -> (artifact id: 'b9a36db0ddc0706de833af8a0e9fd90e') in 0.0167318 seconds
Number of updated asset objects reloaded before import = 0Number of asset objects unloaded after import = 2

========================================================================
Received Import Request.
  Time since last request: 0.924934 seconds.
  path: Assets/Sprites/health.png
  artifactKey: Guid(a70af0670317c504fa47124714afab6d) Importer(2089858483,192608db42251d675da83286b1cce702)
Start importing Assets/Sprites/health.png using Guid(a70af0670317c504fa47124714afab6d) Importer(2089858483,192608db42251d675da83286b1cce702) (ScriptedImporter) -> (artifact id: 'cc85aa92fffed6f13cb5db7076055492') in 0.0325944 seconds
Number of updated asset objects reloaded before import = 0Number of asset objects unloaded after import = 1

========================================================================
Received Import Request.
  Time since last request: 8.522416 seconds.
  path: Assets/Sprites/health.png
  artifactKey: Guid(a70af0670317c504fa47124714afab6d) Importer(815301076,1909f56bfc062723c751e8b465ee728b)
Start importing Assets/Sprites/health.png using Guid(a70af0670317c504fa47124714afab6d) Importer(815301076,1909f56bfc062723c751e8b465ee728b) (PreviewImporter) -> (artifact id: '60bd94783a73d3840fc1bdec66780e6b') in 0.019388 seconds
Number of updated asset objects reloaded before import = 0Number of asset objects unloaded after import = 3

========================================================================
Received Import Request.
  Time since last request: 671.238899 seconds.
  path: Assets/Prefabs/Human Deck/barricade_card.prefab
  artifactKey: Guid(c507921be00ca1440966cc92c4fa42ef) Importer(815301076,1909f56bfc062723c751e8b465ee728b)
Start importing Assets/Prefabs/Human Deck/barricade_card.prefab using Guid(c507921be00ca1440966cc92c4fa42ef) Importer(815301076,1909f56bfc062723c751e8b465ee728b) (PreviewImporter) -> (artifact id: '4d1da97f992851254bcc11ecb6bc8388') in 0.0384241 seconds
Number of updated asset objects reloaded before import = 0Number of asset objects unloaded after import = 29

========================================================================
Received Import Request.
  Time since last request: 0.309699 seconds.
  path: Assets/Prefabs/Human Deck/barricade_card.prefab
  artifactKey: Guid(c507921be00ca1440966cc92c4fa42ef) Importer(2089858483,192608db42251d675da83286b1cce702)
Start importing Assets/Prefabs/Human Deck/barricade_card.prefab using Guid(c507921be00ca1440966cc92c4fa42ef) Importer(2089858483,192608db42251d675da83286b1cce702) (ScriptedImporter) -> (artifact id: '454121e1ffe76d09211ff860049b1114') in 0.0138764 seconds
Number of updated asset objects reloaded before import = 0Number of asset objects unloaded after import = 24

========================================================================
Received Import Request.
  Time since last request: 9.848169 seconds.
  path: Assets/Prefabs/Human Deck/emergency_kit_card.prefab
  artifactKey: Guid(1902d753cf392a146ad787c91f5e4c3a) Importer(815301076,1909f56bfc062723c751e8b465ee728b)
Start importing Assets/Prefabs/Human Deck/emergency_kit_card.prefab using Guid(1902d753cf392a146ad787c91f5e4c3a) Importer(815301076,1909f56bfc062723c751e8b465ee728b) (PreviewImporter) -> (artifact id: 'a0a60ea10105e3f8155de9e73d21951a') in 0.0341481 seconds
Number of updated asset objects reloaded before import = 0Number of asset objects unloaded after import = 31

========================================================================
Received Import Request.
  Time since last request: 1.751358 seconds.
  path: Assets/Prefabs/Human Deck/emergency_kit_card.prefab
  artifactKey: Guid(1902d753cf392a146ad787c91f5e4c3a) Importer(2089858483,192608db42251d675da83286b1cce702)
Start importing Assets/Prefabs/Human Deck/emergency_kit_card.prefab using Guid(1902d753cf392a146ad787c91f5e4c3a) Importer(2089858483,192608db42251d675da83286b1cce702) (ScriptedImporter) -> (artifact id: '9d32c9ba75a3e1fb2210b57fa90f8895') in 0.0144046 seconds
Number of updated asset objects reloaded before import = 0Number of asset objects unloaded after import = 24

========================================================================
Received Import Request.
  Time since last request: 5.677896 seconds.
  path: Assets/Prefabs/Human Deck/evacuation_card.prefab
  artifactKey: Guid(48699b53f6cec4547adbd3d46b20e8a5) Importer(815301076,1909f56bfc062723c751e8b465ee728b)
Start importing Assets/Prefabs/Human Deck/evacuation_card.prefab using Guid(48699b53f6cec4547adbd3d46b20e8a5) Importer(815301076,1909f56bfc062723c751e8b465ee728b) (PreviewImporter) -> (artifact id: 'd47ba52c9f70296ebc445e8226aca82b') in 0.0276195 seconds
Number of updated asset objects reloaded before import = 0Number of asset objects unloaded after import = 29

========================================================================
Received Import Request.
  Time since last request: 0.900190 seconds.
  path: Assets/Prefabs/Human Deck/evacuation_card.prefab
  artifactKey: Guid(48699b53f6cec4547adbd3d46b20e8a5) Importer(2089858483,192608db42251d675da83286b1cce702)
Start importing Assets/Prefabs/Human Deck/evacuation_card.prefab using Guid(48699b53f6cec4547adbd3d46b20e8a5) Importer(2089858483,192608db42251d675da83286b1cce702) (ScriptedImporter) -> (artifact id: '6b43a4ab6133115ff9d9607b4cf4f0cd') in 0.0127241 seconds
Number of updated asset objects reloaded before import = 0Number of asset objects unloaded after import = 24

========================================================================
Received Import Request.
  Time since last request: 12.311278 seconds.
  path: Assets/Prefabs/Human Deck/generator_card.prefab
  artifactKey: Guid(1b8d18388e5d8b248a304454980297be) Importer(815301076,1909f56bfc062723c751e8b465ee728b)
Start importing Assets/Prefabs/Human Deck/generator_card.prefab using Guid(1b8d18388e5d8b248a304454980297be) Importer(815301076,1909f56bfc062723c751e8b465ee728b) (PreviewImporter) -> (artifact id: '2310e37e6c7ca3f428a84e4f058031da') in 0.0282599 seconds
Number of updated asset objects reloaded before import = 0Number of asset objects unloaded after import = 29

========================================================================
Received Import Request.
  Time since last request: 0.909505 seconds.
  path: Assets/Prefabs/Human Deck/generator_card.prefab
  artifactKey: Guid(1b8d18388e5d8b248a304454980297be) Importer(2089858483,192608db42251d675da83286b1cce702)
Start importing Assets/Prefabs/Human Deck/generator_card.prefab using Guid(1b8d18388e5d8b248a304454980297be) Importer(2089858483,192608db42251d675da83286b1cce702) (ScriptedImporter) -> (artifact id: 'd3627dcc23d306011999153e1fade456') in 0.0150348 seconds
Number of updated asset objects reloaded before import = 0Number of asset objects unloaded after import = 24

========================================================================
Received Import Request.
  Time since last request: 3.081225 seconds.
  path: Assets/Prefabs/Human Deck/population_card.prefab
  artifactKey: Guid(e5c21141c395f6040bb54b24df9f7225) Importer(815301076,1909f56bfc062723c751e8b465ee728b)
Start importing Assets/Prefabs/Human Deck/population_card.prefab using Guid(e5c21141c395f6040bb54b24df9f7225) Importer(815301076,1909f56bfc062723c751e8b465ee728b) (PreviewImporter) -> (artifact id: 'f8b37345efc5157f9967155ba1f10518') in 0.0228794 seconds
Number of updated asset objects reloaded before import = 0Number of asset objects unloaded after import = 31

========================================================================
Received Import Request.
  Time since last request: 0.906093 seconds.
  path: Assets/Prefabs/Human Deck/population_card.prefab
  artifactKey: Guid(e5c21141c395f6040bb54b24df9f7225) Importer(2089858483,192608db42251d675da83286b1cce702)
Start importing Assets/Prefabs/Human Deck/population_card.prefab using Guid(e5c21141c395f6040bb54b24df9f7225) Importer(2089858483,192608db42251d675da83286b1cce702) (ScriptedImporter) -> (artifact id: 'a105d6dc7e0744f01f337260e64944d2') in 0.0127518 seconds
Number of updated asset objects reloaded before import = 0Number of asset objects unloaded after import = 24

========================================================================
Received Import Request.
  Time since last request: 3.981549 seconds.
  path: Assets/Prefabs/Human Deck/power_cut_off_card.prefab
  artifactKey: Guid(212315bc5d5bf02469357c06306a6fa0) Importer(815301076,1909f56bfc062723c751e8b465ee728b)
Start importing Assets/Prefabs/Human Deck/power_cut_off_card.prefab using Guid(212315bc5d5bf02469357c06306a6fa0) Importer(815301076,1909f56bfc062723c751e8b465ee728b) (PreviewImporter) -> (artifact id: 'b2744f0458f0f7a393445e230aebe798') in 0.0282667 seconds
Number of updated asset objects reloaded before import = 0Number of asset objects unloaded after import = 29

========================================================================
Received Import Request.
  Time since last request: 1.390295 seconds.
  path: Assets/Prefabs/Human Deck/power_cut_off_card.prefab
  artifactKey: Guid(212315bc5d5bf02469357c06306a6fa0) Importer(2089858483,192608db42251d675da83286b1cce702)
Start importing Assets/Prefabs/Human Deck/power_cut_off_card.prefab using Guid(212315bc5d5bf02469357c06306a6fa0) Importer(2089858483,192608db42251d675da83286b1cce702) (ScriptedImporter) -> (artifact id: '053cc597363fb79450cea73acc247560') in 0.0135767 seconds
Number of updated asset objects reloaded before import = 0Number of asset objects unloaded after import = 24

========================================================================
Received Import Request.
  Time since last request: 7.475941 seconds.
  path: Assets/Prefabs/Human Deck/sandbags_card.prefab
  artifactKey: Guid(603c1f164e99e4341b330683868e6cc2) Importer(815301076,1909f56bfc062723c751e8b465ee728b)
Start importing Assets/Prefabs/Human Deck/sandbags_card.prefab using Guid(603c1f164e99e4341b330683868e6cc2) Importer(815301076,1909f56bfc062723c751e8b465ee728b) (PreviewImporter) -> (artifact id: '183a9e95841f5b6d124cae74bc05f122') in 0.0262451 seconds
Number of updated asset objects reloaded before import = 0Number of asset objects unloaded after import = 29

========================================================================
Received Import Request.
  Time since last request: 0.906296 seconds.
  path: Assets/Prefabs/Human Deck/sandbags_card.prefab
  artifactKey: Guid(603c1f164e99e4341b330683868e6cc2) Importer(2089858483,192608db42251d675da83286b1cce702)
Start importing Assets/Prefabs/Human Deck/sandbags_card.prefab using Guid(603c1f164e99e4341b330683868e6cc2) Importer(2089858483,192608db42251d675da83286b1cce702) (ScriptedImporter) -> (artifact id: '26c309a0a47313c58a25b7ccade1ace4') in 0.0150897 seconds
Number of updated asset objects reloaded before import = 0Number of asset objects unloaded after import = 24

========================================================================
Received Import Request.
  Time since last request: 3.388862 seconds.
  path: Assets/Prefabs/Human Deck/shelter_card.prefab
  artifactKey: Guid(0ae31493afa78b94b8f0d03bf4bef0ba) Importer(815301076,1909f56bfc062723c751e8b465ee728b)
Start importing Assets/Prefabs/Human Deck/shelter_card.prefab using Guid(0ae31493afa78b94b8f0d03bf4bef0ba) Importer(815301076,1909f56bfc062723c751e8b465ee728b) (PreviewImporter) -> (artifact id: '8d894c4c841b55245041121213b00a9c') in 0.029098 seconds
Number of updated asset objects reloaded before import = 0Number of asset objects unloaded after import = 29

========================================================================
Received Import Request.
  Time since last request: 0.908353 seconds.
  path: Assets/Prefabs/Human Deck/shelter_card.prefab
  artifactKey: Guid(0ae31493afa78b94b8f0d03bf4bef0ba) Importer(2089858483,192608db42251d675da83286b1cce702)
Start importing Assets/Prefabs/Human Deck/shelter_card.prefab using Guid(0ae31493afa78b94b8f0d03bf4bef0ba) Importer(2089858483,192608db42251d675da83286b1cce702) (ScriptedImporter) -> (artifact id: '702352955f11e5064fb552a9a5e670fd') in 0.0126952 seconds
Number of updated asset objects reloaded before import = 0Number of asset objects unloaded after import = 24

========================================================================
Received Import Request.
  Time since last request: 4.481442 seconds.
  path: Assets/Prefabs/Human Deck/stay_hydrated_card.prefab
  artifactKey: Guid(f9c05447b35485546a52aeff732f343c) Importer(815301076,1909f56bfc062723c751e8b465ee728b)
Start importing Assets/Prefabs/Human Deck/stay_hydrated_card.prefab using Guid(f9c05447b35485546a52aeff732f343c) Importer(815301076,1909f56bfc062723c751e8b465ee728b) (PreviewImporter) -> (artifact id: '6bd29899bff1eb6f43d2748d833e0efd') in 0.0121276 seconds
Number of updated asset objects reloaded before import = 0Number of asset objects unloaded after import = 29

========================================================================
Received Import Request.
  Time since last request: 0.928646 seconds.
  path: Assets/Prefabs/Human Deck/stay_hydrated_card.prefab
  artifactKey: Guid(f9c05447b35485546a52aeff732f343c) Importer(2089858483,192608db42251d675da83286b1cce702)
Start importing Assets/Prefabs/Human Deck/stay_hydrated_card.prefab using Guid(f9c05447b35485546a52aeff732f343c) Importer(2089858483,192608db42251d675da83286b1cce702) (ScriptedImporter) -> (artifact id: '8eca1e3e265c35d744d2fcefe9fb2a22') in 0.0155086 seconds
Number of updated asset objects reloaded before import = 0Number of asset objects unloaded after import = 24

========================================================================
Received Import Request.
  Time since last request: 29.493964 seconds.
  path: Assets/Prefabs/Nature Deck/breath_of_boreas_card.prefab
  artifactKey: Guid(80b59687a473a7a4086552ed15cb2af1) Importer(815301076,1909f56bfc062723c751e8b465ee728b)
Start importing Assets/Prefabs/Nature Deck/breath_of_boreas_card.prefab using Guid(80b59687a473a7a4086552ed15cb2af1) Importer(815301076,1909f56bfc062723c751e8b465ee728b) (PreviewImporter) -> (artifact id: 'ba8761ec5746debd71ad6ace99b5759e') in 0.0268038 seconds
Number of updated asset objects reloaded before import = 0Number of asset objects unloaded after import = 22

========================================================================
Received Import Request.
  Time since last request: 0.911191 seconds.
  path: Assets/Prefabs/Nature Deck/breath_of_boreas_card.prefab
  artifactKey: Guid(80b59687a473a7a4086552ed15cb2af1) Importer(2089858483,192608db42251d675da83286b1cce702)
Start importing Assets/Prefabs/Nature Deck/breath_of_boreas_card.prefab using Guid(80b59687a473a7a4086552ed15cb2af1) Importer(2089858483,192608db42251d675da83286b1cce702) (ScriptedImporter) -> (artifact id: 'f8cc99a823338319278c6109f6840b65') in 0.0144148 seconds
Number of updated asset objects reloaded before import = 0Number of asset objects unloaded after import = 17

========================================================================
Received Import Request.
  Time since last request: 9.719343 seconds.
  path: Assets/Prefabs/Nature Deck/flame_of_prometheus_card.prefab
  artifactKey: Guid(44a6328e95e83d24c9a6d334c029bf8e) Importer(815301076,1909f56bfc062723c751e8b465ee728b)
Start importing Assets/Prefabs/Nature Deck/flame_of_prometheus_card.prefab using Guid(44a6328e95e83d24c9a6d334c029bf8e) Importer(815301076,1909f56bfc062723c751e8b465ee728b) (PreviewImporter) -> (artifact id: 'b4033eaead34e3c52f6146fa0c1f6d61') in 0.0283176 seconds
Number of updated asset objects reloaded before import = 0Number of asset objects unloaded after import = 22

========================================================================
Received Import Request.
  Time since last request: 1.489734 seconds.
  path: Assets/Prefabs/Nature Deck/flame_of_prometheus_card.prefab
  artifactKey: Guid(44a6328e95e83d24c9a6d334c029bf8e) Importer(2089858483,192608db42251d675da83286b1cce702)
Start importing Assets/Prefabs/Nature Deck/flame_of_prometheus_card.prefab using Guid(44a6328e95e83d24c9a6d334c029bf8e) Importer(2089858483,192608db42251d675da83286b1cce702) (ScriptedImporter) -> (artifact id: '4fe3c568860029b92b3dcf36b897ee8f') in 0.0127461 seconds
Number of updated asset objects reloaded before import = 0Number of asset objects unloaded after import = 17

========================================================================
Received Import Request.
  Time since last request: 0.800921 seconds.
  path: Assets/Prefabs/Nature Deck/fury_of_enceladus_card.prefab
  artifactKey: Guid(7a53987d47e0c2f45b73aa0f13195097) Importer(815301076,1909f56bfc062723c751e8b465ee728b)
Start importing Assets/Prefabs/Nature Deck/fury_of_enceladus_card.prefab using Guid(7a53987d47e0c2f45b73aa0f13195097) Importer(815301076,1909f56bfc062723c751e8b465ee728b) (PreviewImporter) -> (artifact id: 'd72551db8aad5d4ed6e5ae9c9677af24') in 0.0280329 seconds
Number of updated asset objects reloaded before import = 0Number of asset objects unloaded after import = 22

========================================================================
Received Import Request.
  Time since last request: 2.385484 seconds.
  path: Assets/Prefabs/Nature Deck/fury_of_enceladus_card.prefab
  artifactKey: Guid(7a53987d47e0c2f45b73aa0f13195097) Importer(2089858483,192608db42251d675da83286b1cce702)
Start importing Assets/Prefabs/Nature Deck/fury_of_enceladus_card.prefab using Guid(7a53987d47e0c2f45b73aa0f13195097) Importer(2089858483,192608db42251d675da83286b1cce702) (ScriptedImporter) -> (artifact id: '3249286b3a3fa7081dd44ce5f07fd2ba') in 0.0123913 seconds
Number of updated asset objects reloaded before import = 0Number of asset objects unloaded after import = 17

========================================================================
Received Import Request.
  Time since last request: 0.767889 seconds.
  path: Assets/Prefabs/Nature Deck/parched_earth_card.prefab
  artifactKey: Guid(67a4b10bb5b0e4b42bba396d8e87becc) Importer(815301076,1909f56bfc062723c751e8b465ee728b)
Start importing Assets/Prefabs/Nature Deck/parched_earth_card.prefab using Guid(67a4b10bb5b0e4b42bba396d8e87becc) Importer(815301076,1909f56bfc062723c751e8b465ee728b) (PreviewImporter) -> (artifact id: '425a5cd8be6df460f286572aab0bfca2') in 0.028345 seconds
Number of updated asset objects reloaded before import = 0Number of asset objects unloaded after import = 22

========================================================================
Received Import Request.
  Time since last request: 0.901399 seconds.
  path: Assets/Prefabs/Nature Deck/parched_earth_card.prefab
  artifactKey: Guid(67a4b10bb5b0e4b42bba396d8e87becc) Importer(2089858483,192608db42251d675da83286b1cce702)
Start importing Assets/Prefabs/Nature Deck/parched_earth_card.prefab using Guid(67a4b10bb5b0e4b42bba396d8e87becc) Importer(2089858483,192608db42251d675da83286b1cce702) (ScriptedImporter) -> (artifact id: '1fa8150631ff2281f8ca23dd52d70b70') in 0.0157937 seconds
Number of updated asset objects reloaded before import = 0Number of asset objects unloaded after import = 17

========================================================================
Received Import Request.
  Time since last request: 3.157531 seconds.
  path: Assets/Prefabs/Nature Deck/rapid_intensification_card.prefab
  artifactKey: Guid(e1879d87c5349c04a83f2cd3120aed83) Importer(815301076,1909f56bfc062723c751e8b465ee728b)
Start importing Assets/Prefabs/Nature Deck/rapid_intensification_card.prefab using Guid(e1879d87c5349c04a83f2cd3120aed83) Importer(815301076,1909f56bfc062723c751e8b465ee728b) (PreviewImporter) -> (artifact id: '013bfcf37ddc0351f7da4a372c4b7f00') in 0.0269841 seconds
Number of updated asset objects reloaded before import = 0Number of asset objects unloaded after import = 22

========================================================================
Received Import Request.
  Time since last request: 2.459640 seconds.
  path: Assets/Prefabs/Nature Deck/rapid_intensification_card.prefab
  artifactKey: Guid(e1879d87c5349c04a83f2cd3120aed83) Importer(2089858483,192608db42251d675da83286b1cce702)
Start importing Assets/Prefabs/Nature Deck/rapid_intensification_card.prefab using Guid(e1879d87c5349c04a83f2cd3120aed83) Importer(2089858483,192608db42251d675da83286b1cce702) (ScriptedImporter) -> (artifact id: 'e474f2acf55aaa3dd78f4168ade066cc') in 0.0127463 seconds
Number of updated asset objects reloaded before import = 0Number of asset objects unloaded after import = 17

========================================================================
Received Import Request.
  Time since last request: 0.799962 seconds.
  path: Assets/Prefabs/Nature Deck/seismic_echoes_card.prefab
  artifactKey: Guid(b41e8506cc9430841be015542ac93c49) Importer(815301076,1909f56bfc062723c751e8b465ee728b)
Start importing Assets/Prefabs/Nature Deck/seismic_echoes_card.prefab using Guid(b41e8506cc9430841be015542ac93c49) Importer(815301076,1909f56bfc062723c751e8b465ee728b) (PreviewImporter) -> (artifact id: '6ae467c64f829aa355ae7c4625ce040e') in 0.0270202 seconds
Number of updated asset objects reloaded before import = 0Number of asset objects unloaded after import = 22

========================================================================
Received Import Request.
  Time since last request: 3.414851 seconds.
  path: Assets/Prefabs/Nature Deck/seismic_echoes_card.prefab
  artifactKey: Guid(b41e8506cc9430841be015542ac93c49) Importer(2089858483,192608db42251d675da83286b1cce702)
Start importing Assets/Prefabs/Nature Deck/seismic_echoes_card.prefab using Guid(b41e8506cc9430841be015542ac93c49) Importer(2089858483,192608db42251d675da83286b1cce702) (ScriptedImporter) -> (artifact id: 'c5ab16c0dcf7340dee41291a30aad661') in 0.016793 seconds
Number of updated asset objects reloaded before import = 0Number of asset objects unloaded after import = 17

========================================================================
Received Import Request.
  Time since last request: 2.351291 seconds.
  path: Assets/Prefabs/Nature Deck/torrent_of_the_naiads_card.prefab
  artifactKey: Guid(88e1487db6fad914996cc3cb661f0372) Importer(815301076,1909f56bfc062723c751e8b465ee728b)
Start importing Assets/Prefabs/Nature Deck/torrent_of_the_naiads_card.prefab using Guid(88e1487db6fad914996cc3cb661f0372) Importer(815301076,1909f56bfc062723c751e8b465ee728b) (PreviewImporter) -> (artifact id: '1c2433a5871a57d8cfd3af85a5bfb6f4') in 0.027489 seconds
Number of updated asset objects reloaded before import = 0Number of asset objects unloaded after import = 22

========================================================================
Received Import Request.
  Time since last request: 0.845725 seconds.
  path: Assets/Prefabs/Nature Deck/torrent_of_the_naiads_card.prefab
  artifactKey: Guid(88e1487db6fad914996cc3cb661f0372) Importer(2089858483,192608db42251d675da83286b1cce702)
Start importing Assets/Prefabs/Nature Deck/torrent_of_the_naiads_card.prefab using Guid(88e1487db6fad914996cc3cb661f0372) Importer(2089858483,192608db42251d675da83286b1cce702) (ScriptedImporter) -> (artifact id: '37cb2d7ce06da2aeb3e7cc2ed2ecd3e5') in 0.0123344 seconds
Number of updated asset objects reloaded before import = 0Number of asset objects unloaded after import = 17

========================================================================
Received Import Request.
  Time since last request: 0.000020 seconds.
  path: Assets/Scenes/SampleScene.unity
  artifactKey: Guid(99c9720ab356a0642a771bea13969a05) Importer(2089858483,192608db42251d675da83286b1cce702)
Start importing Assets/Scenes/SampleScene.unity using Guid(99c9720ab356a0642a771bea13969a05) Importer(2089858483,192608db42251d675da83286b1cce702) (ScriptedImporter) -> (artifact id: '498cdadbfd9e8ff6ab2c9dff9c88eaf1') in 0.0137723 seconds
Number of updated asset objects reloaded before import = 0Number of asset objects unloaded after import = 1

========================================================================
Received Prepare
Refreshing native plugins compatible for Editor in 1.13 ms, found 3 plugins.
Preloading 0 native plugins for Editor in 0.00 ms.
Unloading 13 Unused Serialized files (Serialized files now loaded: 0)
Unloading 6144 unused Assets / (4.7 MB). Loaded Objects now: 7048.
Memory consumption went from 141.9 MB to 137.2 MB.
Total: 19.565100 ms (FindLiveObjects: 1.016600 ms CreateObjectMapping: 0.979900 ms MarkObjects: 14.557300 ms  DeleteObjects: 3.009400 ms)

Prepare: number of updated asset objects reloaded= 0
========================================================================
Received Prepare
Begin MonoManager ReloadAssembly
[Licensing::Client] Successfully resolved entitlement details
- Loaded All Assemblies, in  2.330 seconds
Refreshing native plugins compatible for Editor in 0.62 ms, found 3 plugins.
Native extension for WindowsStandalone target not found
[Package Manager] Failed to launch server process. Reason: Unity was launched with the -noUpm command-line argument
[Package Manager] Unable to send message (not connected to server process).
[Package Manager] Cannot connect to Unity Package Manager local server
Mono: successfully reloaded assembly
- Finished resetting the current domain, in  0.605 seconds
Domain Reload Profiling: 2935ms
	BeginReloadAssembly (396ms)
		ExecutionOrderSort (0ms)
		DisableScriptedObjects (24ms)
		BackupInstance (0ms)
		ReleaseScriptingObjects (0ms)
		CreateAndSetChildDomain (76ms)
	RebuildCommonClasses (110ms)
	RebuildNativeTypeToScriptingClass (13ms)
	initialDomainReloadingComplete (26ms)
	LoadAllAssembliesAndSetupDomain (1784ms)
		LoadAssemblies (1856ms)
		RebuildTransferFunctionScriptingTraits (0ms)
		AnalyzeDomain (172ms)
			TypeCache.Refresh (10ms)
				TypeCache.ScanAssembly (0ms)
			BuildScriptInfoCaches (148ms)
			ResolveRequiredComponents (10ms)
	FinalizeReload (605ms)
		ReleaseScriptCaches (0ms)
		RebuildScriptCaches (0ms)
		SetupLoadedEditorAssemblies (462ms)
			LogAssemblyErrors (0ms)
			InitializePlatformSupportModulesInManaged (2ms)
			SetLoadedEditorAssemblies (5ms)
			BeforeProcessingInitializeOnLoad (104ms)
			ProcessInitializeOnLoadAttributes (309ms)
			ProcessInitializeOnLoadMethodAttributes (35ms)
			AfterProcessingInitializeOnLoad (5ms)
			EditorAssembliesLoaded (0ms)
		ExecutionOrderSort2 (0ms)
		AwakeInstancesAfterBackupRestoration (12ms)
Refreshing native plugins compatible for Editor in 0.73 ms, found 3 plugins.
Preloading 0 native plugins for Editor in 0.00 ms.
Unloading 13 Unused Serialized files (Serialized files now loaded: 0)
Unloading 6149 unused Assets / (3.4 MB). Loaded Objects now: 6944.
Memory consumption went from 149.2 MB to 145.9 MB.
Total: 7.718900 ms (FindLiveObjects: 0.895600 ms CreateObjectMapping: 0.273800 ms MarkObjects: 4.496300 ms  DeleteObjects: 2.052500 ms)

Prepare: number of updated asset objects reloaded= 0
========================================================================
Received Prepare
Refreshing native plugins compatible for Editor in 0.80 ms, found 3 plugins.
Preloading 0 native plugins for Editor in 0.00 ms.
Unloading 13 Unused Serialized files (Serialized files now loaded: 0)
Unloading 6143 unused Assets / (3.8 MB). Loaded Objects now: 6944.
Memory consumption went from 149.3 MB to 145.5 MB.
Total: 5.594400 ms (FindLiveObjects: 0.640300 ms CreateObjectMapping: 0.195800 ms MarkObjects: 3.137300 ms  DeleteObjects: 1.620600 ms)

Prepare: number of updated asset objects reloaded= 0
========================================================================
Received Prepare
Refreshing native plugins compatible for Editor in 0.62 ms, found 3 plugins.
Preloading 0 native plugins for Editor in 0.00 ms.
Unloading 13 Unused Serialized files (Serialized files now loaded: 0)
Unloading 6143 unused Assets / (3.9 MB). Loaded Objects now: 6944.
Memory consumption went from 149.3 MB to 145.4 MB.
Total: 7.160900 ms (FindLiveObjects: 0.626000 ms CreateObjectMapping: 0.220600 ms MarkObjects: 4.288900 ms  DeleteObjects: 2.024700 ms)

Prepare: number of updated asset objects reloaded= 0
========================================================================
Received Prepare
Begin MonoManager ReloadAssembly
- Loaded All Assemblies, in  0.627 seconds
Refreshing native plugins compatible for Editor in 0.66 ms, found 3 plugins.
Native extension for WindowsStandalone target not found
[Package Manager] Failed to launch server process. Reason: Unity was launched with the -noUpm command-line argument
[Package Manager] Unable to send message (not connected to server process).
[Package Manager] Cannot connect to Unity Package Manager local server
Mono: successfully reloaded assembly
- Finished resetting the current domain, in  0.578 seconds
Domain Reload Profiling: 1207ms
	BeginReloadAssembly (184ms)
		ExecutionOrderSort (0ms)
		DisableScriptedObjects (5ms)
		BackupInstance (0ms)
		ReleaseScriptingObjects (0ms)
		CreateAndSetChildDomain (49ms)
	RebuildCommonClasses (35ms)
	RebuildNativeTypeToScriptingClass (14ms)
	initialDomainReloadingComplete (26ms)
	LoadAllAssembliesAndSetupDomain (371ms)
		LoadAssemblies (266ms)
		RebuildTransferFunctionScriptingTraits (0ms)
		AnalyzeDomain (178ms)
			TypeCache.Refresh (9ms)
				TypeCache.ScanAssembly (1ms)
			BuildScriptInfoCaches (157ms)
			ResolveRequiredComponents (9ms)
	FinalizeReload (578ms)
		ReleaseScriptCaches (0ms)
		RebuildScriptCaches (0ms)
		SetupLoadedEditorAssemblies (453ms)
			LogAssemblyErrors (0ms)
			InitializePlatformSupportModulesInManaged (2ms)
			SetLoadedEditorAssemblies (4ms)
			BeforeProcessingInitializeOnLoad (105ms)
			ProcessInitializeOnLoadAttributes (299ms)
			ProcessInitializeOnLoadMethodAttributes (37ms)
			AfterProcessingInitializeOnLoad (6ms)
			EditorAssembliesLoaded (0ms)
		ExecutionOrderSort2 (0ms)
		AwakeInstancesAfterBackupRestoration (14ms)
Refreshing native plugins compatible for Editor in 0.74 ms, found 3 plugins.
Preloading 0 native plugins for Editor in 0.00 ms.
Unloading 13 Unused Serialized files (Serialized files now loaded: 0)
Unloading 6149 unused Assets / (4.2 MB). Loaded Objects now: 6947.
Memory consumption went from 149.1 MB to 144.9 MB.
Total: 6.530100 ms (FindLiveObjects: 0.605100 ms CreateObjectMapping: 0.192800 ms MarkObjects: 3.803000 ms  DeleteObjects: 1.928800 ms)

Prepare: number of updated asset objects reloaded= 0
========================================================================
Received Prepare
Refreshing native plugins compatible for Editor in 0.64 ms, found 3 plugins.
Preloading 0 native plugins for Editor in 0.00 ms.
Unloading 13 Unused Serialized files (Serialized files now loaded: 0)
Unloading 6143 unused Assets / (4.3 MB). Loaded Objects now: 6947.
Memory consumption went from 149.3 MB to 144.9 MB.
Total: 29.616700 ms (FindLiveObjects: 1.005000 ms CreateObjectMapping: 0.367700 ms MarkObjects: 25.012300 ms  DeleteObjects: 3.230800 ms)

Prepare: number of updated asset objects reloaded= 0
========================================================================
Received Prepare
Begin MonoManager ReloadAssembly
- Loaded All Assemblies, in  0.609 seconds
Refreshing native plugins compatible for Editor in 1.11 ms, found 3 plugins.
Native extension for WindowsStandalone target not found
[Package Manager] Failed to launch server process. Reason: Unity was launched with the -noUpm command-line argument
[Package Manager] Unable to send message (not connected to server process).
[Package Manager] Cannot connect to Unity Package Manager local server
Mono: successfully reloaded assembly
- Finished resetting the current domain, in  0.547 seconds
Domain Reload Profiling: 1155ms
	BeginReloadAssembly (175ms)
		ExecutionOrderSort (0ms)
		DisableScriptedObjects (5ms)
		BackupInstance (0ms)
		ReleaseScriptingObjects (0ms)
		CreateAndSetChildDomain (48ms)
	RebuildCommonClasses (33ms)
	RebuildNativeTypeToScriptingClass (13ms)
	initialDomainReloadingComplete (25ms)
	LoadAllAssembliesAndSetupDomain (362ms)
		LoadAssemblies (270ms)
		RebuildTransferFunctionScriptingTraits (0ms)
		AnalyzeDomain (160ms)
			TypeCache.Refresh (7ms)
				TypeCache.ScanAssembly (0ms)
			BuildScriptInfoCaches (140ms)
			ResolveRequiredComponents (9ms)
	FinalizeReload (547ms)
		ReleaseScriptCaches (0ms)
		RebuildScriptCaches (0ms)
		SetupLoadedEditorAssemblies (431ms)
			LogAssemblyErrors (0ms)
			InitializePlatformSupportModulesInManaged (2ms)
			SetLoadedEditorAssemblies (4ms)
			BeforeProcessingInitializeOnLoad (101ms)
			ProcessInitializeOnLoadAttributes (269ms)
			ProcessInitializeOnLoadMethodAttributes (50ms)
			AfterProcessingInitializeOnLoad (6ms)
			EditorAssembliesLoaded (0ms)
		ExecutionOrderSort2 (0ms)
		AwakeInstancesAfterBackupRestoration (13ms)
Refreshing native plugins compatible for Editor in 0.78 ms, found 3 plugins.
Preloading 0 native plugins for Editor in 0.00 ms.
Unloading 13 Unused Serialized files (Serialized files now loaded: 0)
Unloading 6149 unused Assets / (3.8 MB). Loaded Objects now: 6950.
Memory consumption went from 149.1 MB to 145.3 MB.
Total: 7.200500 ms (FindLiveObjects: 0.675100 ms CreateObjectMapping: 0.245500 ms MarkObjects: 4.402000 ms  DeleteObjects: 1.877400 ms)

Prepare: number of updated asset objects reloaded= 0
========================================================================
Received Prepare
Refreshing native plugins compatible for Editor in 0.92 ms, found 3 plugins.
Preloading 0 native plugins for Editor in 0.00 ms.
Unloading 13 Unused Serialized files (Serialized files now loaded: 0)
Unloading 6143 unused Assets / (3.8 MB). Loaded Objects now: 6950.
Memory consumption went from 149.3 MB to 145.5 MB.
Total: 9.030800 ms (FindLiveObjects: 0.993700 ms CreateObjectMapping: 0.937400 ms MarkObjects: 5.188500 ms  DeleteObjects: 1.910700 ms)

Prepare: number of updated asset objects reloaded= 0
========================================================================
Received Prepare
Begin MonoManager ReloadAssembly
[Licensing::Client] Successfully resolved entitlement details
- Loaded All Assemblies, in  0.579 seconds
Refreshing native plugins compatible for Editor in 0.66 ms, found 3 plugins.
Native extension for WindowsStandalone target not found
[Package Manager] Failed to launch server process. Reason: Unity was launched with the -noUpm command-line argument
[Package Manager] Unable to send message (not connected to server process).
[Package Manager] Cannot connect to Unity Package Manager local server
Mono: successfully reloaded assembly
- Finished resetting the current domain, in  0.552 seconds
Domain Reload Profiling: 1132ms
	BeginReloadAssembly (177ms)
		ExecutionOrderSort (0ms)
		DisableScriptedObjects (4ms)
		BackupInstance (0ms)
		ReleaseScriptingObjects (0ms)
		CreateAndSetChildDomain (43ms)
	RebuildCommonClasses (27ms)
	RebuildNativeTypeToScriptingClass (10ms)
	initialDomainReloadingComplete (22ms)
	LoadAllAssembliesAndSetupDomain (345ms)
		LoadAssemblies (275ms)
		RebuildTransferFunctionScriptingTraits (0ms)
		AnalyzeDomain (147ms)
			TypeCache.Refresh (6ms)
				TypeCache.ScanAssembly (0ms)
			BuildScriptInfoCaches (130ms)
			ResolveRequiredComponents (8ms)
	FinalizeReload (552ms)
		ReleaseScriptCaches (0ms)
		RebuildScriptCaches (0ms)
		SetupLoadedEditorAssemblies (437ms)
			LogAssemblyErrors (0ms)
			InitializePlatformSupportModulesInManaged (2ms)
			SetLoadedEditorAssemblies (4ms)
			BeforeProcessingInitializeOnLoad (121ms)
			ProcessInitializeOnLoadAttributes (269ms)
			ProcessInitializeOnLoadMethodAttributes (36ms)
			AfterProcessingInitializeOnLoad (5ms)
			EditorAssembliesLoaded (0ms)
		ExecutionOrderSort2 (0ms)
		AwakeInstancesAfterBackupRestoration (15ms)
Refreshing native plugins compatible for Editor in 0.77 ms, found 3 plugins.
Preloading 0 native plugins for Editor in 0.00 ms.
Unloading 13 Unused Serialized files (Serialized files now loaded: 0)
Unloading 6149 unused Assets / (3.7 MB). Loaded Objects now: 6953.
Memory consumption went from 149.2 MB to 145.4 MB.
Total: 7.128600 ms (FindLiveObjects: 0.987900 ms CreateObjectMapping: 0.288200 ms MarkObjects: 4.198700 ms  DeleteObjects: 1.653200 ms)

Prepare: number of updated asset objects reloaded= 0
========================================================================
Received Prepare
Refreshing native plugins compatible for Editor in 0.67 ms, found 3 plugins.
Preloading 0 native plugins for Editor in 0.00 ms.
Unloading 13 Unused Serialized files (Serialized files now loaded: 0)
Unloading 6143 unused Assets / (4.1 MB). Loaded Objects now: 6953.
Memory consumption went from 149.3 MB to 145.3 MB.
Total: 7.517100 ms (FindLiveObjects: 0.700400 ms CreateObjectMapping: 0.202100 ms MarkObjects: 4.075400 ms  DeleteObjects: 2.538600 ms)

Prepare: number of updated asset objects reloaded= 0
========================================================================
Received Prepare
Begin MonoManager ReloadAssembly
[Licensing::Client] Successfully resolved entitlement details
- Loaded All Assemblies, in  0.647 seconds
Refreshing native plugins compatible for Editor in 0.65 ms, found 3 plugins.
Native extension for WindowsStandalone target not found
[Package Manager] Failed to launch server process. Reason: Unity was launched with the -noUpm command-line argument
[Package Manager] Unable to send message (not connected to server process).
[Package Manager] Cannot connect to Unity Package Manager local server
Mono: successfully reloaded assembly
- Finished resetting the current domain, in  0.599 seconds
Domain Reload Profiling: 1246ms
	BeginReloadAssembly (192ms)
		ExecutionOrderSort (0ms)
		DisableScriptedObjects (6ms)
		BackupInstance (0ms)
		ReleaseScriptingObjects (0ms)
		CreateAndSetChildDomain (48ms)
	RebuildCommonClasses (35ms)
	RebuildNativeTypeToScriptingClass (13ms)
	initialDomainReloadingComplete (24ms)
	LoadAllAssembliesAndSetupDomain (382ms)
		LoadAssemblies (291ms)
		RebuildTransferFunctionScriptingTraits (0ms)
		AnalyzeDomain (173ms)
			TypeCache.Refresh (9ms)
				TypeCache.ScanAssembly (0ms)
			BuildScriptInfoCaches (150ms)
			ResolveRequiredComponents (10ms)
	FinalizeReload (599ms)
		ReleaseScriptCaches (0ms)
		RebuildScriptCaches (0ms)
		SetupLoadedEditorAssemblies (471ms)
			LogAssemblyErrors (0ms)
			InitializePlatformSupportModulesInManaged (2ms)
			SetLoadedEditorAssemblies (4ms)
			BeforeProcessingInitializeOnLoad (105ms)
			ProcessInitializeOnLoadAttributes (312ms)
			ProcessInitializeOnLoadMethodAttributes (42ms)
			AfterProcessingInitializeOnLoad (6ms)
			EditorAssembliesLoaded (0ms)
		ExecutionOrderSort2 (0ms)
		AwakeInstancesAfterBackupRestoration (15ms)
Refreshing native plugins compatible for Editor in 0.71 ms, found 3 plugins.
Preloading 0 native plugins for Editor in 0.00 ms.
Unloading 13 Unused Serialized files (Serialized files now loaded: 0)
Unloading 6149 unused Assets / (3.8 MB). Loaded Objects now: 6956.
Memory consumption went from 149.2 MB to 145.4 MB.
Total: 7.225000 ms (FindLiveObjects: 0.925300 ms CreateObjectMapping: 0.263600 ms MarkObjects: 4.299600 ms  DeleteObjects: 1.736000 ms)

Prepare: number of updated asset objects reloaded= 0
========================================================================
Received Import Request.
  Time since last request: 2283.458416 seconds.
  path: Assets/Prefabs/Nature Deck/awakening_of_namazu_card.prefab
  artifactKey: Guid(92ab01c09fc82a44db4705e507383911) Importer(815301076,1909f56bfc062723c751e8b465ee728b)
Start importing Assets/Prefabs/Nature Deck/awakening_of_namazu_card.prefab using Guid(92ab01c09fc82a44db4705e507383911) Importer(815301076,1909f56bfc062723c751e8b465ee728b) (PreviewImporter) -> (artifact id: 'eb582cd62c1a2ce1d3bc648cdb723649') in 0.3848145 seconds
Number of updated asset objects reloaded before import = 0Number of asset objects unloaded after import = 22

========================================================================
Received Import Request.
  Time since last request: 0.000052 seconds.
  path: Assets/Prefabs/Nature Deck/cataclysm_of_the_njordr_card.prefab
  artifactKey: Guid(3ceaf2277d8cbeb439e9ac52fc48202e) Importer(815301076,1909f56bfc062723c751e8b465ee728b)
Start importing Assets/Prefabs/Nature Deck/cataclysm_of_the_njordr_card.prefab using Guid(3ceaf2277d8cbeb439e9ac52fc48202e) Importer(815301076,1909f56bfc062723c751e8b465ee728b) (PreviewImporter) -> (artifact id: 'f049aa37809ff6c85aa683980bbac654') in 0.0222494 seconds
Number of updated asset objects reloaded before import = 0Number of asset objects unloaded after import = 22

========================================================================
Received Import Request.
  Time since last request: 0.000031 seconds.
  path: Assets/Prefabs/Nature Deck/torrent_of_the_naiads_card.prefab
  artifactKey: Guid(88e1487db6fad914996cc3cb661f0372) Importer(815301076,1909f56bfc062723c751e8b465ee728b)
Start importing Assets/Prefabs/Nature Deck/torrent_of_the_naiads_card.prefab using Guid(88e1487db6fad914996cc3cb661f0372) Importer(815301076,1909f56bfc062723c751e8b465ee728b) (PreviewImporter) -> (artifact id: '6aa5e9eb2f6504b40103569bc19de454') in 0.0120332 seconds
Number of updated asset objects reloaded before import = 0Number of asset objects unloaded after import = 22

========================================================================
Received Import Request.
  Time since last request: 0.000025 seconds.
  path: Assets/Prefabs/Nature Deck/parched_earth_card.prefab
  artifactKey: Guid(67a4b10bb5b0e4b42bba396d8e87becc) Importer(815301076,1909f56bfc062723c751e8b465ee728b)
Start importing Assets/Prefabs/Nature Deck/parched_earth_card.prefab using Guid(67a4b10bb5b0e4b42bba396d8e87becc) Importer(815301076,1909f56bfc062723c751e8b465ee728b) (PreviewImporter) -> (artifact id: '5923bd1fafa06dc77b913dcc2c98807a') in 0.0134434 seconds
Number of updated asset objects reloaded before import = 0Number of asset objects unloaded after import = 22

========================================================================
Received Import Request.
  Time since last request: 0.000021 seconds.
  path: Assets/Prefabs/Nature Deck/seismic_echoes_card.prefab
  artifactKey: Guid(b41e8506cc9430841be015542ac93c49) Importer(815301076,1909f56bfc062723c751e8b465ee728b)
Start importing Assets/Prefabs/Nature Deck/seismic_echoes_card.prefab using Guid(b41e8506cc9430841be015542ac93c49) Importer(815301076,1909f56bfc062723c751e8b465ee728b) (PreviewImporter) -> (artifact id: 'cfdcf5f5f81ae1baec2e3c1708c7bf65') in 0.0133572 seconds
Number of updated asset objects reloaded before import = 0Number of asset objects unloaded after import = 22

========================================================================
Received Import Request.
  Time since last request: 0.000019 seconds.
  path: Assets/Prefabs/Nature Deck/deluge_of_poseidon_card.prefab
  artifactKey: Guid(57f27d5574f782c41a0737997bca193c) Importer(815301076,1909f56bfc062723c751e8b465ee728b)
Start importing Assets/Prefabs/Nature Deck/deluge_of_poseidon_card.prefab using Guid(57f27d5574f782c41a0737997bca193c) Importer(815301076,1909f56bfc062723c751e8b465ee728b) (PreviewImporter) -> (artifact id: '7c0d979e5e779edab105dc70c852f649') in 0.0239132 seconds
Number of updated asset objects reloaded before import = 0Number of asset objects unloaded after import = 22

========================================================================
Received Import Request.
  Time since last request: 9.578290 seconds.
  path: Assets/Prefabs/Nature Deck/awakening_of_namazu_card.prefab
  artifactKey: Guid(92ab01c09fc82a44db4705e507383911) Importer(815301076,1909f56bfc062723c751e8b465ee728b)
Start importing Assets/Prefabs/Nature Deck/awakening_of_namazu_card.prefab using Guid(92ab01c09fc82a44db4705e507383911) Importer(815301076,1909f56bfc062723c751e8b465ee728b) (PreviewImporter) -> (artifact id: '4853c3116f9712459991e8e7bec52458') in 0.0079139 seconds
Number of updated asset objects reloaded before import = 0Number of asset objects unloaded after import = 22

========================================================================
Received Import Request.
  Time since last request: 3.905489 seconds.
  path: Assets/Prefabs/Nature Deck/cataclysm_of_the_njordr_card.prefab
  artifactKey: Guid(3ceaf2277d8cbeb439e9ac52fc48202e) Importer(815301076,1909f56bfc062723c751e8b465ee728b)
Start importing Assets/Prefabs/Nature Deck/cataclysm_of_the_njordr_card.prefab using Guid(3ceaf2277d8cbeb439e9ac52fc48202e) Importer(815301076,1909f56bfc062723c751e8b465ee728b) (PreviewImporter) -> (artifact id: '8ca41022e6670b0ad79645990590584f') in 0.0079126 seconds
Number of updated asset objects reloaded before import = 0Number of asset objects unloaded after import = 22

========================================================================
Received Import Request.
  Time since last request: 5.128475 seconds.
  path: Assets/Prefabs/Nature Deck/deluge_of_poseidon_card.prefab
  artifactKey: Guid(57f27d5574f782c41a0737997bca193c) Importer(815301076,1909f56bfc062723c751e8b465ee728b)
Start importing Assets/Prefabs/Nature Deck/deluge_of_poseidon_card.prefab using Guid(57f27d5574f782c41a0737997bca193c) Importer(815301076,1909f56bfc062723c751e8b465ee728b) (PreviewImporter) -> (artifact id: 'a52bba516262df5982b4bafa232d0883') in 0.0077218 seconds
Number of updated asset objects reloaded before import = 0Number of asset objects unloaded after import = 22

========================================================================
Received Import Request.
  Time since last request: 4.082047 seconds.
  path: Assets/Prefabs/Nature Deck/eye_of_huracan_card.prefab
  artifactKey: Guid(6c45e1f4b278c8344ab9124cfbff9f25) Importer(815301076,1909f56bfc062723c751e8b465ee728b)
Start importing Assets/Prefabs/Nature Deck/eye_of_huracan_card.prefab using Guid(6c45e1f4b278c8344ab9124cfbff9f25) Importer(815301076,1909f56bfc062723c751e8b465ee728b) (PreviewImporter) -> (artifact id: '95d058f22accf82fbccd62ffdda6b639') in 0.0071789 seconds
Number of updated asset objects reloaded before import = 0Number of asset objects unloaded after import = 22

========================================================================
Received Import Request.
  Time since last request: 15.134061 seconds.
  path: Assets/Prefabs/Nature Deck/scourge_of_helios_card.prefab
  artifactKey: Guid(2b3f217933fb47a4fb21215a81352b62) Importer(815301076,1909f56bfc062723c751e8b465ee728b)
Start importing Assets/Prefabs/Nature Deck/scourge_of_helios_card.prefab using Guid(2b3f217933fb47a4fb21215a81352b62) Importer(815301076,1909f56bfc062723c751e8b465ee728b) (PreviewImporter) -> (artifact id: '8d1b38f2a72d328634428a2cb9b7a5b2') in 0.0076847 seconds
Number of updated asset objects reloaded before import = 0Number of asset objects unloaded after import = 22

========================================================================
Received Import Request.
  Time since last request: 31.593872 seconds.
  path: Assets/Scripts/GameEnum.cs
  artifactKey: Guid(d9b08fba80086724299f10013ee30a14) Importer(815301076,1909f56bfc062723c751e8b465ee728b)
Start importing Assets/Scripts/GameEnum.cs using Guid(d9b08fba80086724299f10013ee30a14) Importer(815301076,1909f56bfc062723c751e8b465ee728b) (PreviewImporter) -> (artifact id: '1b3dfb7d545341349a4fb5b71d5f7fa9') in 0.0006404 seconds
Number of updated asset objects reloaded before import = 0Number of asset objects unloaded after import = 0

========================================================================
Received Import Request.
  Time since last request: 90.720586 seconds.
  path: Assets/Scripts/HandManager.cs
  artifactKey: Guid(17731e954f27bf845a015a9248d3199f) Importer(815301076,1909f56bfc062723c751e8b465ee728b)
Start importing Assets/Scripts/HandManager.cs using Guid(17731e954f27bf845a015a9248d3199f) Importer(815301076,1909f56bfc062723c751e8b465ee728b) (PreviewImporter) -> (artifact id: 'e11a28787a8bca06e2feb87da583a9b8') in 0.0005174 seconds
Number of updated asset objects reloaded before import = 0Number of asset objects unloaded after import = 0

========================================================================
Received Prepare
Begin MonoManager ReloadAssembly
[Licensing::Client] Successfully resolved entitlement details
- Loaded All Assemblies, in  0.504 seconds
Refreshing native plugins compatible for Editor in 0.65 ms, found 3 plugins.
Native extension for WindowsStandalone target not found
[Package Manager] Failed to launch server process. Reason: Unity was launched with the -noUpm command-line argument
[Package Manager] Unable to send message (not connected to server process).
[Package Manager] Cannot connect to Unity Package Manager local server
Mono: successfully reloaded assembly
- Finished resetting the current domain, in  0.489 seconds
Domain Reload Profiling: 994ms
	BeginReloadAssembly (172ms)
		ExecutionOrderSort (0ms)
		DisableScriptedObjects (15ms)
		BackupInstance (0ms)
		ReleaseScriptingObjects (0ms)
		CreateAndSetChildDomain (51ms)
	RebuildCommonClasses (24ms)
	RebuildNativeTypeToScriptingClass (9ms)
	initialDomainReloadingComplete (20ms)
	LoadAllAssembliesAndSetupDomain (280ms)
		LoadAssemblies (220ms)
		RebuildTransferFunctionScriptingTraits (0ms)
		AnalyzeDomain (122ms)
			TypeCache.Refresh (4ms)
				TypeCache.ScanAssembly (0ms)
			BuildScriptInfoCaches (107ms)
			ResolveRequiredComponents (7ms)
	FinalizeReload (490ms)
		ReleaseScriptCaches (0ms)
		RebuildScriptCaches (0ms)
		SetupLoadedEditorAssemblies (384ms)
			LogAssemblyErrors (0ms)
			InitializePlatformSupportModulesInManaged (2ms)
			SetLoadedEditorAssemblies (4ms)
			BeforeProcessingInitializeOnLoad (82ms)
			ProcessInitializeOnLoadAttributes (248ms)
			ProcessInitializeOnLoadMethodAttributes (42ms)
			AfterProcessingInitializeOnLoad (6ms)
			EditorAssembliesLoaded (0ms)
		ExecutionOrderSort2 (0ms)
		AwakeInstancesAfterBackupRestoration (16ms)
Refreshing native plugins compatible for Editor in 0.90 ms, found 3 plugins.
Preloading 0 native plugins for Editor in 0.00 ms.
Unloading 13 Unused Serialized files (Serialized files now loaded: 0)
Unloading 6150 unused Assets / (4.3 MB). Loaded Objects now: 6979.
Memory consumption went from 149.4 MB to 145.1 MB.
Total: 7.178700 ms (FindLiveObjects: 0.694200 ms CreateObjectMapping: 0.292000 ms MarkObjects: 3.838200 ms  DeleteObjects: 2.353600 ms)

Prepare: number of updated asset objects reloaded= 0
========================================================================
Received Prepare
Refreshing native plugins compatible for Editor in 0.99 ms, found 3 plugins.
Preloading 0 native plugins for Editor in 0.00 ms.
Unloading 13 Unused Serialized files (Serialized files now loaded: 0)
Unloading 6143 unused Assets / (3.5 MB). Loaded Objects now: 6979.
Memory consumption went from 149.4 MB to 146.0 MB.
Total: 7.725400 ms (FindLiveObjects: 0.674600 ms CreateObjectMapping: 0.698500 ms MarkObjects: 4.692800 ms  DeleteObjects: 1.658800 ms)

Prepare: number of updated asset objects reloaded= 0
========================================================================
Received Prepare
Begin MonoManager ReloadAssembly
[Licensing::Client] Successfully resolved entitlement details
- Loaded All Assemblies, in  0.545 seconds
Refreshing native plugins compatible for Editor in 0.59 ms, found 3 plugins.
Native extension for WindowsStandalone target not found
[Package Manager] Failed to launch server process. Reason: Unity was launched with the -noUpm command-line argument
[Package Manager] Unable to send message (not connected to server process).
[Package Manager] Cannot connect to Unity Package Manager local server
Mono: successfully reloaded assembly
- Finished resetting the current domain, in  0.544 seconds
Domain Reload Profiling: 1090ms
	BeginReloadAssembly (167ms)
		ExecutionOrderSort (0ms)
		DisableScriptedObjects (4ms)
		BackupInstance (0ms)
		ReleaseScriptingObjects (0ms)
		CreateAndSetChildDomain (40ms)
	RebuildCommonClasses (28ms)
	RebuildNativeTypeToScriptingClass (9ms)
	initialDomainReloadingComplete (22ms)
	LoadAllAssembliesAndSetupDomain (319ms)
		LoadAssemblies (265ms)
		RebuildTransferFunctionScriptingTraits (0ms)
		AnalyzeDomain (130ms)
			TypeCache.Refresh (6ms)
				TypeCache.ScanAssembly (0ms)
			BuildScriptInfoCaches (110ms)
			ResolveRequiredComponents (10ms)
	FinalizeReload (544ms)
		ReleaseScriptCaches (0ms)
		RebuildScriptCaches (0ms)
		SetupLoadedEditorAssemblies (427ms)
			LogAssemblyErrors (0ms)
			InitializePlatformSupportModulesInManaged (2ms)
			SetLoadedEditorAssemblies (4ms)
			BeforeProcessingInitializeOnLoad (120ms)
			ProcessInitializeOnLoadAttributes (265ms)
			ProcessInitializeOnLoadMethodAttributes (33ms)
			AfterProcessingInitializeOnLoad (4ms)
			EditorAssembliesLoaded (0ms)
		ExecutionOrderSort2 (0ms)
		AwakeInstancesAfterBackupRestoration (11ms)
Refreshing native plugins compatible for Editor in 0.68 ms, found 3 plugins.
Preloading 0 native plugins for Editor in 0.00 ms.
Unloading 13 Unused Serialized files (Serialized files now loaded: 0)
Unloading 6149 unused Assets / (4.3 MB). Loaded Objects now: 6982.
Memory consumption went from 149.3 MB to 145.0 MB.
Total: 6.596500 ms (FindLiveObjects: 0.598700 ms CreateObjectMapping: 0.193800 ms MarkObjects: 3.896300 ms  DeleteObjects: 1.907400 ms)

Prepare: number of updated asset objects reloaded= 0
========================================================================
Received Prepare
Refreshing native plugins compatible for Editor in 0.82 ms, found 3 plugins.
Preloading 0 native plugins for Editor in 0.00 ms.
Unloading 13 Unused Serialized files (Serialized files now loaded: 0)
Unloading 6143 unused Assets / (3.4 MB). Loaded Objects now: 6982.
Memory consumption went from 149.5 MB to 146.1 MB.
Total: 7.005800 ms (FindLiveObjects: 0.959300 ms CreateObjectMapping: 0.296600 ms MarkObjects: 4.209600 ms  DeleteObjects: 1.539700 ms)

Prepare: number of updated asset objects reloaded= 0
========================================================================
Received Prepare
Begin MonoManager ReloadAssembly
- Loaded All Assemblies, in  0.566 seconds
Refreshing native plugins compatible for Editor in 0.91 ms, found 3 plugins.
Native extension for WindowsStandalone target not found
[Package Manager] Failed to launch server process. Reason: Unity was launched with the -noUpm command-line argument
[Package Manager] Unable to send message (not connected to server process).
[Package Manager] Cannot connect to Unity Package Manager local server
Mono: successfully reloaded assembly
- Finished resetting the current domain, in  0.551 seconds
Domain Reload Profiling: 1117ms
	BeginReloadAssembly (158ms)
		ExecutionOrderSort (0ms)
		DisableScriptedObjects (5ms)
		BackupInstance (0ms)
		ReleaseScriptingObjects (0ms)
		CreateAndSetChildDomain (43ms)
	RebuildCommonClasses (33ms)
	RebuildNativeTypeToScriptingClass (8ms)
	initialDomainReloadingComplete (24ms)
	LoadAllAssembliesAndSetupDomain (342ms)
		LoadAssemblies (256ms)
		RebuildTransferFunctionScriptingTraits (0ms)
		AnalyzeDomain (150ms)
			TypeCache.Refresh (6ms)
				TypeCache.ScanAssembly (0ms)
			BuildScriptInfoCaches (133ms)
			ResolveRequiredComponents (7ms)
	FinalizeReload (551ms)
		ReleaseScriptCaches (0ms)
		RebuildScriptCaches (0ms)
		SetupLoadedEditorAssemblies (438ms)
			LogAssemblyErrors (0ms)
			InitializePlatformSupportModulesInManaged (2ms)
			SetLoadedEditorAssemblies (4ms)
			BeforeProcessingInitializeOnLoad (106ms)
			ProcessInitializeOnLoadAttributes (275ms)
			ProcessInitializeOnLoadMethodAttributes (45ms)
			AfterProcessingInitializeOnLoad (6ms)
			EditorAssembliesLoaded (0ms)
		ExecutionOrderSort2 (0ms)
		AwakeInstancesAfterBackupRestoration (13ms)
Refreshing native plugins compatible for Editor in 0.73 ms, found 3 plugins.
Preloading 0 native plugins for Editor in 0.00 ms.
Unloading 13 Unused Serialized files (Serialized files now loaded: 0)
Unloading 6149 unused Assets / (4.1 MB). Loaded Objects now: 6985.
Memory consumption went from 149.3 MB to 145.3 MB.
Total: 6.561400 ms (FindLiveObjects: 0.593500 ms CreateObjectMapping: 0.195700 ms MarkObjects: 3.805100 ms  DeleteObjects: 1.966700 ms)

Prepare: number of updated asset objects reloaded= 0
========================================================================
Received Import Request.
  Time since last request: 378.774553 seconds.
  path: Assets/Prefabs/Human Deck/barricade_card.prefab
  artifactKey: Guid(c507921be00ca1440966cc92c4fa42ef) Importer(815301076,1909f56bfc062723c751e8b465ee728b)
Start importing Assets/Prefabs/Human Deck/barricade_card.prefab using Guid(c507921be00ca1440966cc92c4fa42ef) Importer(815301076,1909f56bfc062723c751e8b465ee728b) (PreviewImporter) -> (artifact id: 'cc9eabea9979d5401c25a497f5bb3b27') in 0.377729 seconds
Number of updated asset objects reloaded before import = 0Number of asset objects unloaded after import = 29

========================================================================
Received Import Request.
  Time since last request: 0.000058 seconds.
  path: Assets/Prefabs/Human Deck/power_cut_off_card.prefab
  artifactKey: Guid(212315bc5d5bf02469357c06306a6fa0) Importer(815301076,1909f56bfc062723c751e8b465ee728b)
Start importing Assets/Prefabs/Human Deck/power_cut_off_card.prefab using Guid(212315bc5d5bf02469357c06306a6fa0) Importer(815301076,1909f56bfc062723c751e8b465ee728b) (PreviewImporter) -> (artifact id: '7b9c3fe445aaff2fc400791238900e93') in 0.0135854 seconds
Number of updated asset objects reloaded before import = 0Number of asset objects unloaded after import = 29

========================================================================
Received Import Request.
  Time since last request: 0.000032 seconds.
  path: Assets/Prefabs/Human Deck/sandbags_card.prefab
  artifactKey: Guid(603c1f164e99e4341b330683868e6cc2) Importer(815301076,1909f56bfc062723c751e8b465ee728b)
Start importing Assets/Prefabs/Human Deck/sandbags_card.prefab using Guid(603c1f164e99e4341b330683868e6cc2) Importer(815301076,1909f56bfc062723c751e8b465ee728b) (PreviewImporter) -> (artifact id: 'b7a0f367559489fd08f588c278482b80') in 0.0132035 seconds
Number of updated asset objects reloaded before import = 0Number of asset objects unloaded after import = 29

========================================================================
Received Import Request.
  Time since last request: 0.000021 seconds.
  path: Assets/Prefabs/Human Deck/stay_hydrated_card.prefab
  artifactKey: Guid(f9c05447b35485546a52aeff732f343c) Importer(815301076,1909f56bfc062723c751e8b465ee728b)
Start importing Assets/Prefabs/Human Deck/stay_hydrated_card.prefab using Guid(f9c05447b35485546a52aeff732f343c) Importer(815301076,1909f56bfc062723c751e8b465ee728b) (PreviewImporter) -> (artifact id: '7d7fd20ac365c0ff2da325d7d7238236') in 0.009001 seconds
Number of updated asset objects reloaded before import = 0Number of asset objects unloaded after import = 29

========================================================================
Received Import Request.
  Time since last request: 0.000019 seconds.
  path: Assets/Prefabs/Human Deck/evacuation_card.prefab
  artifactKey: Guid(48699b53f6cec4547adbd3d46b20e8a5) Importer(815301076,1909f56bfc062723c751e8b465ee728b)
Start importing Assets/Prefabs/Human Deck/evacuation_card.prefab using Guid(48699b53f6cec4547adbd3d46b20e8a5) Importer(815301076,1909f56bfc062723c751e8b465ee728b) (PreviewImporter) -> (artifact id: '1beabdcaf1daab00854dd56d53d1321b') in 0.0087064 seconds
Number of updated asset objects reloaded before import = 0Number of asset objects unloaded after import = 29

========================================================================
Received Import Request.
  Time since last request: 75.802869 seconds.
  path: Assets/Prefabs/Human Deck/population_card.prefab
  artifactKey: Guid(e5c21141c395f6040bb54b24df9f7225) Importer(815301076,1909f56bfc062723c751e8b465ee728b)
Start importing Assets/Prefabs/Human Deck/population_card.prefab using Guid(e5c21141c395f6040bb54b24df9f7225) Importer(815301076,1909f56bfc062723c751e8b465ee728b) (PreviewImporter) -> (artifact id: 'e9a17410c63d7ba634aa958ca1bf6358') in 0.0119977 seconds
Number of updated asset objects reloaded before import = 0Number of asset objects unloaded after import = 31

========================================================================
Received Import Request.
  Time since last request: 0.143087 seconds.
  path: Assets/Prefabs/Human Deck/population_card.prefab
  artifactKey: Guid(e5c21141c395f6040bb54b24df9f7225) Importer(815301076,1909f56bfc062723c751e8b465ee728b)
Start importing Assets/Prefabs/Human Deck/population_card.prefab using Guid(e5c21141c395f6040bb54b24df9f7225) Importer(815301076,1909f56bfc062723c751e8b465ee728b) (PreviewImporter) -> (artifact id: '0cd962d9e3cdd2a1b13ac772d156eda7') in 0.0095474 seconds
Number of updated asset objects reloaded before import = 0Number of asset objects unloaded after import = 31

========================================================================
Received Import Request.
  Time since last request: 0.565641 seconds.
  path: Assets/Prefabs/Human Deck/population_card.prefab
  artifactKey: Guid(e5c21141c395f6040bb54b24df9f7225) Importer(815301076,1909f56bfc062723c751e8b465ee728b)
Start importing Assets/Prefabs/Human Deck/population_card.prefab using Guid(e5c21141c395f6040bb54b24df9f7225) Importer(815301076,1909f56bfc062723c751e8b465ee728b) (PreviewImporter) -> (artifact id: '6031b51d4d1ca2d4a2ee2ece3025b49f') in 0.008973 seconds
Number of updated asset objects reloaded before import = 0Number of asset objects unloaded after import = 31

========================================================================
Received Import Request.
  Time since last request: 0.167865 seconds.
  path: Assets/Prefabs/Human Deck/population_card.prefab
  artifactKey: Guid(e5c21141c395f6040bb54b24df9f7225) Importer(815301076,1909f56bfc062723c751e8b465ee728b)
Start importing Assets/Prefabs/Human Deck/population_card.prefab using Guid(e5c21141c395f6040bb54b24df9f7225) Importer(815301076,1909f56bfc062723c751e8b465ee728b) (PreviewImporter) -> (artifact id: '3ea29506ea6acd1c4d240a4c3f94cbde') in 0.0091384 seconds
Number of updated asset objects reloaded before import = 0Number of asset objects unloaded after import = 31

========================================================================
Received Import Request.
  Time since last request: 0.362028 seconds.
  path: Assets/Prefabs/Human Deck/population_card.prefab
  artifactKey: Guid(e5c21141c395f6040bb54b24df9f7225) Importer(815301076,1909f56bfc062723c751e8b465ee728b)
Start importing Assets/Prefabs/Human Deck/population_card.prefab using Guid(e5c21141c395f6040bb54b24df9f7225) Importer(815301076,1909f56bfc062723c751e8b465ee728b) (PreviewImporter) -> (artifact id: '91d663f845d5a967a3fdc600650561a2') in 0.0094433 seconds
Number of updated asset objects reloaded before import = 0Number of asset objects unloaded after import = 31

========================================================================
Received Import Request.
  Time since last request: 0.163358 seconds.
  path: Assets/Prefabs/Human Deck/population_card.prefab
  artifactKey: Guid(e5c21141c395f6040bb54b24df9f7225) Importer(815301076,1909f56bfc062723c751e8b465ee728b)
Start importing Assets/Prefabs/Human Deck/population_card.prefab using Guid(e5c21141c395f6040bb54b24df9f7225) Importer(815301076,1909f56bfc062723c751e8b465ee728b) (PreviewImporter) -> (artifact id: 'ef6642d39f9214fdfe8619ca5959168a') in 0.008776 seconds
Number of updated asset objects reloaded before import = 0Number of asset objects unloaded after import = 31

========================================================================
Received Import Request.
  Time since last request: 26.864476 seconds.
  path: Assets/Prefabs/Human Deck/emergency_kit_card.prefab
  artifactKey: Guid(1902d753cf392a146ad787c91f5e4c3a) Importer(815301076,1909f56bfc062723c751e8b465ee728b)
Start importing Assets/Prefabs/Human Deck/emergency_kit_card.prefab using Guid(1902d753cf392a146ad787c91f5e4c3a) Importer(815301076,1909f56bfc062723c751e8b465ee728b) (PreviewImporter) -> (artifact id: 'e500ffeb73bebab3910ae3777a1d0ade') in 0.0094909 seconds
Number of updated asset objects reloaded before import = 0Number of asset objects unloaded after import = 31

========================================================================
Received Import Request.
  Time since last request: 45.733075 seconds.
  path: Assets/Prefabs/Nature Deck/scourge_of_helios_card.prefab
  artifactKey: Guid(2b3f217933fb47a4fb21215a81352b62) Importer(815301076,1909f56bfc062723c751e8b465ee728b)
Start importing Assets/Prefabs/Nature Deck/scourge_of_helios_card.prefab using Guid(2b3f217933fb47a4fb21215a81352b62) Importer(815301076,1909f56bfc062723c751e8b465ee728b) (PreviewImporter) -> (artifact id: 'e19feb6542b73bbd0d40ae2d2bb3a222') in 0.0080631 seconds
Number of updated asset objects reloaded before import = 0Number of asset objects unloaded after import = 22

========================================================================
Received Import Request.
  Time since last request: 13.399535 seconds.
  path: Assets/Prefabs/Nature Deck/scourge_of_helios_card.prefab
  artifactKey: Guid(2b3f217933fb47a4fb21215a81352b62) Importer(815301076,1909f56bfc062723c751e8b465ee728b)
Start importing Assets/Prefabs/Nature Deck/scourge_of_helios_card.prefab using Guid(2b3f217933fb47a4fb21215a81352b62) Importer(815301076,1909f56bfc062723c751e8b465ee728b) (PreviewImporter) -> (artifact id: '79cbf5964c3efec6673909772667a292') in 0.0076337 seconds
Number of updated asset objects reloaded before import = 0Number of asset objects unloaded after import = 22

========================================================================
Received Import Request.
  Time since last request: 26.331463 seconds.
  path: Assets/Prefabs/Nature Deck/eye_of_huracan_card.prefab
  artifactKey: Guid(6c45e1f4b278c8344ab9124cfbff9f25) Importer(815301076,1909f56bfc062723c751e8b465ee728b)
Start importing Assets/Prefabs/Nature Deck/eye_of_huracan_card.prefab using Guid(6c45e1f4b278c8344ab9124cfbff9f25) Importer(815301076,1909f56bfc062723c751e8b465ee728b) (PreviewImporter) -> (artifact id: '469d35fb134cbb29912b2856df81642f') in 0.0080321 seconds
Number of updated asset objects reloaded before import = 0Number of asset objects unloaded after import = 22

========================================================================
Received Import Request.
  Time since last request: 9.468084 seconds.
  path: Assets/Prefabs/Nature Deck/eye_of_huracan_card.prefab
  artifactKey: Guid(6c45e1f4b278c8344ab9124cfbff9f25) Importer(815301076,1909f56bfc062723c751e8b465ee728b)
Start importing Assets/Prefabs/Nature Deck/eye_of_huracan_card.prefab using Guid(6c45e1f4b278c8344ab9124cfbff9f25) Importer(815301076,1909f56bfc062723c751e8b465ee728b) (PreviewImporter) -> (artifact id: 'be4964f190f033cf90c462c526884b66') in 0.0070946 seconds
Number of updated asset objects reloaded before import = 0Number of asset objects unloaded after import = 22

========================================================================
Received Import Request.
  Time since last request: 15.243086 seconds.
  path: Assets/Prefabs/Nature Deck/deluge_of_poseidon_card.prefab
  artifactKey: Guid(57f27d5574f782c41a0737997bca193c) Importer(815301076,1909f56bfc062723c751e8b465ee728b)
Start importing Assets/Prefabs/Nature Deck/deluge_of_poseidon_card.prefab using Guid(57f27d5574f782c41a0737997bca193c) Importer(815301076,1909f56bfc062723c751e8b465ee728b) (PreviewImporter) -> (artifact id: '9cad4f50c935cb65685fdfbeda95e7b6') in 0.0079071 seconds
Number of updated asset objects reloaded before import = 0Number of asset objects unloaded after import = 22

========================================================================
Received Import Request.
  Time since last request: 7.122587 seconds.
  path: Assets/Prefabs/Nature Deck/deluge_of_poseidon_card.prefab
  artifactKey: Guid(57f27d5574f782c41a0737997bca193c) Importer(815301076,1909f56bfc062723c751e8b465ee728b)
Start importing Assets/Prefabs/Nature Deck/deluge_of_poseidon_card.prefab using Guid(57f27d5574f782c41a0737997bca193c) Importer(815301076,1909f56bfc062723c751e8b465ee728b) (PreviewImporter) -> (artifact id: '4c2706c11b002ca7df66ecab1393a0a5') in 0.0074424 seconds
Number of updated asset objects reloaded before import = 0Number of asset objects unloaded after import = 22

========================================================================
Received Import Request.
  Time since last request: 19.572975 seconds.
  path: Assets/Prefabs/Nature Deck/cataclysm_of_the_njordr_card.prefab
  artifactKey: Guid(3ceaf2277d8cbeb439e9ac52fc48202e) Importer(815301076,1909f56bfc062723c751e8b465ee728b)
Start importing Assets/Prefabs/Nature Deck/cataclysm_of_the_njordr_card.prefab using Guid(3ceaf2277d8cbeb439e9ac52fc48202e) Importer(815301076,1909f56bfc062723c751e8b465ee728b) (PreviewImporter) -> (artifact id: '9bf6fde49ed739a687d20224d990e856') in 0.0084641 seconds
Number of updated asset objects reloaded before import = 0Number of asset objects unloaded after import = 22

========================================================================
Received Import Request.
  Time since last request: 39.791315 seconds.
  path: Assets/Prefabs/Nature Deck/cataclysm_of_the_njordr_card.prefab
  artifactKey: Guid(3ceaf2277d8cbeb439e9ac52fc48202e) Importer(815301076,1909f56bfc062723c751e8b465ee728b)
Start importing Assets/Prefabs/Nature Deck/cataclysm_of_the_njordr_card.prefab using Guid(3ceaf2277d8cbeb439e9ac52fc48202e) Importer(815301076,1909f56bfc062723c751e8b465ee728b) (PreviewImporter) -> (artifact id: '2563de7344e7c29f57999d5b6a7dc732') in 0.0077198 seconds
Number of updated asset objects reloaded before import = 0Number of asset objects unloaded after import = 22

========================================================================
Received Import Request.
  Time since last request: 19.497996 seconds.
  path: Assets/Prefabs/Nature Deck/awakening_of_namazu_card.prefab
  artifactKey: Guid(92ab01c09fc82a44db4705e507383911) Importer(815301076,1909f56bfc062723c751e8b465ee728b)
Start importing Assets/Prefabs/Nature Deck/awakening_of_namazu_card.prefab using Guid(92ab01c09fc82a44db4705e507383911) Importer(815301076,1909f56bfc062723c751e8b465ee728b) (PreviewImporter) -> (artifact id: 'de6875f69f7fcadf59f3c2361f7fb80a') in 0.0079751 seconds
Number of updated asset objects reloaded before import = 0Number of asset objects unloaded after import = 22

========================================================================
Received Import Request.
  Time since last request: 4.562143 seconds.
  path: Assets/Prefabs/Nature Deck/awakening_of_namazu_card.prefab
  artifactKey: Guid(92ab01c09fc82a44db4705e507383911) Importer(815301076,1909f56bfc062723c751e8b465ee728b)
Start importing Assets/Prefabs/Nature Deck/awakening_of_namazu_card.prefab using Guid(92ab01c09fc82a44db4705e507383911) Importer(815301076,1909f56bfc062723c751e8b465ee728b) (PreviewImporter) -> (artifact id: '93344e92f69f84c7b35de1257d13538a') in 0.0081396 seconds
Number of updated asset objects reloaded before import = 0Number of asset objects unloaded after import = 22

========================================================================
Received Import Request.
  Time since last request: 51.125271 seconds.
  path: Assets/Prefabs/Human Deck/population_card.prefab
  artifactKey: Guid(e5c21141c395f6040bb54b24df9f7225) Importer(815301076,1909f56bfc062723c751e8b465ee728b)
Start importing Assets/Prefabs/Human Deck/population_card.prefab using Guid(e5c21141c395f6040bb54b24df9f7225) Importer(815301076,1909f56bfc062723c751e8b465ee728b) (PreviewImporter) -> (artifact id: 'e2b6016c1c75ba2e0a9dc5058d26eb91') in 0.0103125 seconds
Number of updated asset objects reloaded before import = 0Number of asset objects unloaded after import = 31

========================================================================
Received Import Request.
  Time since last request: 15.730180 seconds.
  path: Assets/Prefabs/Human Deck/emergency_kit_card.prefab
  artifactKey: Guid(1902d753cf392a146ad787c91f5e4c3a) Importer(815301076,1909f56bfc062723c751e8b465ee728b)
Start importing Assets/Prefabs/Human Deck/emergency_kit_card.prefab using Guid(1902d753cf392a146ad787c91f5e4c3a) Importer(815301076,1909f56bfc062723c751e8b465ee728b) (PreviewImporter) -> (artifact id: '4d0c7b02b91bcae2307db307649619a4') in 0.0086739 seconds
Number of updated asset objects reloaded before import = 0Number of asset objects unloaded after import = 31

========================================================================
Received Prepare
Begin MonoManager ReloadAssembly
[Licensing::Client] Successfully resolved entitlement details
- Loaded All Assemblies, in  0.500 seconds
Refreshing native plugins compatible for Editor in 0.54 ms, found 3 plugins.
Native extension for WindowsStandalone target not found
[Package Manager] Failed to launch server process. Reason: Unity was launched with the -noUpm command-line argument
[Package Manager] Unable to send message (not connected to server process).
[Package Manager] Cannot connect to Unity Package Manager local server
Mono: successfully reloaded assembly
- Finished resetting the current domain, in  0.466 seconds
Domain Reload Profiling: 967ms
	BeginReloadAssembly (166ms)
		ExecutionOrderSort (0ms)
		DisableScriptedObjects (16ms)
		BackupInstance (0ms)
		ReleaseScriptingObjects (0ms)
		CreateAndSetChildDomain (49ms)
	RebuildCommonClasses (26ms)
	RebuildNativeTypeToScriptingClass (9ms)
	initialDomainReloadingComplete (20ms)
	LoadAllAssembliesAndSetupDomain (280ms)
		LoadAssemblies (216ms)
		RebuildTransferFunctionScriptingTraits (0ms)
		AnalyzeDomain (121ms)
			TypeCache.Refresh (4ms)
				TypeCache.ScanAssembly (0ms)
			BuildScriptInfoCaches (106ms)
			ResolveRequiredComponents (8ms)
	FinalizeReload (466ms)
		ReleaseScriptCaches (0ms)
		RebuildScriptCaches (0ms)
		SetupLoadedEditorAssemblies (361ms)
			LogAssemblyErrors (0ms)
			InitializePlatformSupportModulesInManaged (2ms)
			SetLoadedEditorAssemblies (3ms)
			BeforeProcessingInitializeOnLoad (78ms)
			ProcessInitializeOnLoadAttributes (232ms)
			ProcessInitializeOnLoadMethodAttributes (42ms)
			AfterProcessingInitializeOnLoad (5ms)
			EditorAssembliesLoaded (0ms)
		ExecutionOrderSort2 (0ms)
		AwakeInstancesAfterBackupRestoration (14ms)
Refreshing native plugins compatible for Editor in 0.88 ms, found 3 plugins.
Preloading 0 native plugins for Editor in 0.00 ms.
Unloading 13 Unused Serialized files (Serialized files now loaded: 0)
Unloading 6150 unused Assets / (4.3 MB). Loaded Objects now: 7008.
Memory consumption went from 149.5 MB to 145.2 MB.
Total: 7.333900 ms (FindLiveObjects: 0.892200 ms CreateObjectMapping: 0.400100 ms MarkObjects: 3.997100 ms  DeleteObjects: 2.043300 ms)

Prepare: number of updated asset objects reloaded= 0
========================================================================
Received Prepare
Refreshing native plugins compatible for Editor in 0.80 ms, found 3 plugins.
Preloading 0 native plugins for Editor in 0.00 ms.
Unloading 13 Unused Serialized files (Serialized files now loaded: 0)
Unloading 6143 unused Assets / (4.1 MB). Loaded Objects now: 7008.
Memory consumption went from 149.6 MB to 145.5 MB.
Total: 7.883700 ms (FindLiveObjects: 0.649500 ms CreateObjectMapping: 0.267700 ms MarkObjects: 4.717000 ms  DeleteObjects: 2.248800 ms)

Prepare: number of updated asset objects reloaded= 0
========================================================================
Received Prepare
Begin MonoManager ReloadAssembly
[Licensing::Client] Successfully resolved entitlement details
- Loaded All Assemblies, in  0.620 seconds
Refreshing native plugins compatible for Editor in 0.53 ms, found 3 plugins.
Native extension for WindowsStandalone target not found
[Package Manager] Failed to launch server process. Reason: Unity was launched with the -noUpm command-line argument
[Package Manager] Unable to send message (not connected to server process).
[Package Manager] Cannot connect to Unity Package Manager local server
Mono: successfully reloaded assembly
- Finished resetting the current domain, in  0.471 seconds
Domain Reload Profiling: 1091ms
	BeginReloadAssembly (170ms)
		ExecutionOrderSort (0ms)
		DisableScriptedObjects (4ms)
		BackupInstance (0ms)
		ReleaseScriptingObjects (0ms)
		CreateAndSetChildDomain (43ms)
	RebuildCommonClasses (33ms)
	RebuildNativeTypeToScriptingClass (13ms)
	initialDomainReloadingComplete (29ms)
	LoadAllAssembliesAndSetupDomain (374ms)
		LoadAssemblies (281ms)
		RebuildTransferFunctionScriptingTraits (0ms)
		AnalyzeDomain (163ms)
			TypeCache.Refresh (8ms)
				TypeCache.ScanAssembly (0ms)
			BuildScriptInfoCaches (143ms)
			ResolveRequiredComponents (9ms)
	FinalizeReload (472ms)
		ReleaseScriptCaches (0ms)
		RebuildScriptCaches (0ms)
		SetupLoadedEditorAssemblies (366ms)
			LogAssemblyErrors (0ms)
			InitializePlatformSupportModulesInManaged (2ms)
			SetLoadedEditorAssemblies (4ms)
			BeforeProcessingInitializeOnLoad (85ms)
			ProcessInitializeOnLoadAttributes (236ms)
			ProcessInitializeOnLoadMethodAttributes (35ms)
			AfterProcessingInitializeOnLoad (4ms)
			EditorAssembliesLoaded (0ms)
		ExecutionOrderSort2 (0ms)
		AwakeInstancesAfterBackupRestoration (12ms)
Refreshing native plugins compatible for Editor in 0.63 ms, found 3 plugins.
Preloading 0 native plugins for Editor in 0.00 ms.
Unloading 13 Unused Serialized files (Serialized files now loaded: 0)
Unloading 6149 unused Assets / (4.0 MB). Loaded Objects now: 7011.
Memory consumption went from 149.4 MB to 145.4 MB.
Total: 5.918100 ms (FindLiveObjects: 0.623500 ms CreateObjectMapping: 0.202700 ms MarkObjects: 3.523900 ms  DeleteObjects: 1.567500 ms)

Prepare: number of updated asset objects reloaded= 0
========================================================================
Received Prepare
Begin MonoManager ReloadAssembly
- Loaded All Assemblies, in  0.470 seconds
Refreshing native plugins compatible for Editor in 0.63 ms, found 3 plugins.
Native extension for WindowsStandalone target not found
[Package Manager] Failed to launch server process. Reason: Unity was launched with the -noUpm command-line argument
[Package Manager] Unable to send message (not connected to server process).
[Package Manager] Cannot connect to Unity Package Manager local server
Mono: successfully reloaded assembly
- Finished resetting the current domain, in  0.436 seconds
Domain Reload Profiling: 907ms
	BeginReloadAssembly (143ms)
		ExecutionOrderSort (0ms)
		DisableScriptedObjects (4ms)
		BackupInstance (0ms)
		ReleaseScriptingObjects (0ms)
		CreateAndSetChildDomain (37ms)
	RebuildCommonClasses (23ms)
	RebuildNativeTypeToScriptingClass (8ms)
	initialDomainReloadingComplete (20ms)
	LoadAllAssembliesAndSetupDomain (277ms)
		LoadAssemblies (216ms)
		RebuildTransferFunctionScriptingTraits (0ms)
		AnalyzeDomain (121ms)
			TypeCache.Refresh (4ms)
				TypeCache.ScanAssembly (0ms)
			BuildScriptInfoCaches (106ms)
			ResolveRequiredComponents (8ms)
	FinalizeReload (436ms)
		ReleaseScriptCaches (0ms)
		RebuildScriptCaches (0ms)
		SetupLoadedEditorAssemblies (340ms)
			LogAssemblyErrors (0ms)
			InitializePlatformSupportModulesInManaged (2ms)
			SetLoadedEditorAssemblies (4ms)
			BeforeProcessingInitializeOnLoad (77ms)
			ProcessInitializeOnLoadAttributes (222ms)
			ProcessInitializeOnLoadMethodAttributes (32ms)
			AfterProcessingInitializeOnLoad (4ms)
			EditorAssembliesLoaded (0ms)
		ExecutionOrderSort2 (0ms)
		AwakeInstancesAfterBackupRestoration (10ms)
Refreshing native plugins compatible for Editor in 0.76 ms, found 3 plugins.
Preloading 0 native plugins for Editor in 0.00 ms.
Unloading 13 Unused Serialized files (Serialized files now loaded: 0)
Unloading 6149 unused Assets / (4.4 MB). Loaded Objects now: 7014.
Memory consumption went from 149.5 MB to 145.1 MB.
Total: 6.792700 ms (FindLiveObjects: 0.666300 ms CreateObjectMapping: 0.282400 ms MarkObjects: 3.696500 ms  DeleteObjects: 2.146600 ms)

Prepare: number of updated asset objects reloaded= 0
========================================================================
Received Prepare
Begin MonoManager ReloadAssembly
[Licensing::Client] Successfully resolved entitlement details
- Loaded All Assemblies, in  0.482 seconds
Refreshing native plugins compatible for Editor in 0.57 ms, found 3 plugins.
Native extension for WindowsStandalone target not found
[Package Manager] Failed to launch server process. Reason: Unity was launched with the -noUpm command-line argument
[Package Manager] Unable to send message (not connected to server process).
[Package Manager] Cannot connect to Unity Package Manager local server
Mono: successfully reloaded assembly
- Finished resetting the current domain, in  0.450 seconds
Domain Reload Profiling: 933ms
	BeginReloadAssembly (152ms)
		ExecutionOrderSort (0ms)
		DisableScriptedObjects (4ms)
		BackupInstance (0ms)
		ReleaseScriptingObjects (0ms)
		CreateAndSetChildDomain (37ms)
	RebuildCommonClasses (22ms)
	RebuildNativeTypeToScriptingClass (8ms)
	initialDomainReloadingComplete (19ms)
	LoadAllAssembliesAndSetupDomain (280ms)
		LoadAssemblies (226ms)
		RebuildTransferFunctionScriptingTraits (0ms)
		AnalyzeDomain (118ms)
			TypeCache.Refresh (4ms)
				TypeCache.ScanAssembly (0ms)
			BuildScriptInfoCaches (104ms)
			ResolveRequiredComponents (7ms)
	FinalizeReload (451ms)
		ReleaseScriptCaches (0ms)
		RebuildScriptCaches (0ms)
		SetupLoadedEditorAssemblies (351ms)
			LogAssemblyErrors (0ms)
			InitializePlatformSupportModulesInManaged (2ms)
			SetLoadedEditorAssemblies (4ms)
			BeforeProcessingInitializeOnLoad (77ms)
			ProcessInitializeOnLoadAttributes (232ms)
			ProcessInitializeOnLoadMethodAttributes (32ms)
			AfterProcessingInitializeOnLoad (4ms)
			EditorAssembliesLoaded (0ms)
		ExecutionOrderSort2 (0ms)
		AwakeInstancesAfterBackupRestoration (12ms)
Refreshing native plugins compatible for Editor in 1.09 ms, found 3 plugins.
Preloading 0 native plugins for Editor in 0.00 ms.
Unloading 13 Unused Serialized files (Serialized files now loaded: 0)
Unloading 6149 unused Assets / (4.1 MB). Loaded Objects now: 7017.
Memory consumption went from 149.5 MB to 145.4 MB.
Total: 6.828600 ms (FindLiveObjects: 0.727500 ms CreateObjectMapping: 0.443800 ms MarkObjects: 3.761900 ms  DeleteObjects: 1.894700 ms)

Prepare: number of updated asset objects reloaded= 0
========================================================================
Received Prepare
Refreshing native plugins compatible for Editor in 0.73 ms, found 3 plugins.
Preloading 0 native plugins for Editor in 0.00 ms.
Unloading 13 Unused Serialized files (Serialized files now loaded: 0)
Unloading 6143 unused Assets / (4.2 MB). Loaded Objects now: 7017.
Memory consumption went from 149.7 MB to 145.5 MB.
Total: 7.228600 ms (FindLiveObjects: 0.622200 ms CreateObjectMapping: 0.221800 ms MarkObjects: 4.428900 ms  DeleteObjects: 1.955300 ms)

Prepare: number of updated asset objects reloaded= 0
========================================================================
Received Prepare
Begin MonoManager ReloadAssembly
[Licensing::Client] Successfully resolved entitlement details
- Loaded All Assemblies, in  0.587 seconds
Refreshing native plugins compatible for Editor in 0.64 ms, found 3 plugins.
Native extension for WindowsStandalone target not found
[Package Manager] Failed to launch server process. Reason: Unity was launched with the -noUpm command-line argument
[Package Manager] Unable to send message (not connected to server process).
[Package Manager] Cannot connect to Unity Package Manager local server
Mono: successfully reloaded assembly
- Finished resetting the current domain, in  0.563 seconds
Domain Reload Profiling: 1149ms
	BeginReloadAssembly (171ms)
		ExecutionOrderSort (0ms)
		DisableScriptedObjects (5ms)
		BackupInstance (0ms)
		ReleaseScriptingObjects (0ms)
		CreateAndSetChildDomain (42ms)
	RebuildCommonClasses (29ms)
	RebuildNativeTypeToScriptingClass (13ms)
	initialDomainReloadingComplete (24ms)
	LoadAllAssembliesAndSetupDomain (350ms)
		LoadAssemblies (269ms)
		RebuildTransferFunctionScriptingTraits (0ms)
		AnalyzeDomain (152ms)
			TypeCache.Refresh (6ms)
				TypeCache.ScanAssembly (0ms)
			BuildScriptInfoCaches (133ms)
			ResolveRequiredComponents (10ms)
	FinalizeReload (563ms)
		ReleaseScriptCaches (0ms)
		RebuildScriptCaches (0ms)
		SetupLoadedEditorAssemblies (450ms)
			LogAssemblyErrors (0ms)
			InitializePlatformSupportModulesInManaged (2ms)
			SetLoadedEditorAssemblies (4ms)
			BeforeProcessingInitializeOnLoad (106ms)
			ProcessInitializeOnLoadAttributes (294ms)
			ProcessInitializeOnLoadMethodAttributes (38ms)
			AfterProcessingInitializeOnLoad (5ms)
			EditorAssembliesLoaded (0ms)
		ExecutionOrderSort2 (0ms)
		AwakeInstancesAfterBackupRestoration (13ms)
Refreshing native plugins compatible for Editor in 0.68 ms, found 3 plugins.
Preloading 0 native plugins for Editor in 0.00 ms.
Unloading 13 Unused Serialized files (Serialized files now loaded: 0)
Unloading 6149 unused Assets / (3.7 MB). Loaded Objects now: 7020.
Memory consumption went from 149.5 MB to 145.8 MB.
Total: 7.231900 ms (FindLiveObjects: 0.935600 ms CreateObjectMapping: 0.301100 ms MarkObjects: 4.121000 ms  DeleteObjects: 1.873700 ms)

Prepare: number of updated asset objects reloaded= 0
========================================================================
Received Prepare
Refreshing native plugins compatible for Editor in 0.87 ms, found 3 plugins.
Preloading 0 native plugins for Editor in 0.00 ms.
Unloading 13 Unused Serialized files (Serialized files now loaded: 0)
Unloading 6143 unused Assets / (4.2 MB). Loaded Objects now: 7020.
Memory consumption went from 149.7 MB to 145.5 MB.
Total: 8.622200 ms (FindLiveObjects: 0.951300 ms CreateObjectMapping: 0.641700 ms MarkObjects: 4.511500 ms  DeleteObjects: 2.516700 ms)

Prepare: number of updated asset objects reloaded= 0
========================================================================
Received Prepare
Begin MonoManager ReloadAssembly
[Licensing::Client] Successfully resolved entitlement details
- Loaded All Assemblies, in  0.568 seconds
Refreshing native plugins compatible for Editor in 1.39 ms, found 3 plugins.
Native extension for WindowsStandalone target not found
[Package Manager] Failed to launch server process. Reason: Unity was launched with the -noUpm command-line argument
[Package Manager] Unable to send message (not connected to server process).
[Package Manager] Cannot connect to Unity Package Manager local server
Mono: successfully reloaded assembly
- Finished resetting the current domain, in  0.583 seconds
Domain Reload Profiling: 1152ms
	BeginReloadAssembly (175ms)
		ExecutionOrderSort (0ms)
		DisableScriptedObjects (5ms)
		BackupInstance (0ms)
		ReleaseScriptingObjects (0ms)
		CreateAndSetChildDomain (41ms)
	RebuildCommonClasses (29ms)
	RebuildNativeTypeToScriptingClass (12ms)
	initialDomainReloadingComplete (24ms)
	LoadAllAssembliesAndSetupDomain (329ms)
		LoadAssemblies (271ms)
		RebuildTransferFunctionScriptingTraits (0ms)
		AnalyzeDomain (134ms)
			TypeCache.Refresh (6ms)
				TypeCache.ScanAssembly (0ms)
			BuildScriptInfoCaches (118ms)
			ResolveRequiredComponents (7ms)
	FinalizeReload (584ms)
		ReleaseScriptCaches (0ms)
		RebuildScriptCaches (0ms)
		SetupLoadedEditorAssemblies (451ms)
			LogAssemblyErrors (0ms)
			InitializePlatformSupportModulesInManaged (2ms)
			SetLoadedEditorAssemblies (4ms)
			BeforeProcessingInitializeOnLoad (104ms)
			ProcessInitializeOnLoadAttributes (296ms)
			ProcessInitializeOnLoadMethodAttributes (39ms)
			AfterProcessingInitializeOnLoad (6ms)
			EditorAssembliesLoaded (0ms)
		ExecutionOrderSort2 (0ms)
		AwakeInstancesAfterBackupRestoration (13ms)
Refreshing native plugins compatible for Editor in 0.78 ms, found 3 plugins.
Preloading 0 native plugins for Editor in 0.00 ms.
Unloading 13 Unused Serialized files (Serialized files now loaded: 0)
Unloading 6149 unused Assets / (3.8 MB). Loaded Objects now: 7023.
Memory consumption went from 149.6 MB to 145.8 MB.
Total: 7.369300 ms (FindLiveObjects: 0.645700 ms CreateObjectMapping: 0.256300 ms MarkObjects: 4.444400 ms  DeleteObjects: 2.022300 ms)

Prepare: number of updated asset objects reloaded= 0
========================================================================
Received Prepare
Refreshing native plugins compatible for Editor in 0.64 ms, found 3 plugins.
Preloading 0 native plugins for Editor in 0.00 ms.
Unloading 13 Unused Serialized files (Serialized files now loaded: 0)
Unloading 6143 unused Assets / (3.8 MB). Loaded Objects now: 7023.
Memory consumption went from 149.7 MB to 145.9 MB.
Total: 6.118100 ms (FindLiveObjects: 0.607900 ms CreateObjectMapping: 0.278300 ms MarkObjects: 3.512500 ms  DeleteObjects: 1.719100 ms)

Prepare: number of updated asset objects reloaded= 0
========================================================================
Received Prepare
Begin MonoManager ReloadAssembly
[Licensing::Client] Successfully resolved entitlement details
- Loaded All Assemblies, in  0.595 seconds
Refreshing native plugins compatible for Editor in 0.58 ms, found 3 plugins.
Native extension for WindowsStandalone target not found
[Package Manager] Failed to launch server process. Reason: Unity was launched with the -noUpm command-line argument
[Package Manager] Unable to send message (not connected to server process).
[Package Manager] Cannot connect to Unity Package Manager local server
Mono: successfully reloaded assembly
- Finished resetting the current domain, in  0.560 seconds
Domain Reload Profiling: 1156ms
	BeginReloadAssembly (174ms)
		ExecutionOrderSort (0ms)
		DisableScriptedObjects (6ms)
		BackupInstance (0ms)
		ReleaseScriptingObjects (0ms)
		CreateAndSetChildDomain (42ms)
	RebuildCommonClasses (34ms)
	RebuildNativeTypeToScriptingClass (13ms)
	initialDomainReloadingComplete (25ms)
	LoadAllAssembliesAndSetupDomain (349ms)
		LoadAssemblies (263ms)
		RebuildTransferFunctionScriptingTraits (0ms)
		AnalyzeDomain (161ms)
			TypeCache.Refresh (9ms)
				TypeCache.ScanAssembly (0ms)
			BuildScriptInfoCaches (139ms)
			ResolveRequiredComponents (9ms)
	FinalizeReload (560ms)
		ReleaseScriptCaches (0ms)
		RebuildScriptCaches (0ms)
		SetupLoadedEditorAssemblies (441ms)
			LogAssemblyErrors (0ms)
			InitializePlatformSupportModulesInManaged (2ms)
			SetLoadedEditorAssemblies (5ms)
			BeforeProcessingInitializeOnLoad (111ms)
			ProcessInitializeOnLoadAttributes (282ms)
			ProcessInitializeOnLoadMethodAttributes (38ms)
			AfterProcessingInitializeOnLoad (4ms)
			EditorAssembliesLoaded (0ms)
		ExecutionOrderSort2 (0ms)
		AwakeInstancesAfterBackupRestoration (10ms)
Refreshing native plugins compatible for Editor in 0.78 ms, found 3 plugins.
Preloading 0 native plugins for Editor in 0.00 ms.
Unloading 13 Unused Serialized files (Serialized files now loaded: 0)
Unloading 6149 unused Assets / (3.8 MB). Loaded Objects now: 7026.
Memory consumption went from 149.6 MB to 145.8 MB.
Total: 5.784400 ms (FindLiveObjects: 0.622100 ms CreateObjectMapping: 0.207100 ms MarkObjects: 3.135800 ms  DeleteObjects: 1.818800 ms)

Prepare: number of updated asset objects reloaded= 0
========================================================================
Received Prepare
Refreshing native plugins compatible for Editor in 0.84 ms, found 3 plugins.
Preloading 0 native plugins for Editor in 0.00 ms.
Unloading 13 Unused Serialized files (Serialized files now loaded: 0)
Unloading 6143 unused Assets / (3.7 MB). Loaded Objects now: 7026.
Memory consumption went from 149.8 MB to 146.0 MB.
Total: 7.804800 ms (FindLiveObjects: 0.656900 ms CreateObjectMapping: 0.277400 ms MarkObjects: 4.804900 ms  DeleteObjects: 2.064400 ms)

Prepare: number of updated asset objects reloaded= 0
========================================================================
Received Prepare
Begin MonoManager ReloadAssembly
- Loaded All Assemblies, in  0.578 seconds
Refreshing native plugins compatible for Editor in 0.74 ms, found 3 plugins.
Native extension for WindowsStandalone target not found
[Package Manager] Failed to launch server process. Reason: Unity was launched with the -noUpm command-line argument
[Package Manager] Unable to send message (not connected to server process).
[Package Manager] Cannot connect to Unity Package Manager local server
Mono: successfully reloaded assembly
- Finished resetting the current domain, in  0.540 seconds
Domain Reload Profiling: 1119ms
	BeginReloadAssembly (169ms)
		ExecutionOrderSort (0ms)
		DisableScriptedObjects (4ms)
		BackupInstance (0ms)
		ReleaseScriptingObjects (0ms)
		CreateAndSetChildDomain (44ms)
	RebuildCommonClasses (33ms)
	RebuildNativeTypeToScriptingClass (11ms)
	initialDomainReloadingComplete (21ms)
	LoadAllAssembliesAndSetupDomain (343ms)
		LoadAssemblies (264ms)
		RebuildTransferFunctionScriptingTraits (0ms)
		AnalyzeDomain (151ms)
			TypeCache.Refresh (9ms)
				TypeCache.ScanAssembly (0ms)
			BuildScriptInfoCaches (133ms)
			ResolveRequiredComponents (7ms)
	FinalizeReload (541ms)
		ReleaseScriptCaches (0ms)
		RebuildScriptCaches (0ms)
		SetupLoadedEditorAssemblies (425ms)
			LogAssemblyErrors (0ms)
			InitializePlatformSupportModulesInManaged (2ms)
			SetLoadedEditorAssemblies (3ms)
			BeforeProcessingInitializeOnLoad (105ms)
			ProcessInitializeOnLoadAttributes (260ms)
			ProcessInitializeOnLoadMethodAttributes (49ms)
			AfterProcessingInitializeOnLoad (6ms)
			EditorAssembliesLoaded (0ms)
		ExecutionOrderSort2 (0ms)
		AwakeInstancesAfterBackupRestoration (14ms)
Refreshing native plugins compatible for Editor in 0.76 ms, found 3 plugins.
Preloading 0 native plugins for Editor in 0.00 ms.
Unloading 13 Unused Serialized files (Serialized files now loaded: 0)
Unloading 6149 unused Assets / (3.6 MB). Loaded Objects now: 7029.
Memory consumption went from 149.6 MB to 146.0 MB.
Total: 6.322100 ms (FindLiveObjects: 0.889800 ms CreateObjectMapping: 0.219000 ms MarkObjects: 3.567600 ms  DeleteObjects: 1.645400 ms)

Prepare: number of updated asset objects reloaded= 0
========================================================================
Received Prepare
Refreshing native plugins compatible for Editor in 0.74 ms, found 3 plugins.
Preloading 0 native plugins for Editor in 0.00 ms.
Unloading 13 Unused Serialized files (Serialized files now loaded: 0)
Unloading 6143 unused Assets / (4.0 MB). Loaded Objects now: 7029.
Memory consumption went from 149.8 MB to 145.8 MB.
Total: 8.315700 ms (FindLiveObjects: 0.944000 ms CreateObjectMapping: 0.498400 ms MarkObjects: 4.824800 ms  DeleteObjects: 2.047800 ms)

Prepare: number of updated asset objects reloaded= 0
========================================================================
Received Prepare
Begin MonoManager ReloadAssembly
- Loaded All Assemblies, in  0.648 seconds
Refreshing native plugins compatible for Editor in 0.99 ms, found 3 plugins.
Native extension for WindowsStandalone target not found
[Package Manager] Failed to launch server process. Reason: Unity was launched with the -noUpm command-line argument
[Package Manager] Unable to send message (not connected to server process).
[Package Manager] Cannot connect to Unity Package Manager local server
Mono: successfully reloaded assembly
- Finished resetting the current domain, in  0.599 seconds
Domain Reload Profiling: 1247ms
	BeginReloadAssembly (187ms)
		ExecutionOrderSort (0ms)
		DisableScriptedObjects (6ms)
		BackupInstance (0ms)
		ReleaseScriptingObjects (0ms)
		CreateAndSetChildDomain (48ms)
	RebuildCommonClasses (35ms)
	RebuildNativeTypeToScriptingClass (14ms)
	initialDomainReloadingComplete (28ms)
	LoadAllAssembliesAndSetupDomain (384ms)
		LoadAssemblies (284ms)
		RebuildTransferFunctionScriptingTraits (0ms)
		AnalyzeDomain (176ms)
			TypeCache.Refresh (7ms)
				TypeCache.ScanAssembly (0ms)
			BuildScriptInfoCaches (154ms)
			ResolveRequiredComponents (11ms)
	FinalizeReload (599ms)
		ReleaseScriptCaches (0ms)
		RebuildScriptCaches (0ms)
		SetupLoadedEditorAssemblies (469ms)
			LogAssemblyErrors (0ms)
			InitializePlatformSupportModulesInManaged (2ms)
			SetLoadedEditorAssemblies (3ms)
			BeforeProcessingInitializeOnLoad (102ms)
			ProcessInitializeOnLoadAttributes (315ms)
			ProcessInitializeOnLoadMethodAttributes (41ms)
			AfterProcessingInitializeOnLoad (6ms)
			EditorAssembliesLoaded (0ms)
		ExecutionOrderSort2 (0ms)
		AwakeInstancesAfterBackupRestoration (14ms)
Refreshing native plugins compatible for Editor in 0.98 ms, found 3 plugins.
Preloading 0 native plugins for Editor in 0.00 ms.
Unloading 13 Unused Serialized files (Serialized files now loaded: 0)
Unloading 6149 unused Assets / (3.8 MB). Loaded Objects now: 7032.
Memory consumption went from 149.7 MB to 145.8 MB.
Total: 5.352800 ms (FindLiveObjects: 0.605000 ms CreateObjectMapping: 0.197200 ms MarkObjects: 3.069100 ms  DeleteObjects: 1.481000 ms)

Prepare: number of updated asset objects reloaded= 0
========================================================================
Received Prepare
Begin MonoManager ReloadAssembly
- Loaded All Assemblies, in  0.485 seconds
Refreshing native plugins compatible for Editor in 0.86 ms, found 3 plugins.
Native extension for WindowsStandalone target not found
[Package Manager] Failed to launch server process. Reason: Unity was launched with the -noUpm command-line argument
[Package Manager] Unable to send message (not connected to server process).
[Package Manager] Cannot connect to Unity Package Manager local server
Mono: successfully reloaded assembly
- Finished resetting the current domain, in  0.459 seconds
Domain Reload Profiling: 944ms
	BeginReloadAssembly (144ms)
		ExecutionOrderSort (0ms)
		DisableScriptedObjects (4ms)
		BackupInstance (0ms)
		ReleaseScriptingObjects (0ms)
		CreateAndSetChildDomain (37ms)
	RebuildCommonClasses (24ms)
	RebuildNativeTypeToScriptingClass (8ms)
	initialDomainReloadingComplete (19ms)
	LoadAllAssembliesAndSetupDomain (291ms)
		LoadAssemblies (223ms)
		RebuildTransferFunctionScriptingTraits (0ms)
		AnalyzeDomain (129ms)
			TypeCache.Refresh (4ms)
				TypeCache.ScanAssembly (0ms)
			BuildScriptInfoCaches (115ms)
			ResolveRequiredComponents (7ms)
	FinalizeReload (459ms)
		ReleaseScriptCaches (0ms)
		RebuildScriptCaches (0ms)
		SetupLoadedEditorAssemblies (352ms)
			LogAssemblyErrors (0ms)
			InitializePlatformSupportModulesInManaged (2ms)
			SetLoadedEditorAssemblies (4ms)
			BeforeProcessingInitializeOnLoad (74ms)
			ProcessInitializeOnLoadAttributes (234ms)
			ProcessInitializeOnLoadMethodAttributes (35ms)
			AfterProcessingInitializeOnLoad (4ms)
			EditorAssembliesLoaded (0ms)
		ExecutionOrderSort2 (0ms)
		AwakeInstancesAfterBackupRestoration (11ms)
Refreshing native plugins compatible for Editor in 0.80 ms, found 3 plugins.
Preloading 0 native plugins for Editor in 0.00 ms.
Unloading 13 Unused Serialized files (Serialized files now loaded: 0)
Unloading 6149 unused Assets / (4.1 MB). Loaded Objects now: 7035.
Memory consumption went from 149.7 MB to 145.6 MB.
Total: 6.430900 ms (FindLiveObjects: 0.633100 ms CreateObjectMapping: 0.235700 ms MarkObjects: 3.703000 ms  DeleteObjects: 1.858400 ms)

Prepare: number of updated asset objects reloaded= 0
========================================================================
Received Prepare
Begin MonoManager ReloadAssembly
[Licensing::Client] Successfully resolved entitlement details
- Loaded All Assemblies, in  0.489 seconds
Refreshing native plugins compatible for Editor in 0.66 ms, found 3 plugins.
Native extension for WindowsStandalone target not found
[Package Manager] Failed to launch server process. Reason: Unity was launched with the -noUpm command-line argument
[Package Manager] Unable to send message (not connected to server process).
[Package Manager] Cannot connect to Unity Package Manager local server
Mono: successfully reloaded assembly
- Finished resetting the current domain, in  0.444 seconds
Domain Reload Profiling: 933ms
	BeginReloadAssembly (150ms)
		ExecutionOrderSort (0ms)
		DisableScriptedObjects (5ms)
		BackupInstance (0ms)
		ReleaseScriptingObjects (0ms)
		CreateAndSetChildDomain (42ms)
	RebuildCommonClasses (23ms)
	RebuildNativeTypeToScriptingClass (11ms)
	initialDomainReloadingComplete (19ms)
	LoadAllAssembliesAndSetupDomain (286ms)
		LoadAssemblies (218ms)
		RebuildTransferFunctionScriptingTraits (0ms)
		AnalyzeDomain (128ms)
			TypeCache.Refresh (5ms)
				TypeCache.ScanAssembly (0ms)
			BuildScriptInfoCaches (114ms)
			ResolveRequiredComponents (7ms)
	FinalizeReload (444ms)
		ReleaseScriptCaches (0ms)
		RebuildScriptCaches (0ms)
		SetupLoadedEditorAssemblies (342ms)
			LogAssemblyErrors (0ms)
			InitializePlatformSupportModulesInManaged (2ms)
			SetLoadedEditorAssemblies (4ms)
			BeforeProcessingInitializeOnLoad (76ms)
			ProcessInitializeOnLoadAttributes (224ms)
			ProcessInitializeOnLoadMethodAttributes (33ms)
			AfterProcessingInitializeOnLoad (4ms)
			EditorAssembliesLoaded (0ms)
		ExecutionOrderSort2 (0ms)
		AwakeInstancesAfterBackupRestoration (10ms)
Refreshing native plugins compatible for Editor in 0.78 ms, found 3 plugins.
Preloading 0 native plugins for Editor in 0.00 ms.
Unloading 13 Unused Serialized files (Serialized files now loaded: 0)
Unloading 6149 unused Assets / (4.6 MB). Loaded Objects now: 7038.
Memory consumption went from 149.7 MB to 145.1 MB.
Total: 8.164500 ms (FindLiveObjects: 0.873400 ms CreateObjectMapping: 0.325700 ms MarkObjects: 4.570100 ms  DeleteObjects: 2.394500 ms)

Prepare: number of updated asset objects reloaded= 0
========================================================================
Received Prepare
Begin MonoManager ReloadAssembly
[Licensing::Client] Successfully resolved entitlement details
- Loaded All Assemblies, in  0.479 seconds
Refreshing native plugins compatible for Editor in 0.77 ms, found 3 plugins.
Native extension for WindowsStandalone target not found
[Package Manager] Failed to launch server process. Reason: Unity was launched with the -noUpm command-line argument
[Package Manager] Unable to send message (not connected to server process).
[Package Manager] Cannot connect to Unity Package Manager local server
Mono: successfully reloaded assembly
- Finished resetting the current domain, in  0.446 seconds
Domain Reload Profiling: 925ms
	BeginReloadAssembly (150ms)
		ExecutionOrderSort (0ms)
		DisableScriptedObjects (4ms)
		BackupInstance (0ms)
		ReleaseScriptingObjects (0ms)
		CreateAndSetChildDomain (40ms)
	RebuildCommonClasses (23ms)
	RebuildNativeTypeToScriptingClass (9ms)
	initialDomainReloadingComplete (20ms)
	LoadAllAssembliesAndSetupDomain (277ms)
		LoadAssemblies (223ms)
		RebuildTransferFunctionScriptingTraits (0ms)
		AnalyzeDomain (116ms)
			TypeCache.Refresh (4ms)
				TypeCache.ScanAssembly (0ms)
			BuildScriptInfoCaches (103ms)
			ResolveRequiredComponents (7ms)
	FinalizeReload (447ms)
		ReleaseScriptCaches (0ms)
		RebuildScriptCaches (0ms)
		SetupLoadedEditorAssemblies (350ms)
			LogAssemblyErrors (0ms)
			InitializePlatformSupportModulesInManaged (2ms)
			SetLoadedEditorAssemblies (4ms)
			BeforeProcessingInitializeOnLoad (73ms)
			ProcessInitializeOnLoadAttributes (232ms)
			ProcessInitializeOnLoadMethodAttributes (34ms)
			AfterProcessingInitializeOnLoad (4ms)
			EditorAssembliesLoaded (0ms)
		ExecutionOrderSort2 (0ms)
		AwakeInstancesAfterBackupRestoration (11ms)
Refreshing native plugins compatible for Editor in 0.94 ms, found 3 plugins.
Preloading 0 native plugins for Editor in 0.00 ms.
Unloading 13 Unused Serialized files (Serialized files now loaded: 0)
Unloading 6149 unused Assets / (3.9 MB). Loaded Objects now: 7041.
Memory consumption went from 149.8 MB to 145.8 MB.
Total: 6.825300 ms (FindLiveObjects: 0.834800 ms CreateObjectMapping: 0.388700 ms MarkObjects: 3.759300 ms  DeleteObjects: 1.841900 ms)

Prepare: number of updated asset objects reloaded= 0
========================================================================
Received Prepare
Begin MonoManager ReloadAssembly
[Licensing::Client] Successfully resolved entitlement details
- Loaded All Assemblies, in  0.468 seconds
Refreshing native plugins compatible for Editor in 0.88 ms, found 3 plugins.
Native extension for WindowsStandalone target not found
[Package Manager] Failed to launch server process. Reason: Unity was launched with the -noUpm command-line argument
[Package Manager] Unable to send message (not connected to server process).
[Package Manager] Cannot connect to Unity Package Manager local server
Mono: successfully reloaded assembly
- Finished resetting the current domain, in  0.434 seconds
Domain Reload Profiling: 902ms
	BeginReloadAssembly (144ms)
		ExecutionOrderSort (0ms)
		DisableScriptedObjects (4ms)
		BackupInstance (0ms)
		ReleaseScriptingObjects (0ms)
		CreateAndSetChildDomain (36ms)
	RebuildCommonClasses (22ms)
	RebuildNativeTypeToScriptingClass (8ms)
	initialDomainReloadingComplete (20ms)
	LoadAllAssembliesAndSetupDomain (273ms)
		LoadAssemblies (211ms)
		RebuildTransferFunctionScriptingTraits (0ms)
		AnalyzeDomain (119ms)
			TypeCache.Refresh (4ms)
				TypeCache.ScanAssembly (0ms)
			BuildScriptInfoCaches (105ms)
			ResolveRequiredComponents (7ms)
	FinalizeReload (434ms)
		ReleaseScriptCaches (0ms)
		RebuildScriptCaches (0ms)
		SetupLoadedEditorAssemblies (340ms)
			LogAssemblyErrors (0ms)
			InitializePlatformSupportModulesInManaged (2ms)
			SetLoadedEditorAssemblies (4ms)
			BeforeProcessingInitializeOnLoad (75ms)
			ProcessInitializeOnLoadAttributes (223ms)
			ProcessInitializeOnLoadMethodAttributes (33ms)
			AfterProcessingInitializeOnLoad (4ms)
			EditorAssembliesLoaded (0ms)
		ExecutionOrderSort2 (0ms)
		AwakeInstancesAfterBackupRestoration (10ms)
Refreshing native plugins compatible for Editor in 0.90 ms, found 3 plugins.
Preloading 0 native plugins for Editor in 0.00 ms.
Unloading 13 Unused Serialized files (Serialized files now loaded: 0)
Unloading 6149 unused Assets / (3.9 MB). Loaded Objects now: 7044.
Memory consumption went from 149.8 MB to 146.0 MB.
Total: 7.296100 ms (FindLiveObjects: 0.823600 ms CreateObjectMapping: 0.390800 ms MarkObjects: 4.176400 ms  DeleteObjects: 1.904300 ms)

Prepare: number of updated asset objects reloaded= 0
========================================================================
Received Prepare
Refreshing native plugins compatible for Editor in 0.80 ms, found 3 plugins.
Preloading 0 native plugins for Editor in 0.00 ms.
Unloading 13 Unused Serialized files (Serialized files now loaded: 0)
Unloading 6143 unused Assets / (3.8 MB). Loaded Objects now: 7044.
Memory consumption went from 150.0 MB to 146.2 MB.
Total: 7.493400 ms (FindLiveObjects: 0.646300 ms CreateObjectMapping: 0.249800 ms MarkObjects: 4.433700 ms  DeleteObjects: 2.163300 ms)

Prepare: number of updated asset objects reloaded= 0
========================================================================
Received Prepare
Begin MonoManager ReloadAssembly
[Licensing::Client] Successfully resolved entitlement details
- Loaded All Assemblies, in  0.617 seconds
Refreshing native plugins compatible for Editor in 0.68 ms, found 3 plugins.
Native extension for WindowsStandalone target not found
[Package Manager] Failed to launch server process. Reason: Unity was launched with the -noUpm command-line argument
[Package Manager] Unable to send message (not connected to server process).
[Package Manager] Cannot connect to Unity Package Manager local server
Mono: successfully reloaded assembly
- Finished resetting the current domain, in  0.453 seconds
Domain Reload Profiling: 1071ms
	BeginReloadAssembly (172ms)
		ExecutionOrderSort (0ms)
		DisableScriptedObjects (5ms)
		BackupInstance (0ms)
		ReleaseScriptingObjects (0ms)
		CreateAndSetChildDomain (43ms)
	RebuildCommonClasses (32ms)
	RebuildNativeTypeToScriptingClass (13ms)
	initialDomainReloadingComplete (26ms)
	LoadAllAssembliesAndSetupDomain (374ms)
		LoadAssemblies (278ms)
		RebuildTransferFunctionScriptingTraits (0ms)
		AnalyzeDomain (169ms)
			TypeCache.Refresh (8ms)
				TypeCache.ScanAssembly (0ms)
			BuildScriptInfoCaches (147ms)
			ResolveRequiredComponents (10ms)
	FinalizeReload (454ms)
		ReleaseScriptCaches (0ms)
		RebuildScriptCaches (0ms)
		SetupLoadedEditorAssemblies (350ms)
			LogAssemblyErrors (0ms)
			InitializePlatformSupportModulesInManaged (2ms)
			SetLoadedEditorAssemblies (4ms)
			BeforeProcessingInitializeOnLoad (78ms)
			ProcessInitializeOnLoadAttributes (229ms)
			ProcessInitializeOnLoadMethodAttributes (33ms)
			AfterProcessingInitializeOnLoad (4ms)
			EditorAssembliesLoaded (0ms)
		ExecutionOrderSort2 (0ms)
		AwakeInstancesAfterBackupRestoration (10ms)
Refreshing native plugins compatible for Editor in 0.72 ms, found 3 plugins.
Preloading 0 native plugins for Editor in 0.00 ms.
Unloading 13 Unused Serialized files (Serialized files now loaded: 0)
Unloading 6149 unused Assets / (3.8 MB). Loaded Objects now: 7047.
Memory consumption went from 149.7 MB to 146.0 MB.
Total: 5.654400 ms (FindLiveObjects: 0.644400 ms CreateObjectMapping: 0.220100 ms MarkObjects: 3.321100 ms  DeleteObjects: 1.468100 ms)

Prepare: number of updated asset objects reloaded= 0
========================================================================
Received Prepare
Begin MonoManager ReloadAssembly
- Loaded All Assemblies, in  0.470 seconds
Refreshing native plugins compatible for Editor in 0.84 ms, found 3 plugins.
Native extension for WindowsStandalone target not found
[Package Manager] Failed to launch server process. Reason: Unity was launched with the -noUpm command-line argument
[Package Manager] Unable to send message (not connected to server process).
[Package Manager] Cannot connect to Unity Package Manager local server
Mono: successfully reloaded assembly
- Finished resetting the current domain, in  0.461 seconds
Domain Reload Profiling: 932ms
	BeginReloadAssembly (135ms)
		ExecutionOrderSort (0ms)
		DisableScriptedObjects (4ms)
		BackupInstance (0ms)
		ReleaseScriptingObjects (0ms)
		CreateAndSetChildDomain (35ms)
	RebuildCommonClasses (31ms)
	RebuildNativeTypeToScriptingClass (9ms)
	initialDomainReloadingComplete (19ms)
	LoadAllAssembliesAndSetupDomain (276ms)
		LoadAssemblies (215ms)
		RebuildTransferFunctionScriptingTraits (0ms)
		AnalyzeDomain (117ms)
			TypeCache.Refresh (4ms)
				TypeCache.ScanAssembly (0ms)
			BuildScriptInfoCaches (103ms)
			ResolveRequiredComponents (7ms)
	FinalizeReload (461ms)
		ReleaseScriptCaches (0ms)
		RebuildScriptCaches (0ms)
		SetupLoadedEditorAssemblies (350ms)
			LogAssemblyErrors (0ms)
			InitializePlatformSupportModulesInManaged (1ms)
			SetLoadedEditorAssemblies (4ms)
			BeforeProcessingInitializeOnLoad (76ms)
			ProcessInitializeOnLoadAttributes (231ms)
			ProcessInitializeOnLoadMethodAttributes (34ms)
			AfterProcessingInitializeOnLoad (4ms)
			EditorAssembliesLoaded (0ms)
		ExecutionOrderSort2 (0ms)
		AwakeInstancesAfterBackupRestoration (10ms)
Refreshing native plugins compatible for Editor in 1.05 ms, found 3 plugins.
Preloading 0 native plugins for Editor in 0.00 ms.
Unloading 13 Unused Serialized files (Serialized files now loaded: 0)
Unloading 6149 unused Assets / (4.0 MB). Loaded Objects now: 7050.
Memory consumption went from 149.8 MB to 145.8 MB.
Total: 6.646800 ms (FindLiveObjects: 0.666700 ms CreateObjectMapping: 0.250900 ms MarkObjects: 3.753800 ms  DeleteObjects: 1.974500 ms)

Prepare: number of updated asset objects reloaded= 0
========================================================================
Received Prepare
Begin MonoManager ReloadAssembly
[Licensing::Client] Successfully resolved entitlement details
- Loaded All Assemblies, in  0.461 seconds
Refreshing native plugins compatible for Editor in 0.70 ms, found 3 plugins.
Native extension for WindowsStandalone target not found
[Package Manager] Failed to launch server process. Reason: Unity was launched with the -noUpm command-line argument
[Package Manager] Unable to send message (not connected to server process).
[Package Manager] Cannot connect to Unity Package Manager local server
Mono: successfully reloaded assembly
- Finished resetting the current domain, in  0.453 seconds
Domain Reload Profiling: 915ms
	BeginReloadAssembly (146ms)
		ExecutionOrderSort (0ms)
		DisableScriptedObjects (5ms)
		BackupInstance (0ms)
		ReleaseScriptingObjects (0ms)
		CreateAndSetChildDomain (37ms)
	RebuildCommonClasses (23ms)
	RebuildNativeTypeToScriptingClass (9ms)
	initialDomainReloadingComplete (19ms)
	LoadAllAssembliesAndSetupDomain (265ms)
		LoadAssemblies (209ms)
		RebuildTransferFunctionScriptingTraits (0ms)
		AnalyzeDomain (116ms)
			TypeCache.Refresh (4ms)
				TypeCache.ScanAssembly (0ms)
			BuildScriptInfoCaches (103ms)
			ResolveRequiredComponents (7ms)
	FinalizeReload (454ms)
		ReleaseScriptCaches (0ms)
		RebuildScriptCaches (0ms)
		SetupLoadedEditorAssemblies (350ms)
			LogAssemblyErrors (0ms)
			InitializePlatformSupportModulesInManaged (2ms)
			SetLoadedEditorAssemblies (4ms)
			BeforeProcessingInitializeOnLoad (75ms)
			ProcessInitializeOnLoadAttributes (230ms)
			ProcessInitializeOnLoadMethodAttributes (34ms)
			AfterProcessingInitializeOnLoad (5ms)
			EditorAssembliesLoaded (0ms)
		ExecutionOrderSort2 (0ms)
		AwakeInstancesAfterBackupRestoration (11ms)
Refreshing native plugins compatible for Editor in 0.80 ms, found 3 plugins.
Preloading 0 native plugins for Editor in 0.00 ms.
Unloading 13 Unused Serialized files (Serialized files now loaded: 0)
Unloading 6149 unused Assets / (4.0 MB). Loaded Objects now: 7053.
Memory consumption went from 149.8 MB to 145.8 MB.
Total: 6.182000 ms (FindLiveObjects: 0.606100 ms CreateObjectMapping: 0.224300 ms MarkObjects: 3.725400 ms  DeleteObjects: 1.625700 ms)

Prepare: number of updated asset objects reloaded= 0
========================================================================
Received Prepare
Refreshing native plugins compatible for Editor in 0.82 ms, found 3 plugins.
Preloading 0 native plugins for Editor in 0.00 ms.
Unloading 13 Unused Serialized files (Serialized files now loaded: 0)
Unloading 6143 unused Assets / (3.4 MB). Loaded Objects now: 7053.
Memory consumption went from 150.0 MB to 146.6 MB.
Total: 7.287000 ms (FindLiveObjects: 0.641600 ms CreateObjectMapping: 0.243100 ms MarkObjects: 4.755500 ms  DeleteObjects: 1.646300 ms)

Prepare: number of updated asset objects reloaded= 0
========================================================================
Received Prepare
Begin MonoManager ReloadAssembly
[Licensing::Client] Successfully resolved entitlement details
- Loaded All Assemblies, in  0.583 seconds
Refreshing native plugins compatible for Editor in 1.15 ms, found 3 plugins.
Native extension for WindowsStandalone target not found
[Package Manager] Failed to launch server process. Reason: Unity was launched with the -noUpm command-line argument
[Package Manager] Unable to send message (not connected to server process).
[Package Manager] Cannot connect to Unity Package Manager local server
Mono: successfully reloaded assembly
- Finished resetting the current domain, in  0.542 seconds
Domain Reload Profiling: 1125ms
	BeginReloadAssembly (169ms)
		ExecutionOrderSort (0ms)
		DisableScriptedObjects (6ms)
		BackupInstance (0ms)
		ReleaseScriptingObjects (0ms)
		CreateAndSetChildDomain (43ms)
	RebuildCommonClasses (33ms)
	RebuildNativeTypeToScriptingClass (13ms)
	initialDomainReloadingComplete (20ms)
	LoadAllAssembliesAndSetupDomain (347ms)
		LoadAssemblies (254ms)
		RebuildTransferFunctionScriptingTraits (0ms)
		AnalyzeDomain (159ms)
			TypeCache.Refresh (6ms)
				TypeCache.ScanAssembly (0ms)
			BuildScriptInfoCaches (142ms)
			ResolveRequiredComponents (8ms)
	FinalizeReload (542ms)
		ReleaseScriptCaches (0ms)
		RebuildScriptCaches (0ms)
		SetupLoadedEditorAssemblies (424ms)
			LogAssemblyErrors (0ms)
			InitializePlatformSupportModulesInManaged (1ms)
			SetLoadedEditorAssemblies (4ms)
			BeforeProcessingInitializeOnLoad (103ms)
			ProcessInitializeOnLoadAttributes (270ms)
			ProcessInitializeOnLoadMethodAttributes (39ms)
			AfterProcessingInitializeOnLoad (6ms)
			EditorAssembliesLoaded (1ms)
		ExecutionOrderSort2 (0ms)
		AwakeInstancesAfterBackupRestoration (13ms)
Refreshing native plugins compatible for Editor in 0.57 ms, found 3 plugins.
Preloading 0 native plugins for Editor in 0.00 ms.
Unloading 13 Unused Serialized files (Serialized files now loaded: 0)
Unloading 6149 unused Assets / (3.7 MB). Loaded Objects now: 7056.
Memory consumption went from 149.9 MB to 146.2 MB.
Total: 6.217200 ms (FindLiveObjects: 0.654500 ms CreateObjectMapping: 0.258100 ms MarkObjects: 3.597200 ms  DeleteObjects: 1.706900 ms)

Prepare: number of updated asset objects reloaded= 0
========================================================================
Received Prepare
Refreshing native plugins compatible for Editor in 0.64 ms, found 3 plugins.
Preloading 0 native plugins for Editor in 0.00 ms.
Unloading 13 Unused Serialized files (Serialized files now loaded: 0)
Unloading 6143 unused Assets / (4.2 MB). Loaded Objects now: 7056.
Memory consumption went from 150.0 MB to 145.8 MB.
Total: 6.294600 ms (FindLiveObjects: 0.633000 ms CreateObjectMapping: 0.229700 ms MarkObjects: 3.501500 ms  DeleteObjects: 1.929700 ms)

Prepare: number of updated asset objects reloaded= 0
========================================================================
Received Prepare
Begin MonoManager ReloadAssembly
[Licensing::Client] Successfully resolved entitlement details
- Loaded All Assemblies, in  0.593 seconds
Refreshing native plugins compatible for Editor in 0.70 ms, found 3 plugins.
Native extension for WindowsStandalone target not found
[Package Manager] Failed to launch server process. Reason: Unity was launched with the -noUpm command-line argument
[Package Manager] Unable to send message (not connected to server process).
[Package Manager] Cannot connect to Unity Package Manager local server
Mono: successfully reloaded assembly
- Finished resetting the current domain, in  0.513 seconds
Domain Reload Profiling: 1108ms
	BeginReloadAssembly (168ms)
		ExecutionOrderSort (0ms)
		DisableScriptedObjects (5ms)
		BackupInstance (0ms)
		ReleaseScriptingObjects (0ms)
		CreateAndSetChildDomain (38ms)
	RebuildCommonClasses (29ms)
	RebuildNativeTypeToScriptingClass (9ms)
	initialDomainReloadingComplete (27ms)
	LoadAllAssembliesAndSetupDomain (362ms)
		LoadAssemblies (266ms)
		RebuildTransferFunctionScriptingTraits (0ms)
		AnalyzeDomain (167ms)
			TypeCache.Refresh (8ms)
				TypeCache.ScanAssembly (0ms)
			BuildScriptInfoCaches (147ms)
			ResolveRequiredComponents (9ms)
	FinalizeReload (513ms)
		ReleaseScriptCaches (0ms)
		RebuildScriptCaches (0ms)
		SetupLoadedEditorAssemblies (394ms)
			LogAssemblyErrors (0ms)
			InitializePlatformSupportModulesInManaged (2ms)
			SetLoadedEditorAssemblies (5ms)
			BeforeProcessingInitializeOnLoad (102ms)
			ProcessInitializeOnLoadAttributes (247ms)
			ProcessInitializeOnLoadMethodAttributes (34ms)
			AfterProcessingInitializeOnLoad (4ms)
			EditorAssembliesLoaded (0ms)
		ExecutionOrderSort2 (0ms)
		AwakeInstancesAfterBackupRestoration (15ms)
Refreshing native plugins compatible for Editor in 0.76 ms, found 3 plugins.
Preloading 0 native plugins for Editor in 0.00 ms.
Unloading 13 Unused Serialized files (Serialized files now loaded: 0)
Unloading 6149 unused Assets / (4.1 MB). Loaded Objects now: 7059.
Memory consumption went from 149.9 MB to 145.8 MB.
Total: 6.735000 ms (FindLiveObjects: 0.640400 ms CreateObjectMapping: 0.601600 ms MarkObjects: 3.394600 ms  DeleteObjects: 2.097800 ms)

Prepare: number of updated asset objects reloaded= 0
========================================================================
Received Prepare
Begin MonoManager ReloadAssembly
- Loaded All Assemblies, in  0.470 seconds
Refreshing native plugins compatible for Editor in 1.21 ms, found 3 plugins.
Native extension for WindowsStandalone target not found
[Package Manager] Failed to launch server process. Reason: Unity was launched with the -noUpm command-line argument
[Package Manager] Unable to send message (not connected to server process).
[Package Manager] Cannot connect to Unity Package Manager local server
Mono: successfully reloaded assembly
- Finished resetting the current domain, in  0.443 seconds
Domain Reload Profiling: 914ms
	BeginReloadAssembly (140ms)
		ExecutionOrderSort (0ms)
		DisableScriptedObjects (5ms)
		BackupInstance (0ms)
		ReleaseScriptingObjects (0ms)
		CreateAndSetChildDomain (36ms)
	RebuildCommonClasses (23ms)
	RebuildNativeTypeToScriptingClass (8ms)
	initialDomainReloadingComplete (22ms)
	LoadAllAssembliesAndSetupDomain (276ms)
		LoadAssemblies (218ms)
		RebuildTransferFunctionScriptingTraits (0ms)
		AnalyzeDomain (116ms)
			TypeCache.Refresh (5ms)
				TypeCache.ScanAssembly (0ms)
			BuildScriptInfoCaches (101ms)
			ResolveRequiredComponents (7ms)
	FinalizeReload (443ms)
		ReleaseScriptCaches (0ms)
		RebuildScriptCaches (0ms)
		SetupLoadedEditorAssemblies (343ms)
			LogAssemblyErrors (0ms)
			InitializePlatformSupportModulesInManaged (2ms)
			SetLoadedEditorAssemblies (4ms)
			BeforeProcessingInitializeOnLoad (75ms)
			ProcessInitializeOnLoadAttributes (223ms)
			ProcessInitializeOnLoadMethodAttributes (32ms)
			AfterProcessingInitializeOnLoad (6ms)
			EditorAssembliesLoaded (0ms)
		ExecutionOrderSort2 (0ms)
		AwakeInstancesAfterBackupRestoration (12ms)
Refreshing native plugins compatible for Editor in 0.60 ms, found 3 plugins.
Preloading 0 native plugins for Editor in 0.00 ms.
Unloading 13 Unused Serialized files (Serialized files now loaded: 0)
Unloading 6149 unused Assets / (4.1 MB). Loaded Objects now: 7062.
Memory consumption went from 149.9 MB to 145.9 MB.
Total: 6.197500 ms (FindLiveObjects: 0.620300 ms CreateObjectMapping: 0.206200 ms MarkObjects: 3.414100 ms  DeleteObjects: 1.956500 ms)

Prepare: number of updated asset objects reloaded= 0
========================================================================
Received Prepare
Begin MonoManager ReloadAssembly
- Loaded All Assemblies, in  0.472 seconds
Refreshing native plugins compatible for Editor in 0.58 ms, found 3 plugins.
Native extension for WindowsStandalone target not found
[Package Manager] Failed to launch server process. Reason: Unity was launched with the -noUpm command-line argument
[Package Manager] Unable to send message (not connected to server process).
[Package Manager] Cannot connect to Unity Package Manager local server
Mono: successfully reloaded assembly
- Finished resetting the current domain, in  0.444 seconds
Domain Reload Profiling: 917ms
	BeginReloadAssembly (149ms)
		ExecutionOrderSort (0ms)
		DisableScriptedObjects (4ms)
		BackupInstance (0ms)
		ReleaseScriptingObjects (0ms)
		CreateAndSetChildDomain (41ms)
	RebuildCommonClasses (22ms)
	RebuildNativeTypeToScriptingClass (8ms)
	initialDomainReloadingComplete (19ms)
	LoadAllAssembliesAndSetupDomain (273ms)
		LoadAssemblies (215ms)
		RebuildTransferFunctionScriptingTraits (0ms)
		AnalyzeDomain (118ms)
			TypeCache.Refresh (4ms)
				TypeCache.ScanAssembly (0ms)
			BuildScriptInfoCaches (104ms)
			ResolveRequiredComponents (7ms)
	FinalizeReload (444ms)
		ReleaseScriptCaches (0ms)
		RebuildScriptCaches (0ms)
		SetupLoadedEditorAssemblies (345ms)
			LogAssemblyErrors (0ms)
			InitializePlatformSupportModulesInManaged (2ms)
			SetLoadedEditorAssemblies (4ms)
			BeforeProcessingInitializeOnLoad (78ms)
			ProcessInitializeOnLoadAttributes (228ms)
			ProcessInitializeOnLoadMethodAttributes (30ms)
			AfterProcessingInitializeOnLoad (4ms)
			EditorAssembliesLoaded (0ms)
		ExecutionOrderSort2 (0ms)
		AwakeInstancesAfterBackupRestoration (11ms)
Refreshing native plugins compatible for Editor in 0.55 ms, found 3 plugins.
Preloading 0 native plugins for Editor in 0.00 ms.
Unloading 13 Unused Serialized files (Serialized files now loaded: 0)
Unloading 6149 unused Assets / (3.7 MB). Loaded Objects now: 7065.
Memory consumption went from 150.0 MB to 146.2 MB.
Total: 5.584900 ms (FindLiveObjects: 0.635400 ms CreateObjectMapping: 0.235700 ms MarkObjects: 3.271300 ms  DeleteObjects: 1.442000 ms)

Prepare: number of updated asset objects reloaded= 0
